sourcePostId,sourceUrl,publishedAt,origin,brand,model,year,trim,mileage,engine,powerHp,consumption,transmission,drive,safety,interior,damage,vin,auctionDate,estimatedBidUsd,priceRub,customsRub,lot,calculationDate,photos,rawText
65,https://t.me/AutoWorld_Georgia/65,2025-09-01T04:10:38+00:00,,Volkswagen,Tiguan,2021,,"30 тыс.миль, полный привод 4WD. Стильный дизайн и комфортный интерьер. Отличный выбор для приключений!",,,,,4WD. Стильный дизайн и комфортный интерьер. Отличный выбор для приключений!,,,,,,,,,,,https://storage.yandexcloud.net/viiversion-auto-sale-media/cars/autoworld-65/main-1790167887484-main-1-b325df4b.jpg,"Volkswagen Tiguan 2021 года!
🚗
Пробег 30 тыс.миль, полный привод 4WD. Стильный дизайн и комфортный интерьер. Отличный выбор для приключений!
🌟
Цена: 1,98
🍋
рублей. Не упустите шанс!
🛣️
❤️"
77,https://t.me/AutoWorld_Georgia/77,2025-09-14T07:13:51+00:00,,KIA,Seltos,2022,,"58,000 км (36200 миль)",1.6 Turbo на 175 л.с.,175.0,,,полный AWD,,кожа!,,,,,,,,,,"🌟
KIA Seltos 05/22г. в комплектации SX TURBO!
🚗
✨
🔹
Пробег: 58,000 км (36200 миль)
🔹
Двигатель: 1.6 Turbo на 175 л.с.
💨
🔹
Привод: полный AWD
🌧️
🏞️
🔹
Кузов в идеальном состоянии – ""в родне""!
🚘
👌
🔹
Салон: кожа!
🛋️
💖
📜
Аукционная история минимальная, предоставлю по запросу!
📞
📅
💰
Цена: 2,410,000 руб. под ключ!
🔑
Не упустите шанс стать владельцем этого замечательного автомобиля до отмены льготного утильсбора!
🚀
✨
#01-1181154ИС"
85,https://t.me/AutoWorld_Georgia/85,2025-09-14T07:30:25+00:00,,KIA,Seltos,2020,,всего 11.000ml (17.600км),бензиновый 2.0l на 147лс с АКПП,147.0,,,передний FWD,целая!!!!,комбинированный – комфорт и стиль!,!!!!),,,,,,,,,"🌟
KIA Seltos 10/20г.
🚗
✨
🔹
Пробег: всего 11.000ml (17.600км)
🔹
Двигатель бензиновый 2.0l на 147лс с АКПП
💨
🔹
Привод: передний FWD
🌧️
🏞️
🔹
Безопасность целая!!!!
🚘
👌
🔹
Салон комбинированный – комфорт и стиль!
🛋️
💖
📜
Аукционную историю автомобиля предоставлю по запросу!  (Лёгкие повреждения!!!!)
💰
Цена: всего 2,050,000 руб. под ключ!
🔑
(торг
🇬🇪
)
Не упустите шанс стать владельцем этого замечательного автомобиля!
🚀
✨
📞
📅
#91_1180800ИС"
102,https://t.me/AutoWorld_Georgia/102,2025-09-15T18:16:40+00:00,,Audi,Q3,2021,"Панорама, память сидений, подогрев сидений, адаптивный свет, бесключевой доступ на всех дверях, диски 19' с новой резиной, электрорегулировка водительского и пассажирского сидений. Адаптивный круиз контроль, дистроник, удержание в полосе, предупреждение столкновений.",28000ML/ 45 т км.,,184.0,,,,,,минимальные!,,,,,,,,,"Audi Q3 06/21г.
2,0л. 184л.с. AWD
Пробег 28000ML/ 45 т км.
Отличная комплектация: Панорама, память сидений, подогрев сидений, адаптивный свет, бесключевой доступ на всех дверях, диски 19' с новой резиной, электрорегулировка водительского и пассажирского сидений. Адаптивный круиз контроль, дистроник, удержание в полосе, предупреждение столкновений.
Состояние нового авто.
Аукционная история по запросу,
Повреждения минимальные!
Стоимость всего 3,2млн. под
🗝
(торг
🇬🇪
)
# 61_1181415ИС"
138,https://t.me/AutoWorld_Georgia/138,2025-09-18T12:39:58+00:00,,KIA,K5 GT Line,2022,,"77.300 км. АВТОМОБИЛЬ БЕЗ ОКРАСОВ, замена крышки багажника, ВСЯ БЕЗОПАСНОСТЬ ЗАВОДСКАЯ","1.6 турбо,коробка автомат восьми ступенчатый, Мощность 180 л.с передний привод, пробег 77.300 км. АВТОМОБИЛЬ БЕЗ ОКРАСОВ, замена крышки багажника, ВСЯ БЕЗОПАСНОСТЬ ЗАВОДСКАЯ",180.0,,"автомат восьми ступенчатый, Мощность 180 л.с передний привод, пробег 77.300 км. АВТОМОБИЛЬ БЕЗ ОКРАСОВ, замена крышки багажника, ВСЯ БЕЗОПАСНОСТЬ ЗАВОДСКАЯ",", пробег 77.300 км. АВТОМОБИЛЬ БЕЗ ОКРАСОВ, замена крышки багажника, ВСЯ БЕЗОПАСНОСТЬ ЗАВОДСКАЯ",ЗАВОДСКАЯ,,,,,,,,,,https://storage.yandexcloud.net/viiversion-auto-sale-media/cars/autoworld-138/main-1790167888903-main-1-b8c8c13b.jpg | https://storage.yandexcloud.net/viiversion-auto-sale-media/cars/autoworld-138/other-1790167889875-other-2-2231e357.jpg | https://storage.yandexcloud.net/viiversion-auto-sale-media/cars/autoworld-138/other-1790167890815-other-3-84cdb8f5.jpg | https://storage.yandexcloud.net/viiversion-auto-sale-media/cars/autoworld-138/other-1790167891763-other-4-3d210299.jpg | https://storage.yandexcloud.net/viiversion-auto-sale-media/cars/autoworld-138/other-1790167892529-other-5-2cc50463.jpg | https://storage.yandexcloud.net/viiversion-auto-sale-media/cars/autoworld-138/other-1790167893028-other-6-1b461918.jpg | https://storage.yandexcloud.net/viiversion-auto-sale-media/cars/autoworld-138/other-1790167893780-other-7-999474cd.jpg | https://storage.yandexcloud.net/viiversion-auto-sale-media/cars/autoworld-138/other-1790167894588-other-8-b8f7b890.jpg | https://storage.yandexcloud.net/viiversion-auto-sale-media/cars/autoworld-138/other-1790167895434-other-9-93694ba9.jpg | https://storage.yandexcloud.net/viiversion-auto-sale-media/cars/autoworld-138/other-1790167896240-other-10-4efa7c5d.jpg,"KIA K5 GT Line 2022
Двигатель 1.6 турбо,коробка автомат восьми ступенчатый, Мощность 180 л.с передний привод, пробег 77.300 км. АВТОМОБИЛЬ БЕЗ ОКРАСОВ, замена крышки багажника, ВСЯ БЕЗОПАСНОСТЬ ЗАВОДСКАЯ
👍
БЕЗ ПРОБЕГА ПО РОССИИ
🔥
ПОД КЛЮЧ В РОССИИ С РАСТАМОЖКОЙ, ДОСТАВКОЙ И ЛАБОРАТОРИЕЙ 2.250.000
🪙"
177,https://t.me/AutoWorld_Georgia/177,2025-09-20T08:47:27+00:00,,,,2021,,69.500 км.,2.0 турбо коробка автомат,261.0,,автомат,Пробег 69.500 км.,ЗАВОДСКАЯ,,,,,,,,,,https://storage.yandexcloud.net/viiversion-auto-sale-media/cars/autoworld-177/main-1790167896952-main-1-2cad5b59.jpg | https://storage.yandexcloud.net/viiversion-auto-sale-media/cars/autoworld-177/other-1790167897698-other-2-8ae4b8f5.jpg | https://storage.yandexcloud.net/viiversion-auto-sale-media/cars/autoworld-177/other-1790167898138-other-3-18fb1236.jpg | https://storage.yandexcloud.net/viiversion-auto-sale-media/cars/autoworld-177/other-1790167898559-other-4-de39fb73.jpg | https://storage.yandexcloud.net/viiversion-auto-sale-media/cars/autoworld-177/other-1790167899317-other-5-064e9f6f.jpg | https://storage.yandexcloud.net/viiversion-auto-sale-media/cars/autoworld-177/other-1790167899801-other-6-18e7925c.jpg,"2021 INFINITI QX50, LUXE AWD
Двигатель 2.0 турбо коробка автомат
Мощность 261 л.с полный привод
Пробег 69.500 км.
👍
Автомобиль в Заводском окрасе ВСЯ БЕЗОПАСНОСТЬ ЗАВОДСКАЯ
👍
ПОД КЛЮЧ В РОССИИ С РАСТАМОЖКОЙ, ДОСТАВКОЙ И ЛАБОРАТОРИЕЙ 2.900.000
🪙"
189,https://t.me/AutoWorld_Georgia/189,2025-09-21T13:21:57+00:00,,Subaru,Outback Limited,2022,,84000км (52 500 ml),надежный атмосферник 2.5л на 182л.с.,182.0,,,полный AWD для уверенности на любом покрытии!,целая!!!,из качественной кожи,,,,,,,,,,"🚀
🌟
Subaru Outback Limited 10/22г.
🚗
✨
🔹
Пробег: 84000км (52 500 ml)
🔹
Двигатель: надежный атмосферник 2.5л на 182л.с.
💨
🔹
Привод: полный AWD для уверенности на любом покрытии!
🌧
🏞
🔹
Кузов в идеальном состоянии – ""в родне""!
🚘
👌
🔹
Безопасность целая!!!
🔐
🔹
Салон из качественной кожи
🛋
📜
История автомобиля минимальная (бампера), предоставлю по запросу!
💰
Цена: всего 2,790,000 руб. под ключ!
🔑
🔎
02МА1183274ИС"
199,https://t.me/AutoWorld_Georgia/199,2025-09-23T03:28:27+00:00,,BMW,X3 Xdrive30i,2021,,79000км (49 000 ml),2.0turbo на 248л.с.,248.0,,,полный AWD для уверенности на любом покрытии!,целая!!!,из качественной кожи,,,,,,,23090413,,,"🚀
🌟
BMW X3 Xdrive30i 03/21г.
🚗
✨
🔹
Пробег:  79000км (49 000 ml)
🔹
Двигатель:  2.0turbo на 248л.с.
💨
🔹
Привод: полный AWD для уверенности на любом покрытии!
🌧
🏞
🔹
Кузов  –95% ""в родне""!
🚘
👌
🔹
Безопасность целая!!!
🔐
🔹
Салон из качественной кожи
🛋
📜
Аукционная история минимальная (незначительно сзади), предоставлю по запросу!
💰
Цена: всего 3,570,000 руб. под ключ!
🔑
🔎
WA_23090413РР"
210,https://t.me/AutoWorld_Georgia/210,2025-09-23T03:57:03+00:00,,Volkswagen,Jetta SEL,2021,,125000км,"надежная 1,4-турба на 147л.с.",147.0,,,FWD,целая!!!,из качественной кожи,,,,,,,,,,"🚀
🌟
Volkswagen Jetta SEL 08/21г.
🚗
✨
🔹
Пробег: 125000км
🔹
Двигатель: надежная 1,4-турба на 147л.с.
🐎
💨
🔹
Привод: FWD
🏞
🔹
Кузов в идеальном состоянии – ""в родне""!
🚘
👌
🔹
Безопасность целая!!!
🔐
🔹
Салон из качественной кожи
🛋
📜
История автомобиля минимальная, предоставлю по запросу!
💰
Цена: всего 1,800,000 руб. под ключ!
🔑
🔎
02МА1183973ИС"
220,https://t.me/AutoWorld_Georgia/220,2025-09-23T04:31:44+00:00,,Chevrolet,Equinox LT,2022,,25400км,"1,5turbo на 174л.с.",174.0,,АКПП-6,полный AWD для уверенности на любом покрытии!,целая!!!,из текстиля,,,,,,,23090506,,,"🚀
🌟
Chevrolet Equinox LT 08/22г.
🚗
✨
🔹
Пробег:  25400км
👍
🔹
Двигатель:  1,5turbo на 174л.с.
🐴
💨
🔹
Коробка: АКПП-6
🔹
Привод: полный AWD для уверенности на любом покрытии!
🌧
🏞
🔹
Кузов : Окрас капот, крыло
🚘
👌
🔹
Безопасность целая!!!
🔐
🔹
Салон из текстиля
🕷
🛋
💰
Цена: всего 2,150,000
🇷🇺
под ключ!
🔑
🔎
АИГ23090506РР"
230,https://t.me/AutoWorld_Georgia/230,2025-09-23T05:01:18+00:00,,Mercedes-Benz,GLB250,2022,,38000км,2.0-turbo на 211л.с.,211.0,,АКПП,4MATIK,целая!!!,из качественной кожи,,W1N4M4HB3PW261061,,,,,23090514,,,"🚀
🌟
Mercedes-Benz GLB250 08/22г.
🚗
✨
🔹
Пробег:  38000км
👍
🔹
Двигатель:  2.0-turbo на 211л.с.
🐎
💨
🔹
Коробка:  АКПП
🔹
Привод:  4MATIK
❄️
⛈
🌪
🔹
Кузов : 100% ""РОДНЯ""
🚘
👌
🔹
Безопасность целая!!!
🔐
🔹
Салон из качественной кожи
🐄
🛋
🔹
VIN:  W1N4M4HB3PW261061
💰
Цена: всего 3,680,000
🪙
🇷🇺
под ключ!
🔑
🔎
АИГ23090514РР"
240,https://t.me/AutoWorld_Georgia/240,2025-09-23T05:42:22+00:00,,AUDI,Q5 S-Line,2022,,48000км,2.0-turbo на 261л.с.,261.0,,S-Tronic,QUATTRO ultra,целая!!!,из качественной кожи,,WA1EAAFY3N2099747,,,,,23090531,,,"🚀
🌟
AUDI Q5 S-Line 04/22г.
🚗
✨
🔹
Premium Plus 45 TFSI
🔹
Пробег:  48000км
👍
🔹
Двигатель:  2.0-turbo на 261л.с.
🐎
💨
🔹
Коробка:  S-Tronic
🔹
Привод:  QUATTRO ultra
❄️
⛈
🌪
🔹
Кузов : 100% ""РОДНЯ""
🚘
👌
🔹
Безопасность целая!!!
🔐
🔹
Салон из качественной кожи
🐄
🛋
🔹
VIN:  WA1EAAFY3N2099747
💰
Цена: всего 3,900,000
🪙
🇷🇺
под ключ!
🔑
🔎
АИГ23090531РР"
250,https://t.me/AutoWorld_Georgia/250,2025-09-23T06:13:51+00:00,,KIA,K5,2022,,71500км,"1,6-turbo на 180л.с.",180.0,,АКПП-8,передний FWD,,из кожи,,,,,,,23090518,,,"🚀
🌟
KIA K5  07/22г.
🚗
✨
🔹
Комплектации  GT-Line
🔹
Пробег:  71500км
👍
🔹
Двигатель:  1,6-turbo на 180л.с.
🐎
💨
🔹
Коробка:  АКПП-8
🔹
Привод:  передний FWD
🔹
Салон из кожи
🐄
🛋
📜
История автомобиля минимальная, предоставлю по запросу!
💰
Цена: всего 2.450,000
🪙
🇷🇺
под ключ!
🔑
🔎
АИГ23090518РР"
323,https://t.me/AutoWorld_Georgia/323,2025-10-07T09:58:25+00:00,,Volkswagen,Taos,2021,SE,47000 ml (76000км),"1,5turbo на 158л.с.",158.0,,АКПП-8,полный AWD,"""завод""!!!",🛋,,,,,,,,,,"🚀
🌟
Volkswagen Taos 11/21г.
🚗
✨
🔹
комплектация SE
🔹
Пробег:  47000 ml (76000км)
👍
🔹
Двигатель:  1,5turbo на 158л.с.
🐎
💨
🔹
Коробка:  АКПП-8
🔹
Привод: полный AWD
🔹
Безопасность ""завод""!!!
🔹
Комбинированный салон
🛋
📜
Историю автомобиля предоставлю по запросу!  (без удара, притëртая)
💰
Цена: всего 2 180 000
🪙
🇷🇺
под ключ!
🔑
🔎
54МА1184458ИС"
333,https://t.me/AutoWorld_Georgia/333,2025-10-08T04:14:24+00:00,,Hyundai,Sonata,2021,Limited,26500км.,"1,6turbo на 184л.с.",184.0,,АКПП-8,передний FWD,"""завод""!!!",из кожи,,,,,,,06100641,,,"🚀
🌟
Hyundai Sonata 02/21г.
🚗
✨
🔹
комплектация Limited
🔹
Пробег:  26500км.
👍
🔹
Двигатель:  1,6turbo на 184л.с.
🐎
💨
🔹
Коробка:  АКПП-8
🔹
Привод: передний FWD
🔹
Безопасность ""завод""!!!
🔹
Салон из кожи
🐄
🛋
📜
История автомобиля минимальная, предоставлю по запросу!
💰
Цена: всего 2 650 000
🇷🇺
🪙
под ключ!
🔑
🔎
АИГ06100641ИC"
342,https://t.me/AutoWorld_Georgia/342,2025-10-08T07:18:00+00:00,,Hyundai,Tucson,2022,N-line,121 500км.,"надежный атмосферный 2,5л.на 191л.с.",191.0,,АКПП-8,полный AWD,"""завод""!!!",из кожи,,,,,,,06100641,,,"🚀
🌟
Hyundai Tucson 03/22г.
🚗
✨
🔹
комплектация N-line
🔹
Пробег:  121 500км.
👍
🔹
Двигатель:  надежный атмосферный 2,5л.на 191л.с.
🐎
💨
🔹
Коробка:  АКПП-8
🔹
Привод: полный AWD
🔹
Безопасность ""завод""!!!
🔹
Салон из кожи
🐄
🛋
📜
История автомобиля минимальная, предоставлю по запросу!
💰
Цена: всего 2 500 000
🇷🇺
🪙
под ключ!
🔑
🔎
АИГ06100641И0ИC"
352,https://t.me/AutoWorld_Georgia/352,2025-10-08T11:27:15+00:00,,KIA,SELTOS,2022,S,30700км.,"надежный атмосферник 2,0л. на 146л.с.",146.0,,АКПП,передний FWD,"все ""завод"", кроме руля!",комбинированный,,,,,,,08101240,,,"🌟
KIA SELTOS 04/22г.
🚗
✨
🔹
комплектация S
🔹
Пробег:  30700км.
👍
🔹
Двигатель:  надежный атмосферник 2,0л. на 146л.с.
🐎
💨
🔹
Коробка:  АКПП
🔹
Привод: передний FWD
🔹
Безопасность: все ""завод"", кроме руля!
🔹
Салон комбинированный
🛋
📜
История незначительная, предоставлю по запросу!
💰
Цена: всего 2 170 000
🇷🇺
🪙
под ключ!
🔑
🔎
АИГ08101240ИC"
363,https://t.me/AutoWorld_Georgia/363,2025-10-08T18:43:18+00:00,,Audi,Q7,2021,Premium,47 000км.,"надежный 2,0л. на 248л.с.",248.0,,АКПП,полный AWD,"""завод""!!!",из кожи,,,,,,,08102121,,,"🚀
🌟
Audi Q7 12/21г.
🚗
✨
🔹
комплектация Premium
🔹
Пробег:  47 000км.
👍
🔹
Двигатель:  надежный 2,0л. на 248л.с.
🐎
💨
🔹
Коробка:  АКПП
🔹
Привод: полный AWD
🔹
Кузов и безопасность ""завод""!!!
🔹
Салон из кожи
🐄
🛋
📜
История автомобиля минимальная (бампер) , предоставлю по запросу!
💰
Цена: всего 4 820 000
🇷🇺
🪙
под ключ!
🔑
🔎
АРГ08102121ИC"
371,https://t.me/AutoWorld_Georgia/371,2025-10-11T07:21:59+00:00,,VW,Tiguan Allspace II,2021,SE,103 000км.,"надежный 2,0л. на 184л.с.",184.0,,АКПП,полный AWD,"""завод""!!!",из кожи,,,,,,,,,,"🚀
🌟
VW Tiguan Allspace II 01/21г.
🚗
✨
🔹
комплектация SE
🔹
Пробег:  103 000км.
👍
🔹
Двигатель:  надежный 2,0л. на 184л.с.
🐎
💨
🔹
Коробка:  АКПП
🔹
Привод: полный AWD
🔹
Безопасность ""завод""!!!
🔹
Салон из кожи
🐄
🛋
📜
История автомобиля незначительная (сзади), предоставлю по запросу!
💰
Цена: всего 2 300 000
🇷🇺
🪙
под ключ!
🔑
🔎
94МА1178589ИC"
379,https://t.me/AutoWorld_Georgia/379,2025-10-12T12:04:30+00:00,,VW,Tiguan Allspace II,2021,SE R-line,81 000км.,"надежный 2,0л. на 184л.с.",184.0,,АКПП,полный AWD,,из кожи,,,,,,,,,,"🚀
🌟
VW Tiguan Allspace II 04/21г.
🚗
✨
🔹
комплектация SE R-line
🔹
Пробег:  81 000км.
👍
🔹
Двигатель:  надежный 2,0л. на 184л.с.
🐎
💨
🔹
Коробка:  АКПП
🔹
Привод: полный AWD
🔹
Салон из кожи
🐄
🛋
📜
Историю автомобиля предоставлю по запросу!
💰
Цена: всего 2 550 000
🇷🇺
🪙
под ключ!
🔑
🔎
36МА1186405ИC"
389,https://t.me/AutoWorld_Georgia/389,2025-10-13T03:07:24+00:00,,VW,TAOS,2022,SE,47 000км.,"надежный 1,5л. на 158л.с.",158.0,,Aisin -8,передний FWD,"""завод""!!!",из кожи,,,,,,,12102254,,,"🚀
🌟
VW TAOS 03/22г.
🚗
✨
🔹
комплектация SE
🔹
Пробег:  47 000км.
👍
🔹
Двигатель:  надежный 1,5л. на 158л.с.
🐎
💨
🔹
Коробка: Aisin -8
🔹
Привод: передний FWD
🔹
Безопасность ""завод""!!!
🔹
Салон из кожи
🐄
🛋
📜
История автомобиля незначительная, предоставлю по запросу!
💰
Цена: всего 2 250 000
🇷🇺
🪙
под ключ!
🔑
(торг)
🔎
АИ12102254ИC"
403,https://t.me/AutoWorld_Georgia/403,2025-10-14T11:58:36+00:00,,KIA,SORENTO,2021,S,83 200км.,"надежный 2,5л. на 191л.с.",191.0,,AКПП -8,передний FWD,"""завод""!!!",из кожи,,,,,,,14101454,,,"🚀
🌟
KIA SORENTO 07/21г.
🚗
✨
🔹
комплектация S
🔹
Пробег:  83 200км.
👍
🔹
Двигатель:  надежный 2,5л. на 191л.с.
🐎
💨
🔹
Коробка: AКПП -8
🔹
Привод: передний FWD
🔹
Безопасность ""завод""!!!
🔹
Салон из кожи
🐄
🛋
📜
История автомобиля незначительная, предоставлю по запросу!
💰
Цена: всего 3 250 000
🇷🇺
🪙
под ключ!
🔑
(торг)
🔎
АИГ14101454ИC"
413,https://t.me/AutoWorld_Georgia/413,2025-10-14T12:24:13+00:00,,VW,Passat,2021,LIMITED EDITION,78 400км.,"надежный 2,0л. на 174л.с.",174.0,,Aisin,передний FWD,"""завод""!!!",из кожи,,,,,,,,,,"🚀
🌟
VW Passat 11/21г.
🚗
✨
🔹
комплектация LIMITED EDITION
🔹
Пробег:  78 400км.
👍
🔹
Двигатель:  надежный 2,0л. на 174л.с.
🐎
💨
🔹
Коробка: Aisin
🔹
Привод: передний FWD
🔹
Кузов и безопасность ""завод""!!!
🔹
Салон из кожи
🐄
🛋
📜
История автомобиля минимальная (бампер) , предоставлю по запросу!
💰
Цена: всего 2 500 000
🇷🇺
🪙
под ключ!
🔑
(торг)
🔎
46МА1177521ИC"
423,https://t.me/AutoWorld_Georgia/423,2025-10-14T13:03:46+00:00,,GENESIS,G70,2021,Base,32 000км.,"надежный 2,0-turbo на 252л.с.",252.0,,Aвтомат,полный АWD,"""завод""!!!",из белой кожи,,,,,,,,,,"🚀
🌟
GENESIS G70 12/21г.
🚗
✨
🔹
комплектация Base
🔹
Пробег:  32 000км.
👍
🔹
Двигатель:  надежный 2,0-turbo на 252л.с.
🐎
💨
🔹
Коробка: Aвтомат
🔹
Привод: полный АWD
🔹
Безопасность ""завод""!!!
🔹
Салон из белой кожи
🐄
🛋
📜
История автомобиля незначительная, предоставлю по запросу!
💰
Цена: всего 2 780 000
🇷🇺
🪙
под ключ!
🔑
(торг)
🔎
37АП9070ИC"
434,https://t.me/AutoWorld_Georgia/434,2025-10-14T18:50:41+00:00,,Audi,Q5,2021,PREMIUM,67 000км.,"надежный 2,0-turbo на 261л.с.",261.0,,Aвтомат,полный АWD,"""завод""!!!",из кожи,,,,,,,,,,"🚀
🌟
Audi Q5 07/21г.
🚗
✨
🔹
комплектация PREMIUM
🔹
Пробег:  67 000км.
👍
🔹
Двигатель:  надежный 2,0-turbo на 261л.с.
🐎
💨
🔹
Коробка: Aвтомат
🔹
Привод: полный АWD
🔹
Безопасность ""завод""!!!
🔹
Салон из кожи
🐄
🛋
📜
История автомобиля незначительная, предоставлю по запросу!
💰
Цена: всего 3 600 000
🇷🇺
🪙
под ключ!
🔑
(торг)
🔎
38MA1187159ИC"
445,https://t.me/AutoWorld_Georgia/445,2025-10-15T10:58:26+00:00,,BMW,X3,2022,xDrive 30I,78 500км.,"надежный 2,0-turbo на 248л.с.",248.0,,Aвтомат,полный АWD,,из кожи,,,,,,,15101302,,,"🚀
🌟
BMW X3 06/22г.
🚗
✨
🔹
комплектация xDrive 30I
🔹
Пробег:  78 500км.
👍
🔹
Двигатель:  надежный 2,0-turbo на 248л.с.
🐎
💨
🔹
Коробка: Aвтомат
🔹
Привод: полный АWD
🔹
Салон из кожи
🐄
🛋
📜
Историю автомобиля, предоставлю по запросу!
💰
Цена: всего 3 850 000
🇷🇺
🪙
под ключ!
🔑
(торг)
🔎
WA15101302РР"
455,https://t.me/AutoWorld_Georgia/455,2025-10-15T10:58:42+00:00,,GENESIS,GV70,2022,,50 500км.,"надежный 2,5-turbo на 300л.с.",300.0,,Aвтомат,полный АWD,,из белой кожи,,,,,,,15101302,,,"🚀
🌟
GENESIS GV70 04/22г.
🚗
✨
🔹
Пробег:  50 500км.
👍
🔹
Двигатель:  надежный 2,5-turbo на 300л.с.
🐎
💨
🔹
Коробка: Aвтомат
🔹
Привод: полный АWD
🔹
Салон из белой кожи
🐄
🛋
📜
Историю автомобиля, предоставлю по запросу!
💰
Цена: всего 4 050 000
🇷🇺
🪙
под ключ!
🔑
(торг)
🔎
WA15101302PP2"
465,https://t.me/AutoWorld_Georgia/465,2025-10-15T19:02:42+00:00,,JEEP,Wrangler Sahara,2021,макс. Unlimited !!!,51 000км.,"Plugin Hybrid 2,0-turbo на 375л.с.",375.0,,Aвтомат,полный АWD,"и кузов ""завод""!!!",в отличном состоянии. Парктроники. Съемная крыша.,,,,,,,17101328,,,"🚀
🌟
JEEP Wrangler Sahara 10/21г.
🚗
✨
🔹
комплектация макс. Unlimited !!!
🔹
Пробег:  51 000км.
👍
🔹
Двигатель:  Plugin Hybrid 2,0-turbo на 375л.с.
🐎
💨
✈️
🔹
Коробка: Aвтомат
🔹
Привод: полный АWD
🔹
Безопасность и кузов ""завод""!!!
🔹
Камеры 360°, Кожаный салон в отличном состоянии. Парктроники. Съемная крыша.
Акустика Alpine с сабвуфером. BSM, адаптивный круиз, дистроник, предупреждение столкновений, подогревы сидений и руля.
Новая резина, оригинальные диски.
📜
История автомобиля минимальная, предоставлю по запросу!
💰
Цена: всего 4 200 000
🇷🇺
🪙
под ключ!
🔑
(торг)
🔎
АРГ17101328ИC
💵
82"
472,https://t.me/AutoWorld_Georgia/472,2025-10-16T10:50:12+00:00,,BMW,X3 (G01 рест.),2022,SDrive 30I М-пакет,47 000км.,"надежный 2,0-turbo на 248л.с.",248.0,,Aвтомат,задний RWD,"""завод""",из кожи,,,,,,,16100832,,,"🚀
🌟
BMW X3 (G01 рест.) 03/22г.
🚗
✨
🔹
комплектация SDrive 30I М-пакет
🔹
Пробег:  47 000км.
👍
🔹
Двигатель:  надежный 2,0-turbo на 248л.с.
🐎
💨
🔹
Коробка: Aвтомат
🔹
Привод: задний RWD
🔹
Безопасность ""завод""
🏭
🔹
Салон из кожи
🐄
🛋
, русифицирована.
📜
История автомобиля минимальная, предоставлю по запросу!
💰
Цена: всего 3 580 000
🇷🇺
🪙
под ключ!
🔑
(торг)
🔎
АРГ16100832ИС
💵
82"
482,https://t.me/AutoWorld_Georgia/482,2025-10-16T11:45:41+00:00,,Chevrolet,Equinox,2022,LS,71 500км.,"надежный 1,5-turbo на 170л.с.",170.0,,Aвтомат,полный AWD,"""восстановлена""",из качественного текстиля,,,,,,,,,,"🚀
🌟
Chevrolet Equinox 03/22г.
🚗
✨
🔹
комплектация LS
🔹
Пробег:  71 500км.
👍
🔹
Двигатель:  надежный 1,5-turbo на 170л.с.
🐎
💨
🔹
Коробка: Aвтомат
🔹
Привод: полный AWD
🔹
Безопасность ""восстановлена""
🔹
Салон из качественного текстиля
🛋
📜
История автомобиля незначительная, предоставлю по запросу!
💰
Цена: всего 2 000 000
🇷🇺
🪙
под ключ!
🔑
🔎
78МА1186645ИС
💵
82"
491,https://t.me/AutoWorld_Georgia/491,2025-10-17T18:24:27+00:00,,Ford,Bronco Sport,2021,Big Band,78 400км.,"надежный 1,5-turbo на 181л.с.",181.0,,Aвтомат,полный АWD/FWD,"""-1"" ""завод""",из качественного текстиля,,,,,,,,,,"🚀
🌟
Ford Bronco Sport 07/21г.
🚗
✨
🔹
комплектация Big Band
🔹
Пробег:  78 400км.
👍
🔹
Двигатель:  надежный 1,5-turbo на 181л.с.
🐎
💨
🔹
Коробка: Aвтомат
🔹
Привод: полный АWD/FWD
🔹
кузов и безопасность ""-1"" ""завод""
🏭
🔹
Салон из качественного текстиля
🛋
📜
История автомобиля минимальная, предоставлю по запросу!
💰
Цена: всего 2 070 000
🇷🇺
🪙
под ключ!
🔑
(торг)
🔎
34АП9057ИС
💵
83"
501,https://t.me/AutoWorld_Georgia/501,2025-10-18T12:07:21+00:00,,Toyota,RAV4,2021,Limited,49 600км.,"надежный 2,5л.на 203л.с.",203.0,,Aвтомат,полный АWD,"""завод""",из кожи,,,,,,,,,,"🚀
🌟
Toyota RAV4 08/21г.
🚗
✨
🔹
комплектация Limited
🔹
Пробег:  49 600км.
👍
🔹
Двигатель:  надежный 2,5л.на 203л.с.
🐎
💨
🔹
Коробка: Aвтомат
🔹
Привод: полный АWD
🔹
Безопасность ""завод""
🏭
🔹
Салон из кожи
🐄
🛋
📜
История автомобиля незначительная, предоставлю по запросу!
💰
Цена: всего 2 970 000
🇷🇺
🪙
под ключ!
🔑
(торг)
🔎
93МА1179286ИС
💵
83"
511,https://t.me/AutoWorld_Georgia/511,2025-10-18T18:32:21+00:00,,Toyota,Camry,2022,SE,32 500ml. (52000km),"гибридный 2,5л. на 208л.с.",208.0,,Aвтомат,передний FWD,"""завод""",из кожи,,,,,,,,,,"🚀
🌟
Toyota Camry 07/22г.
🚗
✨
🔹
комплектация SE
🔹
Пробег:  32 500ml. (52000km)
👍
🔹
Двигатель:  гибридный 2,5л. на 208л.с.
🐎
💨
🔹
Коробка: Aвтомат
🔹
Привод: передний FWD
🔹
Безопасность ""завод""
🏭
🔹
Салон из кожи
🐄
🛋
📜
История автомобиля незначительная, предоставлю по запросу!
💰
Цена: всего 2 600 000
🇷🇺
🪙
под ключ!
🔑
(торг)
🔎
52МА1187007ИС
💵
83"
521,https://t.me/AutoWorld_Georgia/521,2025-10-20T17:45:26+00:00,,Honda,CR-V,2022,Hybrid EX-L,32 500км,"гибридный 2,0л. на 212л.с.",212.0,,Aвтомат,полный АWD,"""завод""",из кожи,,,,,,,,,,"🚀
🌟
Honda CR-V 04/22г.
🚗
✨
🔹
комплектация Hybrid EX-L
🔹
Пробег:  32 500км
👍
🔹
Двигатель:  гибридный 2,0л. на 212л.с.
🐎
💨
🔹
Коробка: Aвтомат
🔹
Привод: полный АWD
🔹
Безопасность ""завод""
🏭
🔹
Салон из кожи
🐄
🛋
📜
История автомобиля незначительная, предоставлю по запросу!
💰
Цена: всего 3 050 000
🇷🇺
🪙
под ключ!
🔑
(торг)
🔎
02МА1187168ИС
💵
84"
531,https://t.me/AutoWorld_Georgia/531,2025-10-21T05:10:23+00:00,,Audi,Q5,2022,PREMIUM PLUS 40,51 000км,"бензин 2,0л. на 261л.с.",261.0,,Aвтомат,полный QUATTRO,"""завод""","из кожи, камеры 360°. Панорама. Парктроник спереди и сзади. Память сидений.",,,,,,,20102112,,https://storage.yandexcloud.net/viiversion-auto-sale-media/cars/autoworld-531/main-1790167900594-main-1-60759477.jpg | https://storage.yandexcloud.net/viiversion-auto-sale-media/cars/autoworld-531/other-1790167901381-other-2-aa77a9ae.jpg | https://storage.yandexcloud.net/viiversion-auto-sale-media/cars/autoworld-531/other-1790167902179-other-3-33520d0d.jpg | https://storage.yandexcloud.net/viiversion-auto-sale-media/cars/autoworld-531/other-1790167903024-other-4-491a1536.jpg | https://storage.yandexcloud.net/viiversion-auto-sale-media/cars/autoworld-531/other-1790167904039-other-5-3c6c3410.jpg | https://storage.yandexcloud.net/viiversion-auto-sale-media/cars/autoworld-531/other-1790167905043-other-6-4f47fee2.jpg | https://storage.yandexcloud.net/viiversion-auto-sale-media/cars/autoworld-531/other-1790167906039-other-7-8727b5b7.jpg | https://storage.yandexcloud.net/viiversion-auto-sale-media/cars/autoworld-531/other-1790167906513-other-8-be41ebe6.jpg,"🚀
🌟
Audi Q5 04/22.
🚗
✨
🔹
комплектация PREMIUM PLUS 40
🔹
Пробег:  51 000км
👍
🔹
Двигатель:  бензин 2,0л. на 261л.с.
🐎
💨
🔹
Коробка: Aвтомат
🔹
Привод: полный QUATTRO
🔹
Безопасность ""завод""
🏭
🔹
Салон из кожи, камеры 360°. Панорама. Парктроник спереди и сзади. Память сидений.
Бесключевой доступ на всех дверях. Подсветка наружных ручек дверей и лого. Подрулевые переключатели скорости. Подогрев сидений и зеркал. Премиальная акустика BANG OLUFSEN с сабвуфером.
📜
История автомобиля незначительная, предоставлю по запросу!
💰
Цена: всего 4 150 000
🇷🇺
🪙
под ключ!
🔑
(торг)
🔎
АРГ20102112ИС
💵
84"
538,https://t.me/AutoWorld_Georgia/538,2025-10-21T06:46:27+00:00,,VW,Atlas,2021,предмакс. SE,120 000км.,"надежный 2,0-turbo на 235л.с.",235.0,,Aвтомат,полный АWD,"""завод""",из кожи,,,,,,,,,,"🚀
🌟
VW Atlas 03/21г.
🚗
✨
🔹
комплектация предмакс. SE
🔹
Пробег:  120 000км.
👍
🔹
Двигатель:  надежный 2,0-turbo на 235л.с.
🐎
💨
🔹
Коробка: Aвтомат
🔹
Привод: полный АWD
🔹
Безопасность ""завод""
🏭
🔹
Салон из кожи
🐄
🛋
, панорама
📜
История автомобиля минимальная, предоставлю по запросу!
💰
Цена: всего 2 750 000
🇷🇺
🪙
под ключ!
🔑
(торг)
🔎
95АП9026ИС
💵
84"
548,https://t.me/AutoWorld_Georgia/548,2025-10-21T07:09:11+00:00,,VW,Tiguan дорест.,2021,предмакс. SE,86 000км.,"надежный 2,0-turbo на 184л.с.",184.0,,АКПП-8 aisin,полный АWD,"""завод""",из кожи,,,,,,,,,,"🚀
🌟
VW Tiguan дорест. 05/21г.
🚗
✨
🔹
комплектация предмакс. SE
🔹
Пробег:  86 000км.
👍
🔹
Двигатель:  надежный 2,0-turbo на 184л.с.
🐎
💨
🔹
Коробка: АКПП-8 aisin
🔹
Привод: полный АWD
🔹
Безопасность ""завод""
🏭
🔹
Салон из кожи
🐄
🛋
, панорама
📜
История автомобиля минимальная (сзади), предоставлю по запросу!
💰
Цена: всего 2 420 000
🇷🇺
🪙
под ключ!
🔑
(торг)
🔎
47АП8983ИС
💵
84"
559,https://t.me/AutoWorld_Georgia/559,2025-10-21T08:58:39+00:00,,Nissan,Rogue,2021,PLATINUM,89 000км.,"надежный атмосферный 2,5л. на 181л.с.",181.0,,Aвтомат,полный АWD,"""завод""",из премиальной кожи,,,,,,,,,,"🚀
🌟
Nissan Rogue 03/21г.
🚗
✨
🔹
комплектация PLATINUM
🔹
Пробег:  89 000км.
👍
🔹
Двигатель:  надежный атмосферный 2,5л. на 181л.с.
🐎
💨
🔹
Коробка: Aвтомат
🔹
Привод: полный АWD
🔹
кузов и безопасность ""завод""
🏭
🔹
Салон из премиальной кожи
🐄
🛋
, панорама
📜
История автомобиля минимальная, предоставлю по запросу!
💰
Цена: всего 3 130 000
🇷🇺
🪙
под ключ!
🔑
(торг)
🔎
92АП9026ИС
💵
84"
571,https://t.me/AutoWorld_Georgia/571,2025-10-23T10:38:16+00:00,,VW,Taos,2021,SE,74 000км.,"надежный 1,5-turbo на 158л.с.",158.0,,АКПП-8 aisin,передний FWD,"""завод""",из кожи,,,,,,,,,,"🚀
🌟
VW Taos 09/21г.
🚗
✨
🔹
комплектация SE
🔹
Пробег:  74 000км.
👍
🔹
Двигатель:  надежный 1,5-turbo на 158л.с.
🐎
💨
🔹
Коробка: АКПП-8 aisin
🔹
Привод: передний FWD
🔹
Безопасность ""завод""
🏭
🔹
Салон из кожи
🐄
🛋
, панорама, 2 ключа!!!
📜
Историю автомобиля предоставлю по запросу!
💰
Цена: всего 2 200 000
🇷🇺
🪙
под ключ!
🔑
(торг)
🔎
36МА1185583ИС
💵
84"
584,https://t.me/AutoWorld_Georgia/584,2025-10-23T12:15:57+00:00,,Hyundai,Elantra,2021,максимальная SEL,99 000км.,"атмосферный 2,0л на 147л.с.",147.0,,АКПП,передний FWD,"""завод""",из кожи,,,,,,,,,,"🚀
🌟
Hyundai Elantra 04/21г.
🚗
✨
🔹
комплектация максимальная SEL
🔹
Пробег:  99 000км.
👍
🔹
Двигатель: атмосферный 2,0л на 147л.с.
🐎
💨
🔹
Коробка: АКПП
🔹
Привод: передний FWD
🔹
кузов и безопасность ""завод""
🏭
🔹
Салон из кожи
🐄
🛋
, панорама, бесключевой доступ!
📜
История автомобиля минимальная (пер.бампер), предоставлю по запросу!
💰
Цена: всего 1 890 000
🇷🇺
🪙
под ключ!
🔑
(торг)
🔎
78МА7125811ИС
💵
84"
592,https://t.me/AutoWorld_Georgia/592,2025-10-23T12:36:19+00:00,,Hyundai,Kona,2021,максимальная SEL,69 600км.,"атмосферный 2,0л на 147л.с.",147.0,,АКПП,полный АWD,"""завод""",из кожи,,,,,,,,,,"🚀
🌟
Hyundai Kona 11/21г.
🚗
✨
🔹
комплектация  максимальная SEL
🔹
Пробег:  69 600км.
👍
🔹
Двигатель: атмосферный 2,0л на 147л.с.
🐎
💨
🔹
Коробка: АКПП
🔹
Привод: полный АWD
🔹
Безопасность ""завод""
🏭
🔹
Салон из кожи
🐄
🛋
, бесключевой доступ, новый АКБ и шины!
📜
История автомобиля незначительная (пер.пр,крыло),  предоставлю по запросу!
💰
Цена: всего 1 970 000
🇷🇺
🪙
под ключ!
🔑
(торг)
🔎
92МА0247811ИС
💵
84"
602,https://t.me/AutoWorld_Georgia/602,2025-10-23T17:58:38+00:00,,KIA,Soul,2021,GT-line,47 000,"атмосферный 2,0л на 147л.с.",147.0,,АКПП,передний FWD,"""",из качественного текстиля,,,,,,,,,,"🚀
🌟
KIA Soul 06/21г.
🚗
✨
🔹
комплектация
GT-line
🔹
Пробег:
47 000
км.
👍
🔹
Двигатель: атмосферный 2,0л на 147л.с.
🐎
💨
🔹
Коробка: АКПП
🔹
Привод: передний FWD
🔹
Безопасность ""
завод
""
🏭
🔹
Салон из качественного текстиля
🛋
!
📜
История автомобиля незначительная (пер.лев. крыло),  предоставлю по запросу!
💰
Цена: всего
1 920 000
🇷🇺
🪙
под ключ!
🔑
(торг)
🔎
30МА7266811ИС
💵
84
❤️
Не упустите шанс
☝
эта ""
ДУША
"" просто
🎶
🎤
в редкой ""
GT-line
"" комплектации по цене обычной!!!"
612,https://t.me/AutoWorld_Georgia/612,2025-10-23T18:38:51+00:00,,Toyota,C-HR,2021,предмакс.,101 000,"атмосферный 2,0л на 145л.с.",145.0,,АКПП,передний FWD,"""",из качественного текстиля,,,,,,,,,,"🚀
🌟
Toyota C-HR 02/21г.
🚗
✨
🔹
комплектация  предмакс.
XLE
🔹
Пробег:
101 000
км.
👍
🔹
Двигатель: атмосферный 2,0л на 145л.с.
🐎
💨
🔹
Коробка: АКПП
🔹
Привод: передний FWD
🔹
Безопасность ""
завод
""
🏭
🔹
Стильный двухцветный салон из качественного текстиля
🛋
!
📜
Историю автомобиля,  предоставлю по запросу!
💰
Цена: всего
2 180 000
🇷🇺
🪙
под ключ!
🔑
(торг)
🔎
03АП4009ИС
💵
84"
640,https://t.me/AutoWorld_Georgia/640,2025-10-25T15:51:27+00:00,,Chevrolet,Trax,2021,LS,66 000,"1,4-turbo на 155л.с.",155.0,,АКПП,полный AWD,"""",из текстиля,,,,,,,,,,"🚀
🌟
Chevrolet Trax 11/21г.
🚗
✨
🔹
комплектация
LS
🔹
Пробег:
66 000
км.
👍
🔹
Двигатель: 1,4-turbo на 155л.с.
🐎
💨
🔹
Коробка: АКПП
🔹
Привод: полный AWD
🔹
Безопасность ""
завод
""
🏭
🔹
Салон из текстиля
🛋
!
📜
Историю автомобиля,  предоставлю по запросу!
💰
Цена: всего 1
480 000
🇷🇺
🪙
под ключ!
🔑
(торг)
🔎
49МА111811ИС
💵
84"
650,https://t.me/AutoWorld_Georgia/650,2025-10-25T16:10:23+00:00,,Ford,EcoSport,2021,SE,49 000,"1,0-turbo на 123л.с.",123.0,,АКПП,передний FWD,"""",из текстиля,,,,,,,,,,"🚀
🌟
Ford EcoSport 10/21г.
🚗
✨
🔹
комплектация
SE
🔹
Пробег:
49 000
км.
👍
🔹
Двигатель: 1,0-turbo на 123л.с.
🐎
💨
🔹
Коробка: АКПП
🔹
Привод: передний FWD
🔹
Безопасность ""
завод
""
🏭
🔹
Салон из текстиля
🛋
!
📜
Историю автомобиля,  предоставлю по запросу!
💰
Цена: всего 1
370 000
🇷🇺
🪙
под ключ!
🔑
(торг)
🔎
16МА2719ИС
💵
84"
656,https://t.me/AutoWorld_Georgia/656,2025-10-25T17:41:37+00:00,,Honda,HR-V,2021,EХ,61 000,атмосферный,141.0,,АКПП,полный,"""",из текстиля,,,,,,,,,,"🚀
🌟
Honda HR-V 01/21г.
🚗
✨
🔹
комплектация
EХ
🔹
Пробег:
61 000
км.
👍
🔹
Двигатель: атмосферный
1,8л.
на
141л.с.
🐎
💨
🔹
Коробка:
АКПП
🔹
Привод: полный
АWD
🔹
Безопасность ""
завод
""
🏭
🔹
Салон из текстиля
🛋
!
📜
История автомобиля незначительная, предоставлю по запросу!
💰
Цена: всего
2 050 000
🇷🇺
🪙
под ключ!
🔑
(торг)
🔎
88АП0698ИС
💵
84
Стоимость подобных автомобилей 21-22г. варьируется от 1,7 до 2,25млн."
678,https://t.me/AutoWorld_Georgia/678,2025-10-29T18:47:58+00:00,,Subaru,Crosstrek (XV),2021,Premium,24 000,атмосферный,152.0,,АКПП,полный,"""",из качественного текстиля,,,,,,,,,,"🚀
🌟
Subaru Crosstrek (XV) 07/21г.
🚗
✨
🔹
комплектация  Premium
🔹
Пробег:
24 000
км.
👍
🔹
Двигатель: атмосферный
2,0л.
на
152л.с.
🐎
💨
🔹
Коробка:
АКПП
🔹
Привод: полный
АWD
🔹
Кузов и безопасность ""
завод
""
🏭
🔹
Салон из качественного текстиля
🛋
!
📜
История автомобиля минимальная, предоставлю по запросу!
💰
Цена: всего
2 120 000
🇷🇺
🪙
под ключ!
🔑
(торг)
🔎
62АП9198ИС
💵
82"
688,https://t.me/AutoWorld_Georgia/688,2025-10-29T18:48:37+00:00,,Subaru,Forester,2022,Touring,62 000,"атмосферный 2,5",182.0,,АКПП,полный,"""",из кожи,,,,,,,,,,"🚀
🌟
Subaru Forester 08/22г.
🚗
✨
🔹
комплектация  Touring
🔹
Пробег:
62 000
км.
👍
🔹
Двигатель: атмосферный 2,5
л.
на
182л.с.
🐎
💨
🔹
Коробка:
АКПП
🔹
Привод: полный
АWD
🔹
Безопасность ""
завод
""
🏭
🔹
Салон из кожи
🐂
🛋
!
📜
История автомобиля незначительная, предоставлю по запросу!
💰
Цена: всего
2 550 000
🇷🇺
🪙
под ключ!
🔑
(торг)
🔎
15АП2109ИС
💵
82"
698,https://t.me/AutoWorld_Georgia/698,2025-10-30T18:39:48+00:00,,Toyota,RAV4,2022,XLE,34,"атмосферный 2,5",203.0,,АКПП,полный,,из кожи,,,,,,,,,,"🚀
🌟
Toyota RAV4 10/22г.
🚗
✨
🔹
комплектация  XLE
🔹
Пробег:  34
000
км.
👍
🔹
Двигатель: атмосферный 2,5
л.
на
203л.с.
🐎
💨
🔹
Коробка:
АКПП
🔹
Привод: полный
АWD
🔹
Салон из кожи
🐂
🛋
!
📜
Историю автомобиля предоставлю по запросу!
💰
Цена: всего
2 900 000
🇷🇺
🪙
под ключ!
🔑
(торг)
🔎
17АП5919ИС
💵
82"
739,https://t.me/AutoWorld_Georgia/739,2025-11-19T18:17:46+00:00,,Subaru,Crosstrek (XV),2021,Premium,30 000,атмосферный,152.0,,АКПП,полный,"""",из качественного текстиля,,,,,,,,,,"🚀
🌟
Subaru Crosstrek (XV) 01/21г.
🚗
✨
🔹
комплектация  Premium
🔹
Пробег:
30 000
ml.
👍
🔹
Двигатель: атмосферный
2,0л.
на
152л.с.
🐎
💨
🔹
Коробка:
АКПП
🔹
Привод: полный
АWD
🔹
Безопасность ""
завод
""
🏭
🔹
Салон из качественного текстиля
🛋
!
📜
История автомобиля минимальная, предоставлю по запросу!
💰
Цена:
1 870 000
🇷🇺
🪙
под ключ!
🔑
(торг)
🔎
74МА4380911ИС
💵
81"
748,https://t.me/AutoWorld_Georgia/748,2025-11-19T18:32:20+00:00,,Subaru,Crosstrek (XV),2022,Premium,19 000,атмосферный,152.0,,АКПП,полный,"""",из качественного текстиля,,,,,,,,,,"🚀
🌟
Subaru Crosstrek (XV) 01/22г.
🚗
✨
🔹
комплектация
Premium
🔹
Пробег:
19 000
км.
👍
🔹
Двигатель: атмосферный
2,0л.
на
152л.с.
🐎
💨
🔹
Коробка:
АКПП
🔹
Привод: полный
АWD
🔹
Безопасность ""
завод
""
🏭
🔹
Салон из качественного текстиля
🛋
, панорама
📜
История автомобиля минимальная, предоставлю по запросу!
💰
Цена:
2 140 000
🇷🇺
🪙
под ключ!
🔑
(торг)
🔎
46АП2588ИС
💵
81"
765,https://t.me/AutoWorld_Georgia/765,2025-11-27T19:23:22+00:00,,Hyundai,Elantra,2021,SEL,69 000,атмосферный,147.0,,CVT,передний,"""",из кожи,,KMHLS4AG4NU257863,,,,,,,,"🚀
🌟
Hyundai Elantra 09/21г.
🚗
✨
🔹
комплектация
SEL
&
SULEV
🔹
Пробег:
69 000
км.
👍
🔹
Двигатель: атмосферный
2,0л.
на
147л.с.
🐎
💨
🔹
Коробка: CVT
🔹
Привод: передний
FWD
🔹
Безопасность ""
завод
""
🏭
🔹
Салон из кожи
🐄
🛋
,
🔹
Пакет комфорт Sel, существенно отличается от обычных пакетов Se и Sel. CarPlay
✅
Беспроводная зарядка телефона
✅
Электроручник
✅
Автоматическое удержание
✅
Датчик столкновения
✅
Контроль мертвых зон
✅
Контроль полосы движения
✅
(руль не нужно держать, он поворачивается сам)
Старт-стоп
✅
Дистанционный запуск
✅
Электроспидометр
✅
(есть разные обои)
Одним словом, автомобиль оснащен современными технологиями
📜
История автомобиля минимальная
KMHLS4AG4NU257863
💰
Цена:
1 890 000
🇷🇺
🪙
под ключ!
🔑
🔎
67МА9523911ИС
💵
79"
774,https://t.me/AutoWorld_Georgia/774,2025-11-28T07:27:03+00:00,,Mitsubishi,Eclipse Cross,2021,Special Edition,64 500мл.,надëжный,152.0,,АКПП,полный,"""завод""",комбинированный,,JA4ATWAA9NZ004499,,,,,,,,"🚀
🌟
Mitsubishi Eclipse Cross 02/21г.
🚗
✨
🔹
комплектация
Special Edition
🔹
Пробег:  64 500мл.
👍
🔹
Двигатель: надëжный
1,5л
. на
152л.с
.
🐎
💨
🔹
Коробка:
АКПП
🔹
Привод: полный
АWD
🔹
Безопасность
""завод""
🏭
🔹
Салон комбинированный
🐄
🛋
📜
История автомобиля:
JA4ATWAA9NZ004499
💰
Цена: 1 790 000
🇷🇺
🪙
под ключ!
🔑
🔎
18МА2873911ИС
💵
79"
783,https://t.me/AutoWorld_Georgia/783,2025-11-28T20:59:59+00:00,,Mitsubishi,Outlander Sport (ASX),2022,Limited Edition,52 000мл,атмосферный,148.0,,АКПП,полный,"""завод""",текстиль,,JA4ARUAU4NU014433,,,,,,,,"🚀
🌟
Mitsubishi Outlander Sport (ASX) 04/22г.
🚗
✨
🔹
комплектация
Limited Edition
🔹
Пробег:
52 000мл
.
👍
🔹
Двигатель: атмосферный
2,0л
. на
148л.с
.
🐎
💨
🔹
Коробка:
АКПП
🔹
Привод: полный
АWD
🔹
Безопасность
""завод""
🏭
🔹
Салон текстиль
🛋
📜
История автомобиля:
JA4ARUAU4NU014433
💰
Цена:
1 810 000
🇷🇺
🪙
под ""ключ'
🎼
41АП2998ИС
💵
79"
793,https://t.me/AutoWorld_Georgia/793,2025-11-29T18:44:53+00:00,,Hyundai,Kona,2022,SEL,16 000км,атмосферный,147.0,,CVT,полный,"""","из качественного, светлого текстиля",,KM8K3CAB0PU939200,,,,,,,,"🚀
🌟
Hyundai Kona 07/22г.
🚗
✨
🔹
комплектация
SEL
🔹
Пробег:
16 000км
.
👍
🔹
Двигатель: атмосферный
2,0л.
на
147л.с.
🐎
💨
🔹
Коробка: CVT
🔹
Привод: полный
АWD
🔹
Безопасность ""
завод
""
🏭
🔹
Салон из качественного, светлого текстиля
🛋
📜
История автомобиля
KM8K3CAB0PU939200
💰
Цена:
2 070 000
🇷🇺
🪙
""под ключ""
🔑
21МА6939811ИС
💵
79"
803,https://t.me/AutoWorld_Georgia/803,2025-12-07T09:51:15+00:00,,VW,Tiguan,2023,максимальная,31 000ml,"2,0-turbo",187.0,,АКПП,полный,,из кожи,,3VV4B7AXXPM065334,,,,,,,https://storage.yandexcloud.net/viiversion-auto-sale-media/cars/autoworld-803/main-1790167908108-main-1-ee0cb029.jpg | https://storage.yandexcloud.net/viiversion-auto-sale-media/cars/autoworld-803/other-1790167909095-other-2-e0a30df4.jpg | https://storage.yandexcloud.net/viiversion-auto-sale-media/cars/autoworld-803/other-1790167909914-other-3-29175224.jpg | https://storage.yandexcloud.net/viiversion-auto-sale-media/cars/autoworld-803/other-1790167910818-other-4-5492aba5.jpg | https://storage.yandexcloud.net/viiversion-auto-sale-media/cars/autoworld-803/other-1790167911618-other-5-76a0d2f2.jpg | https://storage.yandexcloud.net/viiversion-auto-sale-media/cars/autoworld-803/other-1790167912279-other-6-fccf41a1.jpg | https://storage.yandexcloud.net/viiversion-auto-sale-media/cars/autoworld-803/other-1790167912967-other-7-9a02cde6.jpg | https://storage.yandexcloud.net/viiversion-auto-sale-media/cars/autoworld-803/other-1790167913595-other-8-8c30e547.jpg | https://storage.yandexcloud.net/viiversion-auto-sale-media/cars/autoworld-803/other-1790167914434-other-9-3ddb03f7.jpg | https://storage.yandexcloud.net/viiversion-auto-sale-media/cars/autoworld-803/other-1790167914942-other-10-c14d3914.jpg,"🚀
🌟
VW Tiguan 02/23г.
🚗
✨
🔹
комплектация максимальная
SEL
R-Line
🔹
Пробег:
31 000ml
.
👍
🔹
Двигатель:
2,0-turbo
на
187л.с.
🐎
💨
🔹
Коробка:
АКПП
🔹
Привод: полный
АWD
🔹
Панорама
☀️
✨
❄️
🔹
Салон из кожи
🐄
🛋
📜
История автомобиля
3VV4B7AXXPM065334
💰
Цена:
🇺🇸
🇷🇺
3 309 000
🇷🇺
🪙
(2-3 мес.)
🇬🇪
🇷🇺
4 125 000
🇷🇺
🪙
(до 10 дн.)
Пример расчёта США/Грузия
на 07.12.2025г.
💵
77"
814,https://t.me/AutoWorld_Georgia/814,2025-12-07T13:16:27+00:00,,Mercedes-Benz,GLB 250,2023,LUXE,45 300ml,"2,0-turbo",221.0,,АКПП,полный,,из светлой кожи,,W1N4M4HB8PW334358,,,,,,,https://storage.yandexcloud.net/viiversion-auto-sale-media/cars/autoworld-814/main-1790167916066-main-1-3795c002.jpg | https://storage.yandexcloud.net/viiversion-auto-sale-media/cars/autoworld-814/other-1790167917014-other-2-65218703.jpg | https://storage.yandexcloud.net/viiversion-auto-sale-media/cars/autoworld-814/other-1790167918212-other-3-e6c56566.jpg | https://storage.yandexcloud.net/viiversion-auto-sale-media/cars/autoworld-814/other-1790167919324-other-4-8d44f100.jpg | https://storage.yandexcloud.net/viiversion-auto-sale-media/cars/autoworld-814/other-1790167920298-other-5-607dbda2.jpg | https://storage.yandexcloud.net/viiversion-auto-sale-media/cars/autoworld-814/other-1790167921124-other-6-b493591c.jpg | https://storage.yandexcloud.net/viiversion-auto-sale-media/cars/autoworld-814/other-1790167922092-other-7-6f331d14.jpg | https://storage.yandexcloud.net/viiversion-auto-sale-media/cars/autoworld-814/other-1790167923074-other-8-0769b825.jpg | https://storage.yandexcloud.net/viiversion-auto-sale-media/cars/autoworld-814/other-1790167924211-other-9-31fd675e.jpg | https://storage.yandexcloud.net/viiversion-auto-sale-media/cars/autoworld-814/other-1790167925108-other-10-25c23344.jpg,"🚀
🌟
Mercedes-Benz GLB 250 08/23г.
🚗
✨
🔹
комплектация
LUXE
🔹
Пробег:
45 300ml
.
👍
🔹
Двигатель:
2,0-turbo
на
221л.с.
🐎
💨
🔹
Коробка:
АКПП
🔹
Привод: полный
4
MATIC
🔹
Панорама
☀️
✨
❄️
, массажные сиденья
🔹
Салон из светлой кожи
🐄
🛋
📜
История автомобиля
W1N4M4HB8PW334358
💰
Цена:
🇺🇸
🇷🇺
3 577 000
🇷🇺
🪙
(2-3 мес.)
🇬🇪
🇷🇺
4 588 000
🇷🇺
🪙
(до 10 дн.)
Пример расчёта США/Грузия
на 07.12.2025г.
💵
77"
824,https://t.me/AutoWorld_Georgia/824,2025-12-09T18:46:44+00:00,,VW,Tiguan,2023,SE,45 000ml,"2,0-turbo",187.0,,АКПП,передний,"""завод""",из кожи,"""",3VV3B7AX8RM042956,,,,,,09.12.2025,https://storage.yandexcloud.net/viiversion-auto-sale-media/cars/autoworld-824/main-1790167925733-main-1-ec6da59b.jpg | https://storage.yandexcloud.net/viiversion-auto-sale-media/cars/autoworld-824/other-1790167926555-other-2-50d2b903.jpg | https://storage.yandexcloud.net/viiversion-auto-sale-media/cars/autoworld-824/other-1790167927172-other-3-0a41dcca.jpg | https://storage.yandexcloud.net/viiversion-auto-sale-media/cars/autoworld-824/other-1790167927839-other-4-22d1ca1a.jpg | https://storage.yandexcloud.net/viiversion-auto-sale-media/cars/autoworld-824/other-1790167928720-other-5-2dcd7a54.jpg | https://storage.yandexcloud.net/viiversion-auto-sale-media/cars/autoworld-824/other-1790167929322-other-6-36046958.jpg | https://storage.yandexcloud.net/viiversion-auto-sale-media/cars/autoworld-824/other-1790167930195-other-7-e414ff41.jpg | https://storage.yandexcloud.net/viiversion-auto-sale-media/cars/autoworld-824/other-1790167931049-other-8-6c9b1e8b.jpg | https://storage.yandexcloud.net/viiversion-auto-sale-media/cars/autoworld-824/other-1790167931716-other-9-a66670af.jpg | https://storage.yandexcloud.net/viiversion-auto-sale-media/cars/autoworld-824/other-1790167932563-other-10-bc058840.jpg,"🔤
🔤
🔤
🔤
🔤
🔤
🔤
🚀
🌟
VW Tiguan 10/23г.
🚗
✨
🔹
комплектация
SE
🔹
Пробег:
45 000ml
.
👍
🔹
Двигатель:
2,0-turbo
на
187л.с.
🐎
💨
🔹
Коробка:
АКПП
🔹
Привод: передний
FWD
🔹
Безопасность
""завод""
😀
🔹
Салон из кожи
🐄
🛋
🔹
Авто ""
На ходу
""
🔹
Повреждения ""
сзади
""
🔹
VIN
3VV3B7AX8RM042956
⚖
🛎
Торги назначены 10.12.25г.
💲
Price:
9000-13000
💲
💰
Цена в России под
🔧
:
🪙
2,79 - 3,1
млн
🇷🇺
🪙
# 0-43615881
расчёт 09.12.2025г.
💵
77"
834,https://t.me/AutoWorld_Georgia/834,2025-12-09T20:02:26+00:00,,Audi,Q7,2024,Premium,19 800ml,"2,0-turbo",261.0,,АКПП,полный,"""завод""",кожа,"незначительные царапины, левая задняя дверь.",WA1ACBF78SD003214,10.12.2025,,,,,09.12.2025,https://storage.yandexcloud.net/viiversion-auto-sale-media/cars/autoworld-834/main-1790167933514-main-1-f64c800b.jpg | https://storage.yandexcloud.net/viiversion-auto-sale-media/cars/autoworld-834/other-1790167934360-other-2-eed5fdca.jpg | https://storage.yandexcloud.net/viiversion-auto-sale-media/cars/autoworld-834/other-1790167935014-other-3-0b70bdec.jpg | https://storage.yandexcloud.net/viiversion-auto-sale-media/cars/autoworld-834/other-1790167935896-other-4-1e9633b0.jpg | https://storage.yandexcloud.net/viiversion-auto-sale-media/cars/autoworld-834/other-1790167936892-other-5-4773358b.jpg | https://storage.yandexcloud.net/viiversion-auto-sale-media/cars/autoworld-834/other-1790167938053-other-6-0d5a1195.jpg | https://storage.yandexcloud.net/viiversion-auto-sale-media/cars/autoworld-834/other-1790167939037-other-7-8b324bdd.jpg | https://storage.yandexcloud.net/viiversion-auto-sale-media/cars/autoworld-834/other-1790167939893-other-8-ca3e79ff.jpg | https://storage.yandexcloud.net/viiversion-auto-sale-media/cars/autoworld-834/other-1790167940815-other-9-1e7ab405.jpg | https://storage.yandexcloud.net/viiversion-auto-sale-media/cars/autoworld-834/other-1790167941634-other-10-ae6cd981.jpg,"🔤
🔤
🔤
🔤
🔤
🔤
🔤
🚀
🌟
Audi Q7 03/24г.
🚗
✨
🔹
комплектация
Premium
🔹
Пробег:
19 800ml
.
👍
🔹
Двигатель:
2,0-turbo
на
261HP
🐎
💨
🔹
Коробка:
АКПП
🔹
Привод: полный
AWD
🔹
Безопасность
""завод""
😀
🔹
Салон
кожа
🐄
🛋
🔹
Авто ""
На ходу
""
🔹
Повреждения:
незначительные царапины, левая задняя дверь.
🔹
VIN
WA1ACBF78SD003214
⚖
🛎
Торги
10.12.2025г
.
💲
Buy now
-
32000
💲
💰
Цена в России под
🔧
:
🪙
5 900 000
🇷🇺
🪙
# 1-90886375
расчёт 09.12.2025г.
💵
77"
844,https://t.me/AutoWorld_Georgia/844,2025-12-09T20:55:06+00:00,,,,,SEL,23 000,атмосферный,147.0,,CVT,передний,"""",из кожи,,KMHLS4AG2PU616419,,,,,,,,"🔤
🔤
🔤
🔤
🔤
🔤
к
🔤
🔤
‼️
🚀
🌟
Hyundai Elantra 06/23г.
🚗
✨
🔹
комплектация
SEL
🔹
Пробег:
23 000
км.
👍
🔹
Двигатель: атмосферный
2,0л.
на
147л.с.
🐎
💨
🔹
Коробка:
CVT
🔹
Привод: передний
FWD
🔹
Безопасность ""
завод
""
🛡
🔹
Салон из кожи
🐄
🛋
,
📜
История автомобиля минимальная
KMHLS4AG2PU616419
💰
Цена:
2 180 000
🇷🇺
🪙
под ключ!
🔑
🔎
1210АРГ0023ИС
💵
77"
854,https://t.me/AutoWorld_Georgia/854,2025-12-11T18:49:23+00:00,,BMW,330 XI,2024,,2 800км,"2,0-turbo",255.0,,АКПП,полный,"""завод""",кожа,незначительные царапины,3MW89CW00S8E95257,16.12.2025,,,,,11.12.2025,https://storage.yandexcloud.net/viiversion-auto-sale-media/cars/autoworld-854/main-1790167942436-main-1-7954a374.jpg | https://storage.yandexcloud.net/viiversion-auto-sale-media/cars/autoworld-854/other-1790167943188-other-2-53a7c373.jpg | https://storage.yandexcloud.net/viiversion-auto-sale-media/cars/autoworld-854/other-1790167944005-other-3-1393938e.jpg | https://storage.yandexcloud.net/viiversion-auto-sale-media/cars/autoworld-854/other-1790167944636-other-4-9af3f84e.jpg | https://storage.yandexcloud.net/viiversion-auto-sale-media/cars/autoworld-854/other-1790167945115-other-5-b78bad61.jpg | https://storage.yandexcloud.net/viiversion-auto-sale-media/cars/autoworld-854/other-1790167945923-other-6-f964f824.jpg | https://storage.yandexcloud.net/viiversion-auto-sale-media/cars/autoworld-854/other-1790167946605-other-7-4aa17b27.jpg | https://storage.yandexcloud.net/viiversion-auto-sale-media/cars/autoworld-854/other-1790167947229-other-8-ed2bd9e6.jpg | https://storage.yandexcloud.net/viiversion-auto-sale-media/cars/autoworld-854/other-1790167947807-other-9-0785bd96.jpg | https://storage.yandexcloud.net/viiversion-auto-sale-media/cars/autoworld-854/other-1790167948612-other-10-a9b5189c.jpg,"🔤
🔤
🔤
🔤
🔤
🔤
🔤
🚀
🌟
BMW 330 XI 08/24г.
🚗
✨
🔹
Пробег:
2 800км
.
👍
🔹
Двигатель:
2,0-turbo
на
255HP
🐎
💨
🔹
Коробка:
АКПП
🔹
Привод: полный
AWD
🔹
Безопасность
""завод""
😀
🔹
Салон
кожа
🐄
🛋
🔹
Авто ""
На ходу
""
🔹
Повреждения:
незначительные царапины
🔹
VIN
3MW89CW00S8E95257
⚖️
🛎
Торги
16.12.2025г
.
💲
Price: 20000-25000
💲
💰
Цена в России под
🔧
:
🪙
4,38 - 4,9млн
🇷🇺
🪙
# 1-93047745
расчёт 11.12.2025г.
💵
80"
864,https://t.me/AutoWorld_Georgia/864,2025-12-11T19:49:30+00:00,,BMW,X1,2024,XDrive28I,7 300ml,"2,0-turbo",241.0,,АКПП,полный,"""завод""",кожа,"""СЗАДИ""",WBX73EF03R5Z99288,16.12.2025,,,,,11.12.2025,https://storage.yandexcloud.net/viiversion-auto-sale-media/cars/autoworld-864/main-1790167949500-main-1-98aa814e.jpg | https://storage.yandexcloud.net/viiversion-auto-sale-media/cars/autoworld-864/other-1790167950072-other-2-e030ef6b.jpg | https://storage.yandexcloud.net/viiversion-auto-sale-media/cars/autoworld-864/other-1790167950900-other-3-0f80e096.jpg | https://storage.yandexcloud.net/viiversion-auto-sale-media/cars/autoworld-864/other-1790167951728-other-4-9cc0b224.jpg | https://storage.yandexcloud.net/viiversion-auto-sale-media/cars/autoworld-864/other-1790167952308-other-5-e437a2b3.jpg | https://storage.yandexcloud.net/viiversion-auto-sale-media/cars/autoworld-864/other-1790167953064-other-6-6d3ad4c1.jpg | https://storage.yandexcloud.net/viiversion-auto-sale-media/cars/autoworld-864/other-1790167953520-other-7-3b115e46.jpg | https://storage.yandexcloud.net/viiversion-auto-sale-media/cars/autoworld-864/other-1790167954303-other-8-7a5a8af6.jpg | https://storage.yandexcloud.net/viiversion-auto-sale-media/cars/autoworld-864/other-1790167955122-other-9-4fa4d5f6.jpg | https://storage.yandexcloud.net/viiversion-auto-sale-media/cars/autoworld-864/other-1790167955698-other-10-8670b846.jpg,"🔤
🔤
🔤
🔤
🔤
🔤
🔤
🚀
🌟
BMW X1 05/24г.
🚗
✨
цвета ""
ясного дня на отдыхе
""
🌤
🔹
комплектация
XDrive28I
🔹
Пробег:
7 300ml
.
👍
🔹
Двигатель:
2,0-turbo
на
241HP
🐎
💨
🔹
Коробка:
АКПП
🔹
Привод: полный
AWD
🔹
Безопасность
""завод""
😀
🔹
Салон
кожа
🐄
🛋
🔹
Авто ""
На ходу
""
🔹
Повреждения:
""СЗАДИ""
(крышка багажника, бампер)
🔹
VIN
WBX73EF03R5Z99288
⚖️
🛎
Торги
16.12.2025г
.
💲
Buy now
-
14 700
💲
💰
Цена в России под
🔧
:
🪙
3 700 000
🇷🇺
🪙
# 0-43221143
расчёт 11.12.2025г.
💵
80"
874,https://t.me/AutoWorld_Georgia/874,2025-12-11T20:26:26+00:00,,Mitsubishi,Eclipse Cross,2021,Limited Edition,61 000,"1,5-turbo",,,CVT,полный,"""",из качественного текстиля,,JA4ATVAA3NZ039324,,,,,,,,"🔤
🔤
🔤
🔤
🔤
к
🔤
🔤
‼️
🚀
🌟
Mitsubishi Eclipse Cross 09/21г.
🚗
✨
🔹
комплектация
Limited Edition
🔹
Пробег:
61 000
ml.
👍
🔹
Двигатель:
1,5-turbo
на
152НР
🐎
💨
🔹
Коробка:
CVT
🔹
Привод: полный
АWD
🔹
Безопасность ""
80% завод
""
🛡
🔹
Салон из качественного текстиля
🛋
,
📜
История автомобиля минимальная
JA4ATVAA3NZ039324
💰
Цена:
2 000 000
🇷🇺
🪙
под ключ!
🔑
🔎
40МА6082911ИС
💵
80"
883,https://t.me/AutoWorld_Georgia/883,2025-12-14T18:49:41+00:00,,VW,Jetta,2020,SE,48 200ml,1.4-turbo,147.0,,АКПП,передний,🔹,качественный текстиль,"незначительные царапины, безопасность",3VWCB7BUXLM074749,15.12.2025,,,,,14.12.2025,,"🔤
🔤
🔤
🔤
🔤
🔤
🔤
на 15.12.
🚀
🌟
VW Jetta 07/20г.
🚗
✨
🔹
комплектация
SE
🔹
Пробег:
48 200ml
.
👍
🔹
Двигатель:
1.4-turbo
на
147HP
🐎
💨
🔹
Коробка:
АКПП
🔹
Привод: передний
FWD
🔹
Салон
качественный текстиль
🛋
🔹
Авто ""
На ходу
""
🔹
Повреждения:
незначительные царапины, безопасность
🔹
VIN
3VWCB7BUXLM074749
⚖️
🛎
Торги
15.12.2025г
.
💲
Buy now
-
5 200
💲
💰
Цена в России под
🔧
:
🪙
1 550 000
🇷🇺
🪙
# 0-43573025
расчёт 14.12.2025г.
💵
80"
893,https://t.me/AutoWorld_Georgia/893,2025-12-16T18:11:01+00:00,,BMW,330 XI,2024,,2 800км,"2,0-turbo",255.0,,АКПП,полный,"""завод""",кожа,незначительные царапины,,,,,,,,,"🚀
🌟
BMW 330 XI  08/24г.
🚗
✨
🔹
Пробег:
2 800км
.
👍
🔹
Двигатель:
2,0-turbo
на
255HP
🐎
💨
🔹
Коробка:
АКПП
🔹
Привод: полный
AWD
🔹
Безопасность
""завод""
😀
🔹
Салон
кожа
🐄
🛋
🔹
Авто ""
На ходу
""
🔹
Повреждения:
незначительные царапины
🔹
VIN
3MW89CW00S8E9525
💰
Цена в России под
🔧
:
🪙
4,82 млн
🇷🇺
🪙"
894,https://t.me/AutoWorld_Georgia/894,2025-12-16T19:24:55+00:00,,Subaru,Crosstrek,2024,Premium,24 000км,атмосферный,152.0,,CVT,полный,"""завод""",качественный текстиль,"передний бампер и ""хлопун"" на заднем крыле",JF2GUADC3R8874811,17.12.2025,,,,,16.12.2025,,"🔤
🔤
🔤
🔤
🔤
🔤
🔤
на 17.12.
🚀
🌟
Subaru Crosstrek 07/24г.
🚗
✨
🔹
Комплектация
Premium
🔹
Пробег:
24 000км
.
👍
🔹
Двигатель: атмосферный
2,0L
на
152HP
🐎
💨
🔹
Коробка:
CVT
🔹
Привод: полный
AWD
🔹
Кузов
‼️
и безопасность
""завод""
😀
🔹
Салон
качественный текстиль
🛋
🔹
Авто ""
На ходу
""
🔹
Повреждения:
передний бампер и ""хлопун"" на заднем крыле
🔹
VIN
JF2GUADC3R8874811
⚖️
🛎
Торги
17.12.2025г
.
💲
Price: 9000-12000
💲
💰
Цена в России под
🔧
:
🪙
1,8 - 2,37млн
🇷🇺
🪙
# 0-43610655
расчёт 16.12.2025г.
💵
80"
909,https://t.me/AutoWorld_Georgia/909,2025-12-19T19:07:54+00:00,,VW,Jetta,2021,S,61 500,"1,4-turbo",,,АКПП-9,передний,"""восстановлена""",из качественного текстиля,,3VWC57BU6MM100398,,,,,,,,"🔤
🔤
🔤
🔤
🔤
к
🔤
🔤
‼️
🚀
🌟
VW Jetta 12/21г.
🚗
✨
🔹
комплектация  S
🔹
Пробег:
61 500
ml.
👍
🔹
Двигатель:
1,4-turbo
на
147НР
🐎
💨
🔹
Коробка:
АКПП-9
🔹
Привод: передний
FWD
🔹
Безопасность ""восстановлена""
🛡
🔹
Салон из качественного текстиля
🛋
,
🔹
Панорама
📜
История автомобиля
3VWC57BU6MM100398
💰
Цена:
1 700 000
🇷🇺
🪙
под ключ!
🔑
🔎
WAГТ1712ИС
💵
81"
915,https://t.me/AutoWorld_Georgia/915,2025-12-20T19:33:21+00:00,,,,,SE,28 000,атмосферный,147.0,,CVT,передний,"""",из качественного текстиля,,KMHLM4DGXRU730578,,,,,,,,"🔤
🔤
🔤
🔤
🔤
🔤
к
🔤
🔤
‼️
🚀
🌟
Hyundai Elantra 01/24г. (рест)
🚗
✨
🔹
комплектация
SE
🔹
Пробег:
28 000
км.
👍
🔹
Двигатель: атмосферный
2,0л.
на
147л.с.
🐎
💨
🔹
Коробка:
CVT
🔹
Привод: передний
FWD
🔹
Безопасность ""
завод
""
🛡
🔹
Салон из качественного текстиля
🛋
,
📜
История автомобиля минимальная
KMHLM4DGXRU730578
💰
Цена:
2 260 000
🇷🇺
🪙
под ключ!
🔑
(торг)
🔎
29МА9444911ИС
💵
81"
922,https://t.me/AutoWorld_Georgia/922,2025-12-20T20:04:34+00:00,,Hyundai,Elantra,2024,SE,18 000,атмосферный,147.0,,CVT,передний,"""",из качественного текстиля,передний бампер и капот,KMHLL4DG0SU945637,22.12.2025,,,,,20.12.2025,,"🔤
🔤
🔤
🔤
🔤
🔤
🔤
на 22.12.
🚀
🌟
Hyundai Elantra 12/24г.(рест)
🚗
✨
🔹
комплектация
SE
🔹
Пробег:
18 000
км.
👍
🔹
Двигатель: атмосферный
2,0л.
на
147л.с.
🐎
💨
🔹
Коробка:
CVT
🔹
Привод: передний
FWD
🔹
Безопасность ""
завод
""
🛡
🔹
Салон из качественного текстиля
🛋
,
🔹
Авто ""
На ходу
""
🔹
Повреждения:
передний бампер и капот
🔹
VIN
KMHLL4DG0SU945637
⚖️
🛎
Торги
22.12.2025г
.
💲
Buy Now -
7 750
💲
💰
Цена в России под
🔧
:
🪙
1,84 млн
🇷🇺
🪙
0-43088244
расчёт 20.12.2025г.
💵
81"
933,https://t.me/AutoWorld_Georgia/933,2025-12-27T02:49:17+00:00,,Mitsubishi,Eclipse Cross,2024,SE,7 000,"1,5-turbo",158.0,,CVT,полный,"""",из качественного текстиля,,JA4ATUAA5SZ007271,,,,,,,,"🚀
🌟
Mitsubishi Eclipse Cross 11/24г.
🚗
✨
🔹
комплектация
SE
🔹
Пробег:
7 000
км.
👍
🔹
Двигатель:
1,5-turbo
на
158л.с
.
🐎
💨
🔹
Коробка:
CVT
🔹
Привод: полный
АWD
🔹
Безопасность ""
завод
""
🛡
🔹
Салон из качественного текстиля
🛋
,
📜
История автомобиля минимальная
JA4ATUAA5SZ007271
💰
Цена:
2 300 000
🇷🇺
🪙
под ключ!
🔑
🔎
2612АИГ1447ИС
💵
79"
943,https://t.me/AutoWorld_Georgia/943,2025-12-28T20:01:01+00:00,,Chevrolet,Trax,2023,1LT,33500км,"1,2-turbo",,,АКПП,передний,"""завод""",из качественного текстиля,,KL77LHE29RC061869,,,,,,,,"🚀
🌟
Chevrolet Trax 06/23г.
🚗
✨
🔹
комплектация
1LT
🔹
Пробег:
33500км
.
👍
🔹
Двигатель:
1,2-turbo
на
137НР
🐎
💨
🔹
Коробка:
АКПП
🔹
Привод: передний
FWD
🔹
Безопасность
""завод""
🛡
🔹
Салон из качественного текстиля
🛋
,
📜
История автомобиля:
🔎
KL77LHE29RC061869
📌
💰
Цена:
1 990 000
🇷🇺
🪙
под ключ!
🔑
🌎
Срок доставки:
7 - 10дней
.
✍️
🔎
АИГ2812ИС
💵
78"
962,https://t.me/AutoWorld_Georgia/962,2026-01-03T16:15:16+00:00,,VW,Jetta,2021,S,61 500ml.,"1,4-turbo на 147НР",,,АКПП-9,передний FWD,"""восстановлена""",из качественного текстиля,,3VWC57BU6MM100398,,,,,,,,"🚀
🌟
VW Jetta 12/21г.
🚗
✨
🔹
комплектация  S
🔹
Пробег:  61 500ml.
👍
🔹
Двигатель: 1,4-turbo на 147НР
🐎
💨
🔹
Коробка: АКПП-9
🔹
Привод: передний FWD
🔹
Безопасность ""восстановлена""
🛡
🔹
Салон из качественного текстиля
🛋
,
🔹
Панорама
📜
История автомобиля
3VWC57BU6MM100398
💰
Цена с учётом акции: 1 640 000
🇷🇺
🔤
под ключ!
🔑
🔎
WAГТ0401ИС
💵
79"
971,https://t.me/AutoWorld_Georgia/971,2026-01-03T18:35:05+00:00,,Nissan,Kicks,2021,S XTRONIC,67 000,атмосферный,122.0,,CVT,передний,90%,из качественного текстиля,,3N1CP5BV9ML542188,,,,,,,,"🚀
🌟
Nissan Kicks 09/21г.
🚗
✨
🔹
комплектация
S XTRONIC
🔹
Пробег:
67 000
км.
👍
🔹
Двигатель: атмосферный
1,6л.
на
122л.с.
🐎
💨
🔹
Коробка:
CVT
🔹
Привод: передний
FWD
🔹
Безопасность:
90%
""
завод
""
🏭
🔹
Салон из качественного текстиля
🛋
, старт-стоп.
📜
История автомобиля
3N1CP5BV9ML542188
💰
Цена по акции:
1 740 000
🇷🇺
🪙
под ключ!
🔑
🔎
WAГТ0301ИС
💵
79"
979,https://t.me/AutoWorld_Georgia/979,2026-01-05T14:22:54+00:00,,на,,2001,GT-Line,20 000км,атмосферный,147.0,,CVT,передний,"""","анатомический, комбинированный",передний бампер и крыло,3KPFW4DE7SE107174,06.01.2026,,,,,05.01.2026,https://storage.yandexcloud.net/viiversion-auto-sale-media/cars/autoworld-979/main-1790167956454-main-1-eaafdfb7.jpg | https://storage.yandexcloud.net/viiversion-auto-sale-media/cars/autoworld-979/other-1790167957227-other-2-9f3e6def.jpg | https://storage.yandexcloud.net/viiversion-auto-sale-media/cars/autoworld-979/other-1790167957820-other-3-ebe67167.jpg | https://storage.yandexcloud.net/viiversion-auto-sale-media/cars/autoworld-979/other-1790167958421-other-4-6ecfae00.jpg | https://storage.yandexcloud.net/viiversion-auto-sale-media/cars/autoworld-979/other-1790167959178-other-5-bbb31c8f.jpg | https://storage.yandexcloud.net/viiversion-auto-sale-media/cars/autoworld-979/other-1790167959988-other-6-7bcbbe28.jpg | https://storage.yandexcloud.net/viiversion-auto-sale-media/cars/autoworld-979/other-1790167960753-other-7-8f72d16f.jpg | https://storage.yandexcloud.net/viiversion-auto-sale-media/cars/autoworld-979/other-1790167961551-other-8-ca96f31c.jpg | https://storage.yandexcloud.net/viiversion-auto-sale-media/cars/autoworld-979/other-1790167962192-other-9-7d4b0c10.jpg | https://storage.yandexcloud.net/viiversion-auto-sale-media/cars/autoworld-979/other-1790167963002-other-10-e5831701.jpg,"🔤
🔤
🔤
🔤
🔤
🔤
🔤
на 06.01.
🚀
🌟
KIA K4 02/25г.
🚗
✨
🔹
комплектация
GT-Line
🔹
Пробег:
20 000км
.
👍
🔹
Двигатель: атмосферный
2,0л.
на
147HP
🐎
💨
🔹
Коробка:
CVT
🔹
Привод: передний
FWD
🔹
Безопасность ""
завод
""
🛡
🔹
Салон анатомический, комбинированный
🛋
, электронная панель.
🔹
Авто ""
На ходу
""
🔹
Повреждения:
передний бампер и крыло
🔹
История автомобиля
👇
3KPFW4DE7SE107174
⚖️
🛎
Торги
06.01.2026г
.
💲
Price: 8 500 - 12000
💲
💰
Цена в России под
🔧
:
🪙
1,99 - 2,49 млн
🇷🇺
🪙
1-90654515
расчёт 05.01.2026г.
💵
82"
989,https://t.me/AutoWorld_Georgia/989,2026-01-05T15:56:26+00:00,,на,,2001,Sel,23 200км,атмосферный,147.0,,CVT,передний,"""",качественный текстиль,"задний бампер, левое крыло",KMHLM4DG1SU927015,07.01.2026,,,,,05.01.2026,https://storage.yandexcloud.net/viiversion-auto-sale-media/cars/autoworld-989/main-1790167963612-main-1-7e0fcc4d.jpg | https://storage.yandexcloud.net/viiversion-auto-sale-media/cars/autoworld-989/other-1790167964383-other-2-bfb79ce2.jpg | https://storage.yandexcloud.net/viiversion-auto-sale-media/cars/autoworld-989/other-1790167965141-other-3-f244f6d1.jpg | https://storage.yandexcloud.net/viiversion-auto-sale-media/cars/autoworld-989/other-1790167965718-other-4-23ae8216.jpg | https://storage.yandexcloud.net/viiversion-auto-sale-media/cars/autoworld-989/other-1790167966172-other-5-fa3e685b.jpg | https://storage.yandexcloud.net/viiversion-auto-sale-media/cars/autoworld-989/other-1790167967001-other-6-de1fb4f0.jpg | https://storage.yandexcloud.net/viiversion-auto-sale-media/cars/autoworld-989/other-1790167967690-other-7-b7638d14.jpg | https://storage.yandexcloud.net/viiversion-auto-sale-media/cars/autoworld-989/other-1790167968344-other-8-f2fad3e0.jpg | https://storage.yandexcloud.net/viiversion-auto-sale-media/cars/autoworld-989/other-1790167968815-other-9-235c94b2.jpg | https://storage.yandexcloud.net/viiversion-auto-sale-media/cars/autoworld-989/other-1790167969586-other-10-4003475f.jpg,"🔤
🔤
🔤
🔤
🔤
🔤
🔤
на 07.01.
🚀
🌟
Hyundai Elantra 11/24г.
🚗
✨
🔹
комплектация
Sel
Sport
🔹
Пробег:
23 200км
.
👍
🔹
Двигатель: атмосферный
2,0л.
на
147HP
🐎
💨
🔹
Коробка:
CVT
🔹
Привод: передний
FWD
🔹
Безопасность ""
завод
""
🛡
🔹
Салон качественный текстиль
🛋
, электронная панель.
🔹
Авто ""
На ходу
""
🔹
Повреждения:
задний бампер, левое крыло
🔹
История автомобиля
👇
KMHLM4DG1SU927015
⚖️
🛎
Торги
07.01.2026г
.
💲
Price: 7 500 - 11000
💲
💰
Цена в России под
🔧
:
🪙
1,85 - 2,38 млн
🇷🇺
🪙
1-97389925
расчёт 05.01.2026г.
💵
82"
1010,https://t.me/AutoWorld_Georgia/1010,2026-01-07T06:55:51+00:00,,на,,2001,GT-Line,20 000км.,"атмосферный 2,0л. на 147HP",147.0,,CVT,передний FWD,"""завод""","анатомический, комбинированный",,,,,,,,,https://storage.yandexcloud.net/viiversion-auto-sale-media/cars/autoworld-1010/main-1790167970075-main-1-6df39ca7.jpg,"🔤
🔤
🔤
🔤
🔤
🔤
🔤
на 06.01.
🚀
🌟
KIA K4 02/25г.
🚗
✨
🔹
комплектация  GT-Line
🔹
Пробег:  20 000км.
👍
🔹
Двигатель: атмосферный 2,0л. на 147HP
🐎
💨
🔹
Коробка: CVT
🔹
Привод: передний FWD
🔹
Безопасность ""завод""
🛡
🔹
Салон анатомический, комбинированный
🛋
, электронная панель.…"
1011,https://t.me/AutoWorld_Georgia/1011,2026-01-07T18:16:42+00:00,,на,,2001,Sel Sport,23 200км.,"атмосферный 2,0л. на 147HP",147.0,,CVT,передний FWD,"""завод""",качественный текстиль,,,,,,,,,https://storage.yandexcloud.net/viiversion-auto-sale-media/cars/autoworld-1011/main-1790167971245-main-1-ad923073.jpg | https://storage.yandexcloud.net/viiversion-auto-sale-media/cars/autoworld-1011/other-1790167971735-other-2-94473649.jpg,"🔤
🔤
🔤
🔤
🔤
🔤
🔤
на 07.01.
🚀
🌟
Hyundai Elantra 11/24г.
🚗
✨
🔹
комплектация  Sel Sport
🔹
Пробег:  23 200км.
👍
🔹
Двигатель: атмосферный 2,0л. на 147HP
🐎
💨
🔹
Коробка: CVT
🔹
Привод: передний FWD
🔹
Безопасность ""завод""
🛡
🔹
Салон качественный текстиль
🛋
, электронная панель.…"
1012,https://t.me/AutoWorld_Georgia/1012,2026-01-07T20:05:22+00:00,,на,,2001,Sel,14 200км,атмосферный,149.0,,IVT,полный,"""",качественный текстиль,"задний бампер, Крышка багажника",KM8HCCABXSU255922,08.01.2026,,,,,07.01.2026,https://storage.yandexcloud.net/viiversion-auto-sale-media/cars/autoworld-1012/main-1790167972663-main-1-0161fa2c.jpg | https://storage.yandexcloud.net/viiversion-auto-sale-media/cars/autoworld-1012/other-1790167973432-other-2-add1cedb.jpg | https://storage.yandexcloud.net/viiversion-auto-sale-media/cars/autoworld-1012/other-1790167974000-other-3-6a37b2d4.jpg | https://storage.yandexcloud.net/viiversion-auto-sale-media/cars/autoworld-1012/other-1790167974764-other-4-d1d0034e.jpg | https://storage.yandexcloud.net/viiversion-auto-sale-media/cars/autoworld-1012/other-1790167975513-other-5-7b26ff82.jpg | https://storage.yandexcloud.net/viiversion-auto-sale-media/cars/autoworld-1012/other-1790167976111-other-6-f3e8b813.jpg | https://storage.yandexcloud.net/viiversion-auto-sale-media/cars/autoworld-1012/other-1790167976662-other-7-62d3af01.jpg | https://storage.yandexcloud.net/viiversion-auto-sale-media/cars/autoworld-1012/other-1790167977216-other-8-90cca133.jpg | https://storage.yandexcloud.net/viiversion-auto-sale-media/cars/autoworld-1012/other-1790167977638-other-9-d090a8e3.jpg | https://storage.yandexcloud.net/viiversion-auto-sale-media/cars/autoworld-1012/other-1790167978059-other-10-550fad7b.jpg,"🔤
🔤
🔤
🔤
🔤
🔤
🔤
на 08.01.
🚀
🌟
Hyundai Kona 12/24г.
🚗
✨
🔹
комплектация
Sel
🔹
Пробег:
14 200км
.
👍
🔹
Двигатель: атмосферный
2,0л.
на
149HP
🐎
💨
🔹
Коробка:
IVT
🔹
Привод: полный
АWD
🔹
Безопасность ""
завод
""
🛡
🔹
Салон качественный текстиль
🛋
, электронная панель.
🔹
Авто ""
На ходу
""
🔹
Повреждения:
задний бампер, Крышка багажника
🔹
История автомобиля
👇
KM8HCCABXSU255922
⚖️
🛎
Торги
08.01.2026г
.
💲
Price: 8 000 - 11500
💲
💰
Цена в России под
🔧
:
🪙
1,9 - 2,39 млн
🇷🇺
🪙
1-93174955
расчёт 07.01.2026г.
💵
81"
1022,https://t.me/AutoWorld_Georgia/1022,2026-01-07T20:36:26+00:00,,,,,Sel,15 000км,атмосферный,149.0,,IVT,полный,,качественный текстиль,,,,,,,,07.01.2026,https://storage.yandexcloud.net/viiversion-auto-sale-media/cars/autoworld-1022/main-1790167978575-main-1-fe2884c7.jpg | https://storage.yandexcloud.net/viiversion-auto-sale-media/cars/autoworld-1022/other-1790167979321-other-2-07afd171.jpg | https://storage.yandexcloud.net/viiversion-auto-sale-media/cars/autoworld-1022/other-1790167980176-other-3-1066739f.jpg | https://storage.yandexcloud.net/viiversion-auto-sale-media/cars/autoworld-1022/other-1790167980820-other-4-721dd060.jpg | https://storage.yandexcloud.net/viiversion-auto-sale-media/cars/autoworld-1022/other-1790167981471-other-5-9f294f07.jpg | https://storage.yandexcloud.net/viiversion-auto-sale-media/cars/autoworld-1022/other-1790167982135-other-6-7cb06c78.jpg | https://storage.yandexcloud.net/viiversion-auto-sale-media/cars/autoworld-1022/other-1790167982916-other-7-3e7d04ca.jpg | https://storage.yandexcloud.net/viiversion-auto-sale-media/cars/autoworld-1022/other-1790167983494-other-8-8a2ea491.jpg | https://storage.yandexcloud.net/viiversion-auto-sale-media/cars/autoworld-1022/other-1790167984302-other-9-af113907.jpg,"🔤
🔤
🔤
🔤
🔤
🔤
🚀
🌟
Hyundai Kona 2024г.
🚗
✨
🔹
комплектация
Sel
🔹
Пробег:
15 000км
.
👍
🔹
Двигатель: атмосферный
2,0л.
на
149HP
🐎
💨
🔹
Коробка:
IVT
🔹
Привод: полный
АWD
🔹
Салон качественный текстиль
🛋
, электронная панель.
💰
Цена в России под
🔧
:
🪙
2,75 млн
🇷🇺
🪙
доставка
7️⃣
➖
9️⃣
дней
54MA1825911ИС
расчёт 07.01.2026г.
💵
81"
1032,https://t.me/AutoWorld_Georgia/1032,2026-01-08T18:01:52+00:00,,на,,2001,,34 400км,"2,0-turbo.",221.0,,АКПП,передний,"""",светлая кожа,Незначительная вмятина / царапины,W1N4M4GB4RW373596,09.01.2026,,,,,08.01.2026,https://storage.yandexcloud.net/viiversion-auto-sale-media/cars/autoworld-1032/main-1790167985195-main-1-88a68420.jpg | https://storage.yandexcloud.net/viiversion-auto-sale-media/cars/autoworld-1032/other-1790167985755-other-2-6cede7b5.jpg | https://storage.yandexcloud.net/viiversion-auto-sale-media/cars/autoworld-1032/other-1790167986503-other-3-73f296c6.jpg | https://storage.yandexcloud.net/viiversion-auto-sale-media/cars/autoworld-1032/other-1790167987274-other-4-b7410379.jpg | https://storage.yandexcloud.net/viiversion-auto-sale-media/cars/autoworld-1032/other-1790167988129-other-5-ade80d52.jpg | https://storage.yandexcloud.net/viiversion-auto-sale-media/cars/autoworld-1032/other-1790167988714-other-6-31d0ff5f.jpg | https://storage.yandexcloud.net/viiversion-auto-sale-media/cars/autoworld-1032/other-1790167989728-other-7-e2403de6.jpg | https://storage.yandexcloud.net/viiversion-auto-sale-media/cars/autoworld-1032/other-1790167990494-other-8-0a19116a.jpg | https://storage.yandexcloud.net/viiversion-auto-sale-media/cars/autoworld-1032/other-1790167990948-other-9-a132599c.jpg | https://storage.yandexcloud.net/viiversion-auto-sale-media/cars/autoworld-1032/other-1790167991727-other-10-18ffe324.jpg,"🔤
🔤
🔤
🔤
🔤
🔤
🔤
на 09.01
.
🚀
🌟
Mercedes-Benz GLB-250 03/24г.
🚗
✨
🔹
Пробег:
34 400км
.
👍
🔹
Двигатель:
2,0-turbo.
на
221HP
🐎
💨
🔹
Коробка:
АКПП
🔹
Привод: передний
FWD
🔹
Безопасность ""
завод
""
🛡
🔹
Салон
светлая кожа
🛋
, электронная панель.
🔹
Авто ""
На ходу
""
🔹
Повреждения:
Незначительная вмятина / царапины
🔹
История автомобиля
👇
W1N4M4GB4RW373596
⚖️
🛎
Торги
09.01.2026г
.
💲
Price: 15 000 - 18500
💲
💰
Цена в России под
🔧
:
🪙
3,69 - 4,1 млн
🇷🇺
🪙
1-91907445
расчёт 08.01.2026г.
💵
80"
1042,https://t.me/AutoWorld_Georgia/1042,2026-01-08T18:42:30+00:00,,на,,2001,LX,17 900км,"2,0",160.0,,CVT,передний,водителя сработала!,качественный текстиль,капот и бампер,3CZRZ1H31SM711346,09.01.2026,,,,,08.01.2026,https://storage.yandexcloud.net/viiversion-auto-sale-media/cars/autoworld-1042/main-1790167992503-main-1-6bb6b553.jpg | https://storage.yandexcloud.net/viiversion-auto-sale-media/cars/autoworld-1042/other-1790167993257-other-2-88439353.jpg | https://storage.yandexcloud.net/viiversion-auto-sale-media/cars/autoworld-1042/other-1790167994089-other-3-099aba49.jpg | https://storage.yandexcloud.net/viiversion-auto-sale-media/cars/autoworld-1042/other-1790167994836-other-4-d186bb20.jpg | https://storage.yandexcloud.net/viiversion-auto-sale-media/cars/autoworld-1042/other-1790167995799-other-5-275f56da.jpg | https://storage.yandexcloud.net/viiversion-auto-sale-media/cars/autoworld-1042/other-1790167996566-other-6-8e6c637a.jpg | https://storage.yandexcloud.net/viiversion-auto-sale-media/cars/autoworld-1042/other-1790167997516-other-7-25871628.jpg | https://storage.yandexcloud.net/viiversion-auto-sale-media/cars/autoworld-1042/other-1790167998321-other-8-25b1ef75.jpg | https://storage.yandexcloud.net/viiversion-auto-sale-media/cars/autoworld-1042/other-1790167999039-other-9-48bcefdb.jpg | https://storage.yandexcloud.net/viiversion-auto-sale-media/cars/autoworld-1042/other-1790167999831-other-10-55452bfd.jpg,"🔤
🔤
🔤
🔤
🔤
🔤
🔤
на 09.01
.
🚀
🌟
Honda H-RV 07/24г.
🚗
✨
🔹
комплектация
LX
🔹
Пробег:
17 900км
.
👍
🔹
Двигатель:
2,0
на
160лс
🐎
💨
🔹
Коробка:
CVT
🔹
Привод: передний
FWD
🔹
Безопасность водителя сработала!
🔹
Салон
качественный текстиль
🛋
🔹
Авто ""
На ходу
""
🔹
Повреждения:
капот и бампер
🔹
История автомобиля
👇
3CZRZ1H31SM711346
⚖️
🛎
Торги
09.01.2026г
.
💲
Price: 7 000 - 10000
💲
💰
Цена в России под
🔧
:
🪙
2,75 - 3,16 млн
🇷🇺
🪙
1-99111125
расчёт 08.01.2026г.
💵
80"
1052,https://t.me/AutoWorld_Georgia/1052,2026-01-08T19:04:58+00:00,,,,,EX,17 400км,1.8,141.0,,CVT,полный,водителя сработала!,качественный текстиль,,3CZRU6H57NM752985,,,,,,08.01.2026,https://storage.yandexcloud.net/viiversion-auto-sale-media/cars/autoworld-1052/main-1790168000381-main-1-87617c8e.jpg | https://storage.yandexcloud.net/viiversion-auto-sale-media/cars/autoworld-1052/other-1790168000955-other-2-3d82ae64.jpg | https://storage.yandexcloud.net/viiversion-auto-sale-media/cars/autoworld-1052/other-1790168001510-other-3-a002a5bd.jpg | https://storage.yandexcloud.net/viiversion-auto-sale-media/cars/autoworld-1052/other-1790168002248-other-4-fb77e195.jpg | https://storage.yandexcloud.net/viiversion-auto-sale-media/cars/autoworld-1052/other-1790168002748-other-5-ce37a474.jpg | https://storage.yandexcloud.net/viiversion-auto-sale-media/cars/autoworld-1052/other-1790168003500-other-6-a2562e90.jpg | https://storage.yandexcloud.net/viiversion-auto-sale-media/cars/autoworld-1052/other-1790168004089-other-7-17a91aa6.jpg | https://storage.yandexcloud.net/viiversion-auto-sale-media/cars/autoworld-1052/other-1790168004579-other-8-338eb059.jpg,"🔤
🔤
🔤
🔤
🔤
🔤
до
1️⃣
6️⃣
0️⃣
🔤
🔤
🚀
🌟
Honda H-RV 02/22г.
🚗
✨
🔹
комплектация
EX
🔹
Пробег:
17 400км
.
👍
🔹
Двигатель:
1.8
на
141HP
🐎
💨
🔹
Коробка:
CVT
🔹
Привод: полный
АWD
🔹
Безопасность водителя сработала!
🔹
Салон
качественный текстиль
🛋
🔹
История автомобиля
👇
3CZRU6H57NM752985
💰
Цена в России под
🔧
:
🪙
2️⃣
🔣
1️⃣
8️⃣
млн
🇷🇺
🪙
33МА4398911ИС
расчёт 08.01.2026г.
💵
80"
1059,https://t.me/AutoWorld_Georgia/1059,2026-01-09T19:01:26+00:00,,Mitsubishi,Eclipse Cross,2021,SE,50 000мл,"1,5-turbo",160.0,,CVT,полный,"""",кожа,,JA4ATWAA9NZ003496,,,,,,08.01.2026,https://storage.yandexcloud.net/viiversion-auto-sale-media/cars/autoworld-1059/main-1790168005918-main-1-f2c0b6a8.jpg | https://storage.yandexcloud.net/viiversion-auto-sale-media/cars/autoworld-1059/other-1790168007150-other-2-d892b22a.jpg | https://storage.yandexcloud.net/viiversion-auto-sale-media/cars/autoworld-1059/other-1790168008038-other-3-84e7c66d.jpg | https://storage.yandexcloud.net/viiversion-auto-sale-media/cars/autoworld-1059/other-1790168008795-other-4-e08f5770.jpg | https://storage.yandexcloud.net/viiversion-auto-sale-media/cars/autoworld-1059/other-1790168009371-other-5-e12a0fd1.jpg | https://storage.yandexcloud.net/viiversion-auto-sale-media/cars/autoworld-1059/other-1790168010187-other-6-cca3bd9b.jpg | https://storage.yandexcloud.net/viiversion-auto-sale-media/cars/autoworld-1059/other-1790168011097-other-7-41ed9c52.jpg | https://storage.yandexcloud.net/viiversion-auto-sale-media/cars/autoworld-1059/other-1790168011886-other-8-be7d6e98.jpg | https://storage.yandexcloud.net/viiversion-auto-sale-media/cars/autoworld-1059/other-1790168012847-other-9-8f54bf45.jpg | https://storage.yandexcloud.net/viiversion-auto-sale-media/cars/autoworld-1059/other-1790168013332-other-10-76950ef1.jpg,"🔤
🔤
🔤
🔤
🔤
🔤
до 160 лс
🚀
🌟
Mitsubishi Eclipse Cross 02/21г.
🚗
✨
🔹
комплектация
SE
🔹
Пробег:
50 000мл
.
👍
🔹
Двигатель:
1,5-turbo
на
155л.с
.
🐎
💨
🔹
Коробка:
CVT
🔹
Привод: полный
АWD
🔹
Безопасность ""
завод
""
🛡
🔹
Салон кожа
🐄
🛋
,
📜
История автомобиля
JA4ATWAA9NZ003496
💰
Цена в России под
🔧
:
🪙
2️⃣
🔣
0️⃣
8️⃣
млн
🇷🇺
🪙
🔎
98MA0748911ИС
расчёт 08.01.2026г.
💵
80"
1068,https://t.me/AutoWorld_Georgia/1068,2026-01-09T19:37:56+00:00,,на,,2001,LX,17 900км.,"2,0 на 160лс",160.0,,CVT,передний FWD,водителя сработала!,качественный текстиль,…,,,,,,,,https://storage.yandexcloud.net/viiversion-auto-sale-media/cars/autoworld-1068/main-1790168013808-main-1-34fdd0e8.jpg,"🔤
🔤
🔤
🔤
🔤
🔤
🔤
на 09.01.
🚀
🌟
Honda H-RV 07/24г.
🚗
✨
🔹
комплектация  LX
🔹
Пробег:  17 900км.
👍
🔹
Двигатель: 2,0 на 160лс
🐎
💨
🔹
Коробка: CVT
🔹
Привод: передний FWD
🔹
Безопасность водителя сработала!
🔹
Салон качественный текстиль
🛋
🔹
Авто ""На ходу""
🔹
Повреждения:…"
1069,https://t.me/AutoWorld_Georgia/1069,2026-01-10T11:07:14+00:00,,на,,2001,,34 400км.,"2,0-turbo. на 221HP",221.0,,АКПП,передний FWD,"""завод""",светлая кожа,…,,,,,,,,https://storage.yandexcloud.net/viiversion-auto-sale-media/cars/autoworld-1069/main-1790168015247-main-1-da19792b.jpg | https://storage.yandexcloud.net/viiversion-auto-sale-media/cars/autoworld-1069/other-1790168015760-other-2-20e8ef82.jpg,"🔤
🔤
🔤
🔤
🔤
🔤
🔤
на 09.01.
🚀
🌟
Mercedes-Benz GLB-250 03/24г.
🚗
✨
🔹
Пробег:  34 400км.
👍
🔹
Двигатель: 2,0-turbo. на 221HP
🐎
💨
🔹
Коробка: АКПП
🔹
Привод: передний FWD
🔹
Безопасность ""завод""
🛡
🔹
Салон светлая кожа
🛋
, электронная панель.
🔹
Авто ""На ходу""
🔹
Повреждения:…"
1070,https://t.me/AutoWorld_Georgia/1070,2026-01-10T11:28:03+00:00,,Hyundai,Kona,2022,Sel,30 000км,атмосферный,160.0,,СVT,полный,"""",качественный текстиль,,KM8K6CAB5PU946652,,,,,,10.01.2026,https://storage.yandexcloud.net/viiversion-auto-sale-media/cars/autoworld-1070/main-1790168016677-main-1-a8df690b.jpg | https://storage.yandexcloud.net/viiversion-auto-sale-media/cars/autoworld-1070/other-1790168017575-other-2-a17558fc.jpg | https://storage.yandexcloud.net/viiversion-auto-sale-media/cars/autoworld-1070/other-1790168018357-other-3-01691da2.jpg | https://storage.yandexcloud.net/viiversion-auto-sale-media/cars/autoworld-1070/other-1790168019229-other-4-eb860428.jpg | https://storage.yandexcloud.net/viiversion-auto-sale-media/cars/autoworld-1070/other-1790168020154-other-5-2afdc8bb.jpg | https://storage.yandexcloud.net/viiversion-auto-sale-media/cars/autoworld-1070/other-1790168020735-other-6-8d48ee8d.jpg | https://storage.yandexcloud.net/viiversion-auto-sale-media/cars/autoworld-1070/other-1790168021490-other-7-4ebaa7fe.jpg | https://storage.yandexcloud.net/viiversion-auto-sale-media/cars/autoworld-1070/other-1790168022250-other-8-ff99ce46.jpg | https://storage.yandexcloud.net/viiversion-auto-sale-media/cars/autoworld-1070/other-1790168022816-other-9-10327a67.jpg | https://storage.yandexcloud.net/viiversion-auto-sale-media/cars/autoworld-1070/other-1790168023332-other-10-f696d64f.jpg,"🔤
🔤
🔤
🔤
🔤
🔤
до 160лс
🚀
🌟
Hyundai Kona 08/22г.
🚗
✨
🔹
комплектация
Sel
🔹
Пробег:
30 000км
.
👍
🔹
Двигатель: атмосферный
2,0л.
на
147HP
🐎
💨
🔹
Коробка:
СVT
🔹
Привод: полный
АWD
🔹
Кузов в заводском окрасе
‼️
🔹
Безопасность ""
80% завод
""
🛡
🔹
Салон качественный текстиль
🛋
📜
История автомобиля
KM8K6CAB5PU946652
💰
Цена в России под
🔧
:
🪙
2,1 млн
🇷🇺
🪙
доставка
7️⃣
➖
9️⃣
дней
0901ГТ1221ИС
расчёт 10.01.2026г.
💵
80"
1080,https://t.me/AutoWorld_Georgia/1080,2026-01-11T18:06:40+00:00,,Audi,A3,2024,Premium 40 TFSI,14 500км,"2,0-turbo",201.0,,S Tronic,передний,"и кузов """,кожа,без удара,WAUAUDGY7RA137498,,,,,,11.01.2026,https://storage.yandexcloud.net/viiversion-auto-sale-media/cars/autoworld-1080/main-1790168024202-main-1-0d83bca7.jpg | https://storage.yandexcloud.net/viiversion-auto-sale-media/cars/autoworld-1080/other-1790168024982-other-2-f830ebc2.jpg | https://storage.yandexcloud.net/viiversion-auto-sale-media/cars/autoworld-1080/other-1790168025758-other-3-ec663a02.jpg | https://storage.yandexcloud.net/viiversion-auto-sale-media/cars/autoworld-1080/other-1790168026540-other-4-857e1734.jpg | https://storage.yandexcloud.net/viiversion-auto-sale-media/cars/autoworld-1080/other-1790168027166-other-5-0b954c55.jpg | https://storage.yandexcloud.net/viiversion-auto-sale-media/cars/autoworld-1080/other-1790168027669-other-6-87c8b2db.jpg | https://storage.yandexcloud.net/viiversion-auto-sale-media/cars/autoworld-1080/other-1790168028473-other-7-28437a6d.jpg | https://storage.yandexcloud.net/viiversion-auto-sale-media/cars/autoworld-1080/other-1790168029344-other-8-47fe23ad.jpg | https://storage.yandexcloud.net/viiversion-auto-sale-media/cars/autoworld-1080/other-1790168030071-other-9-c7d183d1.jpg | https://storage.yandexcloud.net/viiversion-auto-sale-media/cars/autoworld-1080/other-1790168030637-other-10-e073bcdf.jpg,"🔤
🔤
🔤
🔤
🔤
🔤
🔤
на 13.01.
🚀
🌟
Audi A3 04/24г.
🚗
✨
🔹
комплектация
Premium 40 TFSI
🔹
Пробег:
14 500км
.
👍
🔹
Двигатель:
2,0-turbo
на
201HP
🐎
💨
🔹
Коробка:
S Tronic
🔹
Привод: передний
FWD
🔹
Безопасность и кузов ""
завод
""
🛡
🔹
Салон кожа
🐄
🛋
, панорама
💥
🌤
🔹
Авто ""
На ходу
""
🔹
Повреждения:
без удара
🔹
История автомобиля
👇
WAUAUDGY7RA137498
⚖️
🛎
Торги  13
.01.2026г
.
💲
Price: 13 500 - 17 500
💲
💰
Цена в России под
🔧
:
🪙
3,5-3,9 млн
🇷🇺
🪙
0-43287588
расчёт 11.01.2026г.
💵
80"
1090,https://t.me/AutoWorld_Georgia/1090,2026-01-11T19:19:38+00:00,,на,,2001,LS,1000км,"1,3-turbo.",155.0,,АКПП-9,передний,"""",качественный текстиль,царапина на бампере,KL79MMSL2TB029869,12.01.2026,,,,,11.01.2026,https://storage.yandexcloud.net/viiversion-auto-sale-media/cars/autoworld-1090/main-1790168031449-main-1-76edb7a0.jpg | https://storage.yandexcloud.net/viiversion-auto-sale-media/cars/autoworld-1090/other-1790168032194-other-2-203a27d6.jpg | https://storage.yandexcloud.net/viiversion-auto-sale-media/cars/autoworld-1090/other-1790168032995-other-3-82d55b01.jpg | https://storage.yandexcloud.net/viiversion-auto-sale-media/cars/autoworld-1090/other-1790168033963-other-4-35b4b677.jpg | https://storage.yandexcloud.net/viiversion-auto-sale-media/cars/autoworld-1090/other-1790168034731-other-5-6f934623.jpg | https://storage.yandexcloud.net/viiversion-auto-sale-media/cars/autoworld-1090/other-1790168035301-other-6-8b6f8027.jpg | https://storage.yandexcloud.net/viiversion-auto-sale-media/cars/autoworld-1090/other-1790168035883-other-7-824792a7.jpg | https://storage.yandexcloud.net/viiversion-auto-sale-media/cars/autoworld-1090/other-1790168036443-other-8-126e8bed.jpg | https://storage.yandexcloud.net/viiversion-auto-sale-media/cars/autoworld-1090/other-1790168036997-other-9-bb207f61.jpg | https://storage.yandexcloud.net/viiversion-auto-sale-media/cars/autoworld-1090/other-1790168037764-other-10-f8d80bd7.jpg,"🔤
🔤
🔤
🔤
🔤
🔤
🔤
на 12.01.
🚀
🌟
Chevrolet Trailblazer 05/25г.
🚗
✨
🔹
комплектация
LS
🔹
Пробег:
1000км
.
👍
🔹
Двигатель:
1,3-turbo.
на
155HP
🐎
💨
🔹
Коробка:
АКПП-9
🔹
Привод: передний
FWD
🔹
Кузов и безопасность ""
завод
""
🛡
🔹
Салон качественный текстиль
🛋
, электронная панель,
🔹
Авто ""
На ходу
""
🔹
Повреждения: царапина на бампере
🔹
История автомобиля
👇
KL79MMSL2TB029869
⚖️
🛎
Торги
12.01.2026г
.
💲
Price: 8 500 - 11 500
💲
💰
Цена в России под
🔧
:
🪙
1,92 - 2,23 млн
🇷🇺
🪙
1-90578935
расчёт 11.01.2026г.
💵
80"
1103,https://t.me/AutoWorld_Georgia/1103,2026-01-15T11:11:53+00:00,,Mitsubishi,Eclipse Cross,2023,максимальная,12 100мл,"1,5-turbo",155.0,,CVT,полный,"""",кожа,"Передний бампер, водительская подушка и крышка багажника",JA4ATWAA5RZ009950,23.01.2026,,,,,15.01.2026,,"🔤
🔤
🔤
🔤
🔤
🔤
🔤
на 23.01.
🚀
🌟
Mitsubishi Eclipse Cross 07/23г.
🚗
✨
🔹
комплектация максимальная
SEL
🔹
Пробег:
12 100мл
.
👍
🔹
Двигатель:
1,5-turbo
на
155л.с
.
🐎
💨
🔹
Коробка:
CVT
🔹
Привод: полный
АWD
🔹
Безопасность ""
90% завод
""
🛡
🔹
Салон кожа
🐄
🛋
,
🔹
Авто ""
На ходу
""
🔹
Повреждения: Передний бампер, водительская подушка и крышка багажника
📜
История автомобиля
JA4ATWAA5RZ009950
⚖️
🛎
Торги
23.01.2026г
.
💲
Price: 6 500 - 9 500
💲
💰
Цена в России под
🔧
:
🪙
1,6 - 1,9млн
🇷🇺
🪙
🔎
0-43911294
расчёт 15.01.2026г.
💵
80"
1113,https://t.me/AutoWorld_Georgia/1113,2026-01-15T11:57:19+00:00,,Volkswagen,Tiguan,2024,"Se, R-Line",,"2,0л",187.0,,АКПП,FWD,"""",кожа,ГРАД,3VVCB7AX8RM134875,19.01.2026,,,,,15.01.2026,,"🔤
🔤
🔤
🔤
🔤
🔤
🔤
на 19.01.
🚀
🌟
Volkswagen Tiguan 06/24г.
🚗
✨
🔹
комплектация
Se, R-Line
🔹
Двигатель:
2,0л
на
187л.с
.
🐎
💨
🔹
Коробка:
АКПП
🔹
Привод:
FWD
🔹
Безопасность ""
завод
""
🛡
🔹
Салон кожа
🐄
🛋
, электронная панель
🔹
Авто ""
На ходу
""
🔹
Повреждения:
ГРАД
📜
История автомобиля
3VVCB7AX8RM134875
⚖️
🛎
Торги
19.01.2026г
.
💲
Price: 13 500 - 15 500
💲
💰
Цена в России под
🔧
:
🪙
3,45 - 3,65 млн
🇷🇺
🪙
🔎
1-93325975
расчёт 15.01.2026г.
💵
80"
1123,https://t.me/AutoWorld_Georgia/1123,2026-01-15T12:43:55+00:00,,Volkswagen,Tiguan,2024,"Se, R-Line",8 000kм,"2,0л",187.0,,АКПП,AWD,"""",кожа,ГРАД,3VV8B7AX6RM207103,21.01.2026,,,,,15.01.2026,,"🔤
🔤
🔤
🔤
🔤
🔤
🔤
на 21.01.
🚀
🌟
Volkswagen Tiguan 09/24г.
🚗
✨
🔹
комплектация
Se, R-Line
,
Black
🔹
Пробег:
8 000kм
.
👍
🔹
Двигатель:
2,0л
на
187л.с
.
🐎
💨
🔹
Коробка:
АКПП
🔹
Привод:
AWD
🔹
Безопасность ""
завод
""
🛡
🔹
Салон кожа
🐄
🛋
, электронная панель, два ключа, панорама, бронеплёнка на капоте
🔹
Авто ""
На ходу
""
🔹
Повреждения:
ГРАД
📜
История автомобиля
3VV8B7AX6RM207103
⚖️
🛎
Торги
21.01.2026г
.
💲
Price: 13 500 - 16 000
💲
💰
Цена в России под
🔧
:
🪙
3,5 - 3,75 млн
🇷🇺
🪙
🔎
1-93325975
расчёт 15.01.2026г.
💵
80"
1149,https://t.me/AutoWorld_Georgia/1149,2026-01-17T18:19:51+00:00,,Mitsubishi,Eclipse Cross,2023,Limited Edition,42 200kм,1.5л,155.0,,CVT,AWD,"""",качественный текстиль,,JA4ATVAA0PZ040188,,,,,,17.01.2026,,"🔥
🔥
⚠️
⚠️
⚠️
🚀
🌟
Mitsubishi Eclipse Cross 02/23г.
🚗
✨
🔹
комплектация
Limited Edition
(RALLI ART)
🔹
Пробег:
42 200kм
.
👍
🔹
Двигатель:
1.5л
на
155л.с
.
🐎
💨
🔹
Коробка:
CVT
🔹
Привод:
AWD
🔹
Безопасность ""
завод
""
🛡
🔹
Салон качественный текстиль
🛋
(на фото, передние сиденья в чехлах!)
📜
История автомобиля
JA4ATVAA0PZ040188
💰
Цена в России под
🔧
:
🪙
2️⃣
🔣
1️⃣
🔤
🔤
🔤
🪙
🔎
1601САТ
расчёт 17.01.2026г.
💵
79"
1157,https://t.me/AutoWorld_Georgia/1157,2026-01-17T18:41:17+00:00,,,,,Sel,72 700км,атмосферный,160.0,,CVT,передний,"""",качественный текстиль,,KMHLM4AG2PU567944,,,,,,17.01.2026,,"❗️
❗️
❗️
🔤
🔤
🔤
🔤
🔤
🔤
до 160лс
🚀
🌟
Hyundai Elantra 04/23г.
🚗
✨
🔹
комплектация
Sel
🔹
Пробег:
72 700км
.
👍
🔹
Двигатель: атмосферный
2,0л.
на
147HP
🐎
💨
🔹
Коробка:
CVT
🔹
Привод: передний
FWD
🔹
Безопасность ""
завод
""
🛡
🔹
Салон качественный текстиль
🛋
🔹
История автомобиля
👇
KMHLM4AG2PU567944
💰
Цена в России под
🔧
:
🪙
1⃣
🤩
8⃣
5⃣
*
🤩
🤩
🤩
🪙
🔎
72МА1176911ИС
расчёт 17.01.2026г.
💵
79
*
подробности в ЛС"
1167,https://t.me/AutoWorld_Georgia/1167,2026-01-17T19:36:35+00:00,,Honda,HR-V,2022,EX,17 400км,атмосферный,160.0,,CVT,полный,"""",качественный текстиль,,3CZRU6H57NM752985,,,,,,17.01.2026,,"🔤
🔤
🔤
🔤
🔤
🔤
до 160лс
🚀
🌟
Honda HR-V 02/22г.
🚗
✨
🔹
комплектация
EX
🔹
Пробег:
17 400км
.
👍
🔹
Двигатель: атмосферный
1,8л.
на
141HP
🐎
💨
🔹
Коробка:
CVT
🔹
Привод: полный
АWD
🔹
Безопасность ""
90%
завод
""
🛡
🔹
Салон качественный текстиль
🛋
, люк, есть всё кроме кожи!!!
🔹
История автомобиля
👇
3CZRU6H57NM752985
💰
Цена в России под
🔧
:
🪙
2⃣
🤩
0⃣
5⃣
🤩
🤩
🤩
🪙
🔎
33МА4398911ИС
расчёт 17.01.2026г.
💵
79"
1176,https://t.me/AutoWorld_Georgia/1176,2026-01-19T19:07:12+00:00,,Volkswagen,Jetta,2021,SEL Premium,48 600ml,"1,4-turbo",160.0,,АКПП - 8,передний FWD,"""восстановлена""",кожа,,3VWG57BU4MM052689,,,,,,19.01.2026,,"🔤
🔤
🔤
🔤
🔤
🔤
до 160лс
🚀
🌟
Volkswagen Jetta 03/21г.
🚗
✨
🔹
комплектация
SEL Premium
🔹
Пробег:
48 600ml
.
👍
🔹
Двигатель:
1,4-turbo
на
147HP
🐎
💨
🔹
Коробка:
АКПП - 8
🔹
Привод:
передний FWD
🔹
Безопасность ""восстановлена""
🛡
🔹
Салон кожа
🛋
, панорама, электронная панель
🔹
История автомобиля
👇
3VWG57BU4MM052689
💰
Цена в России под
🔧
:
🪙
1⃣
🤩
9⃣
2⃣
🤩
🤩
🤩
🪙
🔎
38МА1530021ИС
расчёт 19.01.2026г.
💵
79"
1186,https://t.me/AutoWorld_Georgia/1186,2026-01-23T02:38:08+00:00,,BMW,530I,2025,,11 200км,"2,0-turbo",255.0,,АКПП,задний,"""завод""",кожа,незначительные царапины справа,WBA43FJ0XTCW39271,26.01.2026,,,,,23.01.2026,,"🔤
🔤
🔤
🔤
🔤
🔤
🔤
на 26.01.
🚀
🌟
BMW 530I 09/25г.
🚗
✨
🔹
Пробег:
11 200км
.
👍
🔹
Двигатель:
2,0-turbo
на
255HP
🐎
💨
🔹
Коробка:
АКПП
🔹
Привод: задний
RWD
🔹
Безопасность
""завод""
😀
🔹
Салон
кожа
🐄
🛋
🔹
Авто ""
На ходу
""
🔹
Повреждения:
незначительные царапины справа
🔹
История автомобиля
👇
WBA43FJ0XTCW39271
⚖️
🛎
Торги
26.01.2026г
.
💲
Price: +-33000
💲
💰
Цена в России под
🔧
:
🪙
6.0млн
🇷🇺
🪙
# 1-99262965
расчёт 23.01.2026г.
💵
78"
1196,https://t.me/AutoWorld_Georgia/1196,2026-01-23T09:58:03+00:00,,BMW,330I,2024,M-пакет,51 500км,"2,0-twin",255.0,,АКПП,задний RWD,"""завод""",кожа,,3MW69FF00R8E38818,,,,,,23.01.2026,,"🔤
🔤
🔤
🔤
🔤
🔤
🚀
🌟
BMW 330I 01/24г.
🚗
✨
🔹
комплектация
M-пакет
🔹
Пробег:
51 500км
.
👍
🔹
Двигатель:
2,0-twin
turbo
на
255HP
🐎
💨
🔹
Коробка:
АКПП
🔹
Привод:
задний RWD
🔹
Безопасность ""завод""
🛡
🔹
Салон кожа
🛋
, панорама, электронная панель, адаптивный свет.
🔹
История автомобиля
👇
3MW69FF00R8E38818
💰
Цена в России под
🔧
:
🪙
5⃣
🤩
9⃣
5⃣
🤩
🤩
🤩
🪙
🔎
09МА0750911ИС
расчёт 23.01.2026г.
💵
78"
1205,https://t.me/AutoWorld_Georgia/1205,2026-01-23T10:25:46+00:00,,BMW,330I,2024,,39 400км,"2,0-turbo",255.0,,АКПП,задний,"""завод""",кожа,незначительные царапины слева сзади,3MW69FF01R8E43896,28.01.2026,,,,,23.01.2026,,"🔤
🔤
🔤
🔤
🔤
🔤
🔤
на 28.01.
🚀
🌟
BMW 330I 02/24г.
🚗
✨
🔹
Пробег:
39 400км
.
👍
🔹
Двигатель:
2,0-turbo
на
255HP
🐎
💨
🔹
Коробка:
АКПП
🔹
Привод: задний
RWD
🔹
Безопасность
""завод""
😀
🔹
Салон
кожа
🐄
🛋
,панорама, электронная панель
🔹
Авто ""
На ходу
""
🔹
Повреждения:
незначительные царапины слева сзади
🔹
История автомобиля
👇
3MW69FF01R8E43896
⚖️
🛎
Торги
28.01.2026г
.
💲
Price: +-18000
💲
💰
Цена в России под
🔧
:
🪙
3.9млн
🇷🇺
🪙
# 0-43603177
расчёт 23.01.2026г.
💵
78"
1217,https://t.me/AutoWorld_Georgia/1217,2026-01-25T04:17:57+00:00,,Hyundai,Kona,2023,SEL,16 000км,атмосферный,160.0,,CVT,передний,"""",качественный текстиль,,KM8HC3AB5RU106134,,,,,,25.01.2026,,"👤
👤
👤
👤
👤
👤
до 160лс
🚀
🌟
Hyundai Kona 12/23г.
🚗
✨
🔹
комплектация
SEL
🔹
Пробег:
16 000км
.
👍
🔹
Двигатель: атмосферный
2,0л.
на
147HP
🐎
💨
🔹
Коробка:
CVT
🔹
Привод: передний
FWD
🔹
Безопасность ""
завод
""
🛡
🔹
Салон качественный текстиль
🛋
🔹
История автомобиля
👇
KM8HC3AB5RU106134
(VPN)
💰
Цена в России под
🔧
:
🪙
2️⃣
🤩
3️⃣
👤
👤
👤
🪙
🔎
60МА9302911ИС
расчёт 25.01.2026г.
💵
77"
1236,https://t.me/AutoWorld_Georgia/1236,2026-01-25T05:11:08+00:00,,Hyundai,Kona,2023,SEL,50 200км,атмосферный,160.0,,CVT,полный,"""",качественный текстиль,,KM8HBCAB0RU091920,,,,,,25.01.2026,,"👤
👤
👤
👤
👤
👤
до 160лс
🚀
🌟
Hyundai Kona 11/23г.
🚗
✨
🔹
комплектация
SEL
🔹
Пробег:
50 200км
.
👍
🔹
Двигатель: атмосферный
2,0л.
на
147HP
🐎
💨
🔹
Коробка:
CVT
🔹
Привод: полный
🔤
🔤
🔤
🔹
Кузов и безопасность ""
завод
""
🛡
🔹
Салон качественный текстиль
🛋
, электронная панель
🔹
История автомобиля
👇
KM8HBCAB0RU091920
💰
Цена в России под
🔧
:
🪙
2️⃣
🤩
4️⃣
5️⃣
👤
👤
👤
🪙
🔎
83МА8938911ИС
расчёт 25.01.2026г.
💵
77"
1246,https://t.me/AutoWorld_Georgia/1246,2026-01-25T05:44:26+00:00,,KIA,Seltos,2021,EX,48 000ml,атмосферный,160.0,,CVT,полный,"""",кожа,,KNDERCAA2N7248575,,,,,,25.01.2026,,"👤
👤
👤
👤
👤
👤
до 160лс
🚀
🌟
KIA Seltos 06/21г.
🚗
✨
🔹
комплектация
EX
🔹
Пробег:
48 000ml
.
👍
🔹
Двигатель: атмосферный
2,0л.
на
147HP
🐎
💨
🔹
Коробка:
CVT
🔹
Привод: полный
🔤
🔤
🔤
🔹
Кузов ""
завод
""
🛡
🔹
Безопасность ""
90% завод
""
🛡
🔹
Салон кожа
🐄
🛋
, панорама
🔹
История автомобиля
👇
KNDERCAA2N7248575
💰
Цена в России под
🔧
:
🪙
2️⃣
🤩
1️⃣
7️⃣
👤
👤
👤
🪙
🔎
93МА0311021ИС 120113093
расчёт 25.01.2026г.
💵
77"
1255,https://t.me/AutoWorld_Georgia/1255,2026-01-25T10:01:39+00:00,,Mitsubishi,Eclipse Cross,2021,Limited Edition,68 500kм,1.5л,160.0,,CVT,полный,"""",качественный текстиль,,JA4ATVAA3NZ057340,,,,,,25.01.2026,,"👤
👤
👤
👤
👤
👤
до 160лс
🚀
🌟
Mitsubishi Eclipse Cross 12/21г.
🚗
✨
🔹
комплектация
Limited Edition
🔹
Пробег:
68 500kм
.
👍
🔹
Двигатель:
1.5л
на
155л.с
.
🐎
💨
🔹
Коробка:
CVT
🔹
Привод: полный
🔤
🔤
🔤
🔹
Кузов и безопасность ""
завод
""
🛡
🔹
Салон качественный текстиль
🛋
📜
История автомобиля
JA4ATVAA3NZ057340
💰
Цена в России под
🔧
:
🪙
2️⃣
👤
👤
👤
🪙
🔎
2501АИГ1209
расчёт 25.01.2026г.
💵
77"
1264,https://t.me/AutoWorld_Georgia/1264,2026-01-25T10:14:25+00:00,,Chevrolet,Trailblazer,2022,RS,35 200км,"1,3-turbo.",160.0,,АКПП-9,передний,"""",кожа,,KL79MTSL8PB090448,,,,,,25.01.2026,,"👤
👤
👤
👤
👤
👤
до 160лс
🚀
🌟
Chevrolet Trailblazer 11/22г.
🚗
✨
🔹
комплектация
RS
🔹
Пробег:
35 200км
.
👍
🔹
Двигатель:
1,3-turbo.
на
155HP
🐎
💨
🔹
Коробка:
АКПП-9
🔹
Привод: передний
🔤
🔤
🔤
🔹
Безопасность ""
завод
""
🛡
🔹
Салон кожа
🛋
📜
История автомобиля
KL79MTSL8PB090448
💰
Цена в России под
🔧
:
🪙
2️⃣
🤩
0️⃣
👤
👤
👤
🪙
🔎
2501АИГ0111
расчёт 25.01.2026г.
💵
77"
1274,https://t.me/AutoWorld_Georgia/1274,2026-01-25T10:33:58+00:00,,Buick,Encore,2021,GX,60 100км,"1,3-turbo.",160.0,,АКПП-9,полный,"""",комбинированный,,KL4MMESL9MB166001,,,,,,25.01.2026,,"👤
👤
👤
👤
👤
👤
до 160лс
🚀
🌟
Buick Encore 03/21г.
🚗
✨
🔹
комплектация
GX
🔹
Пробег:
60 100км
.
👍
🔹
Двигатель:
1,3-turbo.
на
155HP
🐎
💨
🔹
Коробка:
АКПП-9
🔹
Привод: полный
🔤
🔤
🔤
🔹
Безопасность ""
завод
""
🛡
🔹
Салон комбинированный
🛋
📜
История автомобиля
KL4MMESL9MB166001
💰
Цена в России под
🔧
:
🪙
1️⃣
🤩
8️⃣
👤
👤
👤
🪙
🔎
34МА4150021ИС
расчёт 25.01.2026г.
💵
77"
1284,https://t.me/AutoWorld_Georgia/1284,2026-01-27T13:42:45+00:00,,Mercedes-Benz,GLE,2023,350 4Matic,65 300км,бензин,255.0,,АКПП,полный,"""завод""",кожа,Незначительная вмятина / царапины,4JGFB4FE3RB009514,29.01.2026,,,,,27.01.2026,,"👤
👤
👤
👤
👤
👤
👤
на 29.01.
🚀
🌟
Mercedes-Benz GLE 06/23г.
✨
6️⃣
🤩
1️⃣
2️⃣
👤
👤
👤
⏺️
👤
👤
👤
🔹
комплектация
350 4Matic
🔹
Пробег:
65 300км
.
👍
🔹
Двигатель:
бензин
2,0-turbo
на
255HP
🐎
💨
🔹
Коробка:
АКПП
🔹
Привод: полный
🔤
🔤
🔤
🔹
Безопасность
""завод""
😀
🔹
Салон
кожа
🐄
🛋
,панорама, электронная панель
🔹
Авто ""
На ходу
""
🔹
Повреждения:
Незначительная вмятина / царапины
🔹
История автомобиля
👇
4JGFB4FE3RB009514
⚖️
🛎
Торги
29.01.2026г
.
💲
Price: +- 38000
💲
💰
Цена в России под
🔧
:
🪙
6,12 млн
🇷🇺
🪙
# 1-93731425
расчёт 27.01.2026г.
💵
77"
1294,https://t.me/AutoWorld_Georgia/1294,2026-01-27T14:18:00+00:00,,Mercedes-Benz,GLE,2022,350 4Matic,60 000км,бензин,255.0,,АКПП,полный,"""завод""",кожа,отсутствуют,4JGFB4KB2NA676098,,,,,,27.01.2026,,"👤
👤
👤
👤
👤
👤
🚀
🌟
Mercedes-Benz GLE 02/22г.
✨
6️⃣
🤩
3️⃣
9️⃣
👤
👤
👤
⏺️
👤
👤
👤
🔹
комплектация
350 4Matic
🔹
Пробег:
60 000км
.
👍
🔹
Двигатель:
бензин
2,0-turbo
на
255HP
🐎
💨
🔹
Коробка:
АКПП
🔹
Привод: полный
🔤
🔤
🔤
🔹
Безопасность
""завод""
😀
🔹
Салон
кожа
🐄
🛋
,панорама, электронная панель
🔹
Авто ""
На ходу
""
🔹
Повреждения:
отсутствуют
(дилерский автомобиль США)
🔹
История автомобиля
4JGFB4KB2NA676098
💰
Цена в России под
🔧
:
🪙
6,39 млн
🇷🇺
🪙
31МА7141021ИС
расчёт 27.01.2026г.
💵
77"
1303,https://t.me/AutoWorld_Georgia/1303,2026-01-29T12:24:42+00:00,,на,,2002,Premium Plus,5 200км,бензин,261.0,,АКПП,🔤,"""завод""",кожа,Незначительная вмятина заднее левое крыло и бампер,WAUE3BF2XRN035384,03.02.2026,,,,,29.01.2026,https://storage.yandexcloud.net/viiversion-auto-sale-media/cars/autoworld-1303/main-1790168038539-main-1-77306bfa.jpg | https://storage.yandexcloud.net/viiversion-auto-sale-media/cars/autoworld-1303/other-1790168039348-other-2-ac2183f0.jpg | https://storage.yandexcloud.net/viiversion-auto-sale-media/cars/autoworld-1303/other-1790168040158-other-3-89b514d0.jpg | https://storage.yandexcloud.net/viiversion-auto-sale-media/cars/autoworld-1303/other-1790168041015-other-4-5ab375e0.jpg | https://storage.yandexcloud.net/viiversion-auto-sale-media/cars/autoworld-1303/other-1790168041913-other-5-0bb85dff.jpg | https://storage.yandexcloud.net/viiversion-auto-sale-media/cars/autoworld-1303/other-1790168042673-other-6-3a44290c.jpg | https://storage.yandexcloud.net/viiversion-auto-sale-media/cars/autoworld-1303/other-1790168043507-other-7-f6d4cb3d.jpg | https://storage.yandexcloud.net/viiversion-auto-sale-media/cars/autoworld-1303/other-1790168044218-other-8-91a66136.jpg | https://storage.yandexcloud.net/viiversion-auto-sale-media/cars/autoworld-1303/other-1790168044757-other-9-11af06f1.jpg | https://storage.yandexcloud.net/viiversion-auto-sale-media/cars/autoworld-1303/other-1790168045568-other-10-8b763723.jpg,"👤
👤
👤
👤
👤
👤
👤
на 03.02.
🚀
🌟
AUDI A6 02/24г.
✨
4️⃣
❤️
6️⃣
2️⃣
👤
👤
👤
🔹
комплектация
Premium Plus
🔹
Пробег:
5 200км
.
👍
🔹
Двигатель:
бензин
2,0-turbo
на
261HP
🐎
💨
🔹
Коробка:
АКПП
🔹
Привод:
🔤
🔤
🔤
🔤
🔤
🔤
🔤
🔹
Безопасность
""завод""
😀
🔹
Салон
кожа
🐄
🛋
🔹
Авто ""
На ходу
""
🔹
Повреждения:
Незначительная вмятина заднее левое крыло и бампер
🔹
История автомобиля
🔗
WAUE3BF2XRN035384
⚖️
🛎
Торги
03.02.2026г.
➕
➖
💵
2️⃣
2️⃣
0️⃣
0️⃣
0️⃣
💰
Цена в России под
🔧
:
🪙
4,62 млн
🇷🇺
🪙
# 1-75060885
расчёт 29.01.2026г.
💵
78"
1313,https://t.me/AutoWorld_Georgia/1313,2026-01-29T12:25:06+00:00,,AUDI,A6,2023,Premium,10 600км,бензин,261.0,,АКПП,🔤,"""завод""",кожа,,WAUD3BF22PN051409,,,,,,29.01.2026,,"👤
👤
👤
👤
👤
👤
🚀
🌟
AUDI A6 02/23г.
✨
5️⃣
❤️
8️⃣
5️⃣
👤
👤
👤
🔹
комплектация
Premium
🔹
Пробег:
10 600км
.
👍
🔹
Двигатель:
бензин
2,0-turbo
на
261HP
🐎
💨
🔹
Коробка:
АКПП
🔹
Привод:
🔤
🔤
🔤
🔤
🔤
🔤
🔤
🔹
Безопасность
""завод""
😀
🔹
Салон
кожа
🐄
🛋
, панорама
🔹
История автомобиля
🔗
WAUD3BF22PN051409
💰
Цена в России под
🔧
:
🪙
5,85 млн
🇷🇺
🪙
# 54MA8018911ИС
расчёт 29.01.2026г.
💵
78"
1323,https://t.me/AutoWorld_Georgia/1323,2026-01-31T12:07:50+00:00,,Kia,Soul,2022,LX,26 600ml,"атмосферный 2,0 на 147HP",160.0,,автомат,передний,"""","из качественного текстиля, led приборкой, датчиками мертвых зон, системой удержания в полосе и т.д",,KNDJ23AU6P7872668,,,,,,31.01.2026,,"👤
👤
👤
👤
👤
👤
до 160лс
🚀
🌟
Kia Soul 12/22г. (рест.)
✨
1️⃣
🤩
9️⃣
9️⃣
👤
👤
👤
🪙
🔹
комплектация
LX
🔹
Пробег:
26 600ml
.
👍
🔹
Двигатель:
атмосферный 2,0 на 147HP
🐎
💨
🔹
Коробка:
автомат
🔹
Привод: передний
🔤
🔤
🔤
🔹
Безопасность ""
завод
""
🛡
🔹
Салон из качественного текстиля, led приборкой, датчиками мертвых зон, системой удержания в полосе и т.д
📜
История автомобиля
KNDJ23AU6P7872668
🔎
3001КИС2217
расчёт 31.01.2026г.
💵
77"
1333,https://t.me/AutoWorld_Georgia/1333,2026-01-31T12:31:46+00:00,,Hyundai,Elantra,2021,SEL,75 000км,"атмосферный 2,0 на 147HP",160.0,,CVT,передний,"""","из качественного текстиля, led приборкой, панорама, система удержания в полосе и многое другое!",,KMHLN4AG1NU288995,,,,,,31.01.2026,,"👤
👤
👤
👤
👤
👤
до 160лс
🚀
🌟
Hyundai Elantra 11/21г.
🚗
✨
1️⃣
🤩
7️⃣
9️⃣
👤
👤
👤
🔹
комплектация
SEL
🔹
Пробег:
75 000км
.
👍
🔹
Двигатель:
атмосферный 2,0 на 147HP
🐎
💨
🔹
Коробка:
CVT
🔹
Привод: передний
🔤
🔤
🔤
🔹
Безопасность ""
завод
""
🛡
🔹
Салон из качественного текстиля, led приборкой, панорама, система удержания в полосе и многое другое!
📜
История автомобиля
KMHLN4AG1NU288995
🔎
3101КИС1630
расчёт 31.01.2026г.
💵
77"
1343,https://t.me/AutoWorld_Georgia/1343,2026-01-31T12:53:00+00:00,,Kia,Seltos,2022,EX Premium,24 600км,"атмосферный 2,0 на 147HP",160.0,,CVT,полный,"""","из кожи, панорама",,KNDEUCAA9P7417363,,,,,,31.01.2026,,"👤
👤
👤
👤
👤
👤
до 160лс
🚀
🌟
Kia Seltos 10/22г.
🚗
✨
2️⃣
🤩
3️⃣
3️⃣
👤
👤
👤
🔹
комплектация
EX Premium
🔹
Пробег:
24 600км
.
👍
🔹
Двигатель:
атмосферный 2,0 на 147HP
🐎
💨
🔹
Коробка:
CVT
🔹
Привод: полный
🔤
🔤
🔤
🔹
Безопасность ""
завод
""
🛡
🔹
Салон из кожи, панорама
📜
История автомобиля
KNDEUCAA9P7417363
🔎
3101КИС1647
расчёт 31.01.2026г.
💵
77"
1353,https://t.me/AutoWorld_Georgia/1353,2026-02-01T09:24:17+00:00,,,,,Максимальная,17км,"атмосферный 2,0 на 147HP",160.0,,автоматическая,полный,"""",,,,,,,,,01.02.2026,https://storage.yandexcloud.net/viiversion-auto-sale-media/cars/autoworld-1353/main-1790168046333-main-1-09cddfcd.jpg | https://storage.yandexcloud.net/viiversion-auto-sale-media/cars/autoworld-1353/other-1790168047102-other-2-366d5640.jpg | https://storage.yandexcloud.net/viiversion-auto-sale-media/cars/autoworld-1353/other-1790168047673-other-3-e6ee353e.jpg | https://storage.yandexcloud.net/viiversion-auto-sale-media/cars/autoworld-1353/other-1790168048939-other-4-c56d08b6.jpg | https://storage.yandexcloud.net/viiversion-auto-sale-media/cars/autoworld-1353/other-1790168049886-other-5-4cfd2c45.jpg | https://storage.yandexcloud.net/viiversion-auto-sale-media/cars/autoworld-1353/other-1790168050644-other-6-bbb41f1e.jpg | https://storage.yandexcloud.net/viiversion-auto-sale-media/cars/autoworld-1353/other-1790168051414-other-7-6ffb1f85.jpg | https://storage.yandexcloud.net/viiversion-auto-sale-media/cars/autoworld-1353/other-1790168052013-other-8-1412194f.jpg | https://storage.yandexcloud.net/viiversion-auto-sale-media/cars/autoworld-1353/other-1790168052586-other-9-0e98b2b9.jpg | https://storage.yandexcloud.net/viiversion-auto-sale-media/cars/autoworld-1353/other-1790168053353-other-10-573907b4.jpg,"👤
👤
👤
👤
👤
👤
до 160лс
🥬
Tucson 2025г.(ЧЕХИЯ)
4️⃣
🤩
3️⃣
3️⃣
👤
👤
👤
🔹
комплектация
Максимальная
🔹
Пробег:
17км
.
👍
🔹
Двигатель:
атмосферный 2,0 на 147HP
🐎
💨
🔹
Коробка:
автоматическая
🔹
Привод: полный
🔤
🔤
🔤
🔹
Безопасность ""
завод
""
🛡
🔹
Электропривод передних сидений
- 12,3 дюймовый сенсорный дисплей с навигацией
- Bluetooth, Android Auto, Apple CarPlay
- Камера заднего вида
- Передние/Задние парктроники
- Трехзонный климат-контроль
- Панорамный крыша
и многое другое
📜
История автомобиля
🤩
🤩
🤩
🤩
🤩
🤩
🔎
0102КИС1320
расчёт 01.02.2026г.
💵
78"
1363,https://t.me/AutoWorld_Georgia/1363,2026-02-02T13:10:01+00:00,,на,,2002,Dynamic SE,24 500км,бензин,249.0,,АКПП,полный,"""завод""",кожа,"капот, бампер",SALZL2FX1RH236498,03.02.2026,,,,,02.02.2026,https://storage.yandexcloud.net/viiversion-auto-sale-media/cars/autoworld-1363/main-1790168054145-main-1-b951bc50.jpg | https://storage.yandexcloud.net/viiversion-auto-sale-media/cars/autoworld-1363/other-1790168055167-other-2-ce7a804d.jpg | https://storage.yandexcloud.net/viiversion-auto-sale-media/cars/autoworld-1363/other-1790168056185-other-3-f65650cb.jpg | https://storage.yandexcloud.net/viiversion-auto-sale-media/cars/autoworld-1363/other-1790168056983-other-4-c6b8319d.jpg | https://storage.yandexcloud.net/viiversion-auto-sale-media/cars/autoworld-1363/other-1790168057738-other-5-961adf88.jpg | https://storage.yandexcloud.net/viiversion-auto-sale-media/cars/autoworld-1363/other-1790168058338-other-6-77a0ab5a.jpg | https://storage.yandexcloud.net/viiversion-auto-sale-media/cars/autoworld-1363/other-1790168059109-other-7-531abcd9.jpg | https://storage.yandexcloud.net/viiversion-auto-sale-media/cars/autoworld-1363/other-1790168059760-other-8-fc7c3a00.jpg | https://storage.yandexcloud.net/viiversion-auto-sale-media/cars/autoworld-1363/other-1790168060514-other-9-2856e656.jpg | https://storage.yandexcloud.net/viiversion-auto-sale-media/cars/autoworld-1363/other-1790168061264-other-10-6848d2bb.jpg,"👤
👤
👤
👤
👤
👤
👤
на 03.02.
🌟
🍎
Range Rover Evoque 10/23г.
✨
3️⃣
❤️
8️⃣
4️⃣
👤
👤
👤
🔹
комплектация
Dynamic SE
🔹
Пробег:
24 500км
.
👍
🔹
Двигатель:
бензин
2,0-turbo
на
249л.с
.
🐎
💨
🔹
Коробка:
АКПП
🔹
Привод: полный
🔤
🔤
🔤
🔹
Безопасность
""завод""
😀
🔹
Салон
кожа
🐄
🛋
, панорама
🔹
Авто ""
На ходу
""
🔹
Повреждения:
капот, бампер
🔹
История автомобиля
🔗
SALZL2FX1RH236498
⚖️
🛎
Торги
03.02.2026г.
➕
➖
💵
1️⃣
8️⃣
0️⃣
0️⃣
0️⃣
💰
Цена в России под
🔧
:
🪙
3,84 млн
🇷🇺
🪙
# 0-44034568
расчёт 02.02.2026г.
💵
78"
1373,https://t.me/AutoWorld_Georgia/1373,2026-02-03T11:47:16+00:00,,GLB,250,2023,"AMG Line, full packet",35 000км,"2,0-turbo на 221HP",221.0,,АКПП,4️⃣,"""","алькантара, панорама",,W1N4M4HB6PW308003,,,,,,03.02.2026,https://storage.yandexcloud.net/viiversion-auto-sale-media/cars/autoworld-1373/main-1790168062066-main-1-b122916e.jpg | https://storage.yandexcloud.net/viiversion-auto-sale-media/cars/autoworld-1373/other-1790168062626-other-2-1866b011.jpg | https://storage.yandexcloud.net/viiversion-auto-sale-media/cars/autoworld-1373/other-1790168063196-other-3-c9d1ac2d.jpg | https://storage.yandexcloud.net/viiversion-auto-sale-media/cars/autoworld-1373/other-1790168064040-other-4-59b76933.jpg | https://storage.yandexcloud.net/viiversion-auto-sale-media/cars/autoworld-1373/other-1790168064794-other-5-ea8d96e8.jpg | https://storage.yandexcloud.net/viiversion-auto-sale-media/cars/autoworld-1373/other-1790168065388-other-6-a8b09513.jpg | https://storage.yandexcloud.net/viiversion-auto-sale-media/cars/autoworld-1373/other-1790168066211-other-7-7f93059c.jpg | https://storage.yandexcloud.net/viiversion-auto-sale-media/cars/autoworld-1373/other-1790168066826-other-8-61bb2429.jpg | https://storage.yandexcloud.net/viiversion-auto-sale-media/cars/autoworld-1373/other-1790168067396-other-9-c4c8506b.jpg | https://storage.yandexcloud.net/viiversion-auto-sale-media/cars/autoworld-1373/other-1790168068154-other-10-afa68077.jpg,"👤
👤
👤
👤
👤
👤
🚀
🌟
🐋
GLB 250 03/23г.
🚗
✨
4️⃣
🤩
3️⃣
3️⃣
👤
👤
👤
🔹
комплектация
AMG Line, full packet
🔹
Пробег:
35 000км
.
👍
🔹
Двигатель:
2,0-turbo на 221HP
🐎
💨
🔹
Коробка:
АКПП
🔹
Привод:
4️⃣
🔤
🔤
🔤
🔤
🔤
🔹
Безопасность ""
завод
""
🛡
🔹
Салон алькантара, панорама
📜
История автомобиля
W1N4M4HB6PW308003
🔎
97МА5218911
расчёт 03.02.2026г.
💵
78"
1383,https://t.me/AutoWorld_Georgia/1383,2026-02-05T10:45:10+00:00,,на,,2002,350 4Matic,65 300км,бензин,255.0,,9G-Tronic,4️⃣,"""завод""",кожа,Незначительная вмятина / царапины,4JGFB4FE3RB009514,09.02.2026,,,,,05.02.2026,https://storage.yandexcloud.net/viiversion-auto-sale-media/cars/autoworld-1383/main-1790168068967-main-1-a6cde9c8.jpg | https://storage.yandexcloud.net/viiversion-auto-sale-media/cars/autoworld-1383/other-1790168069509-other-2-16d0623b.jpg | https://storage.yandexcloud.net/viiversion-auto-sale-media/cars/autoworld-1383/other-1790168070287-other-3-2f044aea.jpg | https://storage.yandexcloud.net/viiversion-auto-sale-media/cars/autoworld-1383/other-1790168071197-other-4-2a3bbf5c.jpg | https://storage.yandexcloud.net/viiversion-auto-sale-media/cars/autoworld-1383/other-1790168072000-other-5-f47895b7.jpg | https://storage.yandexcloud.net/viiversion-auto-sale-media/cars/autoworld-1383/other-1790168072548-other-6-c8284828.jpg | https://storage.yandexcloud.net/viiversion-auto-sale-media/cars/autoworld-1383/other-1790168073119-other-7-189737c1.jpg | https://storage.yandexcloud.net/viiversion-auto-sale-media/cars/autoworld-1383/other-1790168073934-other-8-e63abe01.jpg | https://storage.yandexcloud.net/viiversion-auto-sale-media/cars/autoworld-1383/other-1790168074494-other-9-af941183.jpg | https://storage.yandexcloud.net/viiversion-auto-sale-media/cars/autoworld-1383/other-1790168075381-other-10-69c45c04.jpg,"😀
😀
😀
😀
😀
😀
😀
на 09.02.
🌟
🐋
MB GLE 06/23г.
🏎
✨
5️⃣
🤩
9️⃣
9️⃣
🔤
🔤
🔤
🔹
комплектация
350 4Matic
🔹
Пробег:
65 300км
.
👍
🔹
Двигатель:
бензин
2,0-turbo
на
255HP
🐎
💨
🔹
Коробка:
9G-Tronic
🔹
Привод:
4️⃣
💥
💥
💥
💥
💥
🔹
Безопасность
""завод""
😀
🔹
Салон
кожа
🐄
🛋
,панорама, электронная панель
🔹
Авто ""
На ходу
""
🔹
Повреждения:
Незначительная вмятина / царапины
🔹
История автомобиля
👇
4JGFB4FE3RB009514
⚖️
🛎
Торги
09.02.2026г
.
➕
➖
3️⃣
8️⃣
0️⃣
0️⃣
0️⃣
💵
💰
Цена в России под
🔧
:
🪙
5,99* (6,31)
млн
🇷🇺
🪙
# 1-93731425
расчёт 05.02.2026г.
💵
79
*
указана стоимость при растаможке автомобиля после 06.23г."
1393,https://t.me/AutoWorld_Georgia/1393,2026-02-06T10:44:54+00:00,,,,,,29 000км,"2,0л на 154 hp",154.0,,АКПП,передний,"""",комбинированный,,,,,,,,06.02.2026,https://storage.yandexcloud.net/viiversion-auto-sale-media/cars/autoworld-1393/main-1790168076161-main-1-6c33d7e9.jpg | https://storage.yandexcloud.net/viiversion-auto-sale-media/cars/autoworld-1393/other-1790168077080-other-2-3049f676.jpg | https://storage.yandexcloud.net/viiversion-auto-sale-media/cars/autoworld-1393/other-1790168077912-other-3-165fc5c5.jpg | https://storage.yandexcloud.net/viiversion-auto-sale-media/cars/autoworld-1393/other-1790168078899-other-4-5a1be3d8.jpg | https://storage.yandexcloud.net/viiversion-auto-sale-media/cars/autoworld-1393/other-1790168079787-other-5-b2c0a368.jpg | https://storage.yandexcloud.net/viiversion-auto-sale-media/cars/autoworld-1393/other-1790168080541-other-6-4e95f49d.jpg | https://storage.yandexcloud.net/viiversion-auto-sale-media/cars/autoworld-1393/other-1790168081334-other-7-188b9c75.jpg | https://storage.yandexcloud.net/viiversion-auto-sale-media/cars/autoworld-1393/other-1790168081905-other-8-77444548.jpg | https://storage.yandexcloud.net/viiversion-auto-sale-media/cars/autoworld-1393/other-1790168082385-other-9-1908f3e4.jpg,"🔤
🔤
🔤
🔤
🔤
🔤
до
1⃣
6⃣
1⃣
лс
🚀
🌟
🍐
Sportage 2022г.
🚗
✨
2⃣
🤩
6⃣
5⃣
🔤
🔤
🔤
🔹
Пробег:
29 000км
.
👍
🔹
Двигатель:
2,0л на 154 hp
💨
🔹
Коробка:
АКПП
🔹
Привод:  передний
🔤
🔤
🔤
🔹
Безопасность ""
завод
""
🛡
🔹
Салон комбинированный
📜
История автомобиля
🌸
🌸
🌸
🌸
🌸
🌸
🌸
🌸
🌸
🇬🇪
🔎
91МА2523021
расчёт 06.02.2026г.
💵
77"
1401,https://t.me/AutoWorld_Georgia/1401,2026-02-06T11:15:46+00:00,,,,,,38 000km,"атмосферный 2,0 на 147HP",147.0,,автомат,передний,"""",из качественного текстиля,,KNDJ23AU5P7853089,,,,,,06.02.2026,https://storage.yandexcloud.net/viiversion-auto-sale-media/cars/autoworld-1401/main-1790168083303-main-1-e805441e.jpg | https://storage.yandexcloud.net/viiversion-auto-sale-media/cars/autoworld-1401/other-1790168084265-other-2-69a7b794.jpg | https://storage.yandexcloud.net/viiversion-auto-sale-media/cars/autoworld-1401/other-1790168085027-other-3-bc1c51bf.jpg | https://storage.yandexcloud.net/viiversion-auto-sale-media/cars/autoworld-1401/other-1790168085804-other-4-2c8f494d.jpg | https://storage.yandexcloud.net/viiversion-auto-sale-media/cars/autoworld-1401/other-1790168086743-other-5-ca5b6636.jpg | https://storage.yandexcloud.net/viiversion-auto-sale-media/cars/autoworld-1401/other-1790168087508-other-6-2f3ebd0a.jpg | https://storage.yandexcloud.net/viiversion-auto-sale-media/cars/autoworld-1401/other-1790168088263-other-7-bba40a66.jpg | https://storage.yandexcloud.net/viiversion-auto-sale-media/cars/autoworld-1401/other-1790168088891-other-8-b4a1960b.jpg | https://storage.yandexcloud.net/viiversion-auto-sale-media/cars/autoworld-1401/other-1790168089377-other-9-cda1e892.jpg,"🔤
🔤
🔤
🔤
🔤
🔤
до
1⃣
6⃣
1⃣
лс
🚀
🌟
🍐
SOUL 08/22г.
🚗
✨
1⃣
🤩
8⃣
2⃣
🔤
🔤
🔤
🔹
Пробег:
38 000km
.
👍
🔹
Двигатель:
атмосферный 2,0 на 147HP
🐎
💨
🔹
Коробка:
автомат
🔹
Привод: передний
🔤
🔤
🔤
🔹
Безопасность ""
завод
""
🛡
🔹
Салон из качественного текстиля
📜
История автомобиля
KNDJ23AU5P7853089
🔎
00MA8623021
расчёт 06.02.2026г.
💵
77"
1409,https://t.me/AutoWorld_Georgia/1409,2026-02-06T11:46:58+00:00,,,,,XLE Nightshade,44 700ml,"2,0l на 145HP",145.0,,АКПП,передний,"""",из качественного текстиля,,JTNKHMBX4M1125260,,,,,,06.02.2026,https://storage.yandexcloud.net/viiversion-auto-sale-media/cars/autoworld-1409/main-1790168090258-main-1-9835dbc3.jpg | https://storage.yandexcloud.net/viiversion-auto-sale-media/cars/autoworld-1409/other-1790168091028-other-2-cd25ee33.jpg | https://storage.yandexcloud.net/viiversion-auto-sale-media/cars/autoworld-1409/other-1790168091770-other-3-a08418c1.jpg | https://storage.yandexcloud.net/viiversion-auto-sale-media/cars/autoworld-1409/other-1790168092515-other-4-08673084.jpg | https://storage.yandexcloud.net/viiversion-auto-sale-media/cars/autoworld-1409/other-1790168093038-other-5-1dd336c1.jpg | https://storage.yandexcloud.net/viiversion-auto-sale-media/cars/autoworld-1409/other-1790168093614-other-6-30d0c4ad.jpg | https://storage.yandexcloud.net/viiversion-auto-sale-media/cars/autoworld-1409/other-1790168094174-other-7-ac500737.jpg | https://storage.yandexcloud.net/viiversion-auto-sale-media/cars/autoworld-1409/other-1790168094917-other-8-089c5a80.jpg | https://storage.yandexcloud.net/viiversion-auto-sale-media/cars/autoworld-1409/other-1790168095459-other-9-4026ba0a.jpg | https://storage.yandexcloud.net/viiversion-auto-sale-media/cars/autoworld-1409/other-1790168095934-other-10-7b455244.jpg,"🔤
🔤
🔤
🔤
🔤
🔤
до
1⃣
6⃣
1⃣
лс
🚀
🌟
👛
C-HR 06/21г.
🚗
✨
2⃣
🤩
1⃣
3⃣
🔤
🔤
🔤
🔹
комплектация
XLE Nightshade
🔹
Пробег:
44 700ml
.
👍
🔹
Двигатель:
2,0l на 145HP
🐎
💨
🔹
Коробка:
АКПП
🔹
Привод:  передний
🔤
🔤
🔤
🔹
Безопасность ""
завод
""
🛡
🔹
Салон из качественного текстиля
📜
История автомобиля
JTNKHMBX4M1125260
🔎
37МА8592021
расчёт 06.02.2026г.
💵
77"
1418,https://t.me/AutoWorld_Georgia/1418,2026-02-08T09:04:25+00:00,,на,,2002,530i xDRIVE,6 919мl,бензин,255.0,,Steptronic,полный,"""завод""",кожа,двери и крыло справа,WBA53FJ09TCW39573,11.02.2026,,,,,08.02.2026,https://storage.yandexcloud.net/viiversion-auto-sale-media/cars/autoworld-1418/main-1790168097175-main-1-460456a4.jpg | https://storage.yandexcloud.net/viiversion-auto-sale-media/cars/autoworld-1418/other-1790168097895-other-2-9cf4c2c6.jpg | https://storage.yandexcloud.net/viiversion-auto-sale-media/cars/autoworld-1418/other-1790168098554-other-3-32c2e913.jpg | https://storage.yandexcloud.net/viiversion-auto-sale-media/cars/autoworld-1418/other-1790168099242-other-4-abd1c60e.jpg | https://storage.yandexcloud.net/viiversion-auto-sale-media/cars/autoworld-1418/other-1790168099738-other-5-1a20c304.jpg | https://storage.yandexcloud.net/viiversion-auto-sale-media/cars/autoworld-1418/other-1790168100422-other-6-e1bbfe71.jpg | https://storage.yandexcloud.net/viiversion-auto-sale-media/cars/autoworld-1418/other-1790168101131-other-7-ed50e521.jpg | https://storage.yandexcloud.net/viiversion-auto-sale-media/cars/autoworld-1418/other-1790168101642-other-8-738af2af.jpg | https://storage.yandexcloud.net/viiversion-auto-sale-media/cars/autoworld-1418/other-1790168102298-other-9-e3f698b3.jpg | https://storage.yandexcloud.net/viiversion-auto-sale-media/cars/autoworld-1418/other-1790168102922-other-10-025e72e9.jpg,"😀
😀
😀
😀
😀
😀
😀
на 11.02.
🌟
🏂
530I
09/25г. (ГЕРМАНИЯ)
🏎
✨
4️⃣
🤩
9️⃣
5️⃣
🔤
🔤
🔤
🔹
комплектация
530i xDRIVE
🔹
Пробег:
6 919мl
.
👍
🔹
Двигатель:
бензин
2,0-turbo
на
255HP
🐎
💨
🔹
Коробка:
Steptronic
🔹
Привод:
полный
💥
💥
💥
🔹
Безопасность
""завод""
😀
🔹
Салон
кожа
🐄
🛋
,панорама, электронная панель
🔹
Авто ""
На ходу
""
🔹
Повреждения:
двери и крыло справа
🔹
История автомобиля
👇
WBA53FJ09TCW39573
⚖️
🛎
Торги
11.02.2026г
.
➕
➖
2️⃣
5️⃣
0️⃣
0️⃣
0️⃣
💵
💰
Цена в России под
🔧
:
🪙
4,95
млн
🇷🇺
🪙
# 044205451
расчёт 08.02.2026г.
💵
78
Цена в РФ на аналогичный авто
от
😀
😀
😀
😀
😀
😀
😀
😀"
1427,https://t.me/AutoWorld_Georgia/1427,2026-02-08T10:29:37+00:00,,на,,2002,M35i xDRIVE,11 200мl,бензин,312.0,,РКПП-7,полный,"""завод""",кожа,без повреждений,WBX13EF03S5115801,09.02.2026,,,,,08.02.2026,https://storage.yandexcloud.net/viiversion-auto-sale-media/cars/autoworld-1427/main-1790168104337-main-1-4bc1de52.jpg | https://storage.yandexcloud.net/viiversion-auto-sale-media/cars/autoworld-1427/other-1790168105588-other-2-ee0898e0.jpg | https://storage.yandexcloud.net/viiversion-auto-sale-media/cars/autoworld-1427/other-1790168106495-other-3-0dd8ce58.jpg | https://storage.yandexcloud.net/viiversion-auto-sale-media/cars/autoworld-1427/other-1790168107244-other-4-421975f9.jpg | https://storage.yandexcloud.net/viiversion-auto-sale-media/cars/autoworld-1427/other-1790168107691-other-5-8a24d5db.jpg | https://storage.yandexcloud.net/viiversion-auto-sale-media/cars/autoworld-1427/other-1790168108666-other-6-9ad6665c.jpg | https://storage.yandexcloud.net/viiversion-auto-sale-media/cars/autoworld-1427/other-1790168109549-other-7-e1c9e016.jpg | https://storage.yandexcloud.net/viiversion-auto-sale-media/cars/autoworld-1427/other-1790168110313-other-8-e5aabe03.jpg | https://storage.yandexcloud.net/viiversion-auto-sale-media/cars/autoworld-1427/other-1790168110967-other-9-96e39040.jpg | https://storage.yandexcloud.net/viiversion-auto-sale-media/cars/autoworld-1427/other-1790168111756-other-10-d4b4eca0.jpg,"😀
😀
😀
😀
😀
😀
😀
на 09.02.
🌟
🏂
X1 M35I
09/24г. (ГЕРМАНИЯ!)
🏎
✨
5️⃣
🤩
6️⃣
5️⃣
🔤
🔤
🔤
🔹
комплектация
M35i xDRIVE
🔹
Пробег:
11 200мl
.
👍
🔹
Двигатель:
бензин
2,0-turbo
на
312HP
🐎
💨
🔹
Коробка:
РКПП-7
🔹
Привод:
полный
💥
💥
💥
🔹
Безопасность
""завод""
😀
🔹
Салон
кожа
🐄
🛋
,панорама, электронная панель
🔹
Авто ""
На ходу
""
🔹
Повреждения:
без повреждений
🔹
История автомобиля
👇
WBX13EF03S5115801
⚖️
🛎
Торги
09.02.2026г
.
Buy Now
2️⃣
7️⃣
7️⃣
5️⃣
0️⃣
💵
💰
Цена в России под
🔧
:
🪙
5,65
млн
🇷🇺
🪙
# 0-43116846
расчёт 08.02.2026г.
💵
78"
1437,https://t.me/AutoWorld_Georgia/1437,2026-02-09T02:25:17+00:00,,на,,2002,A-Spec Package,949 mi,бензин,272.0,,10-АКПП,полный,"""завод""",кожа,2 скола на бампере,19UUB6F56SA004151,09.02.2026,,,,,08.02.2026,https://storage.yandexcloud.net/viiversion-auto-sale-media/cars/autoworld-1437/main-1790168112413-main-1-ad6d4d2b.jpg | https://storage.yandexcloud.net/viiversion-auto-sale-media/cars/autoworld-1437/other-1790168112971-other-2-20f7f1f5.jpg | https://storage.yandexcloud.net/viiversion-auto-sale-media/cars/autoworld-1437/other-1790168113525-other-3-9dab3a12.jpg | https://storage.yandexcloud.net/viiversion-auto-sale-media/cars/autoworld-1437/other-1790168114094-other-4-b6177495.jpg | https://storage.yandexcloud.net/viiversion-auto-sale-media/cars/autoworld-1437/other-1790168114526-other-5-9d350b86.jpg | https://storage.yandexcloud.net/viiversion-auto-sale-media/cars/autoworld-1437/other-1790168115023-other-6-3d614ea9.jpg | https://storage.yandexcloud.net/viiversion-auto-sale-media/cars/autoworld-1437/other-1790168115770-other-7-d348a69c.jpg | https://storage.yandexcloud.net/viiversion-auto-sale-media/cars/autoworld-1437/other-1790168116530-other-8-fef64dfe.jpg | https://storage.yandexcloud.net/viiversion-auto-sale-media/cars/autoworld-1437/other-1790168117290-other-9-5daee0e8.jpg | https://storage.yandexcloud.net/viiversion-auto-sale-media/cars/autoworld-1437/other-1790168117828-other-10-dcf3ffc1.jpg,"😀
😀
😀
😀
😀
😀
😀
на 09.02.
🌟
ACURA TLX 06/25г.
🏎
✨
4️⃣
🤩
4️⃣
🔤
🔤
🔤
🔹
комплектация
A-Spec Package
🔹
Пробег:
949 mi
.
👍
🔹
Двигатель:
бензин
2,0-turbo
на
272HP
🐎
💨
🔹
Коробка:
10-АКПП
🔹
Привод:
полный
💥
💥
💥
🔹
Безопасность
""завод""
😀
🔹
Салон
кожа
🐄
🛋
🔹
Авто ""
На ходу
""
🔹
Повреждения:
2 скола на бампере
🔹
История автомобиля
👇
19UUB6F56SA004151
⚖️
🛎
Торги
09.02.2026г
.
➕
➖
2️⃣
0️⃣
0️⃣
0️⃣
0️⃣
💵
💰
Цена в России под
🔧
:
🪙
4,4
млн
🇷🇺
🪙
# 0-44257985
расчёт 08.02.2026г.
💵
78
ДЛЯ ИСТИННЫХ ЦЕНИТЕЛЕЙ ЯПОНСКОГО ПРЕМИУМА!"
1447,https://t.me/AutoWorld_Georgia/1447,2026-02-10T10:07:47+00:00,,,,,LIMITED,27 300ml,"2,0l на 145HP",145.0,,CVT,передний,"""",кожа,,NMTKHMBX4NR145385,,,,,,10.02.2026,https://storage.yandexcloud.net/viiversion-auto-sale-media/cars/autoworld-1447/main-1790168118576-main-1-82c872b6.jpg | https://storage.yandexcloud.net/viiversion-auto-sale-media/cars/autoworld-1447/other-1790168119337-other-2-9da2da76.jpg | https://storage.yandexcloud.net/viiversion-auto-sale-media/cars/autoworld-1447/other-1790168119976-other-3-9287e2f5.jpg | https://storage.yandexcloud.net/viiversion-auto-sale-media/cars/autoworld-1447/other-1790168120531-other-4-b29ccb38.jpg | https://storage.yandexcloud.net/viiversion-auto-sale-media/cars/autoworld-1447/other-1790168121313-other-5-612d0d1a.jpg | https://storage.yandexcloud.net/viiversion-auto-sale-media/cars/autoworld-1447/other-1790168122040-other-6-0f75b727.jpg | https://storage.yandexcloud.net/viiversion-auto-sale-media/cars/autoworld-1447/other-1790168122628-other-7-68ca5746.jpg | https://storage.yandexcloud.net/viiversion-auto-sale-media/cars/autoworld-1447/other-1790168123183-other-8-19229635.jpg | https://storage.yandexcloud.net/viiversion-auto-sale-media/cars/autoworld-1447/other-1790168123968-other-9-200eb9da.jpg | https://storage.yandexcloud.net/viiversion-auto-sale-media/cars/autoworld-1447/other-1790168124724-other-10-eff3ef1d.jpg,"🔤
🔤
🔤
🔤
🔤
🔤
до
1⃣
6⃣
1⃣
лс
🚀
🌟
👛
C-HR 04/22г.
🚗
✨
2⃣
🤩
3⃣
2⃣
🔤
🔤
🔤
🔹
комплектация
LIMITED
🔹
Пробег:
27 300ml
.
👍
🔹
Двигатель:
2,0l на 145HP
🐎
💨
🔹
Коробка:
CVT
🔹
Привод: передний
🔤
🔤
🔤
🔹
Безопасность ""
завод
""
🛡
🔹
Салон
кожа
🐄
🛋
📜
История автомобиля
NMTKHMBX4NR145385
🔎
29МА7733021
расчёт 10.02.2026г.
💵
78"
1457,https://t.me/AutoWorld_Georgia/1457,2026-02-10T11:05:23+00:00,,,,,LE,34 500km,1.5l на 152HP,152.0,,CVT,полный,"""",из качественного текстиля,,JA4ATVAA4PZ609558,,,,,,10.02.2026,https://storage.yandexcloud.net/viiversion-auto-sale-media/cars/autoworld-1457/main-1790168125316-main-1-e2204359.jpg | https://storage.yandexcloud.net/viiversion-auto-sale-media/cars/autoworld-1457/other-1790168126112-other-2-4ba97e9f.jpg | https://storage.yandexcloud.net/viiversion-auto-sale-media/cars/autoworld-1457/other-1790168126885-other-3-6430fbed.jpg | https://storage.yandexcloud.net/viiversion-auto-sale-media/cars/autoworld-1457/other-1790168127458-other-4-bae8b718.jpg | https://storage.yandexcloud.net/viiversion-auto-sale-media/cars/autoworld-1457/other-1790168128234-other-5-e092e11b.jpg | https://storage.yandexcloud.net/viiversion-auto-sale-media/cars/autoworld-1457/other-1790168129017-other-6-a0c13b5b.jpg | https://storage.yandexcloud.net/viiversion-auto-sale-media/cars/autoworld-1457/other-1790168129576-other-7-49696272.jpg | https://storage.yandexcloud.net/viiversion-auto-sale-media/cars/autoworld-1457/other-1790168130424-other-8-7d97d667.jpg | https://storage.yandexcloud.net/viiversion-auto-sale-media/cars/autoworld-1457/other-1790168131315-other-9-7dbcae57.jpg | https://storage.yandexcloud.net/viiversion-auto-sale-media/cars/autoworld-1457/other-1790168132096-other-10-130f7a7b.jpg,"🔤
🔤
🔤
🔤
🔤
🔤
до
1⃣
6⃣
1⃣
лс
🚀
🌟
🐶
Eclipse Cross
01/23г.
🚗
✨
1⃣
🤩
9⃣
9⃣
🔤
🔤
🔤
🔹
комплектация
LE
🔹
Пробег:
34 500km
.
👍
🔹
Двигатель:
1.5l на 152HP
🐎
💨
🔹
Коробка:
CVT
🔹
Привод:  полный
🔤
🔤
🔤
🔹
Безопасность ""
завод
""
🛡
🔹
Салон из качественного текстиля
🛋
📜
История автомобиля
JA4ATVAA4PZ609558
🔎
57МА8113021
расчёт 10.02.2026г.
💵
78"
1467,https://t.me/AutoWorld_Georgia/1467,2026-02-12T09:33:39+00:00,,,,,Premium Plus,142 000km,"3,0l на 340лс",340.0,,♦️,🔤,"""",кожа,,,,,,,,,,"🔤
🔤
🔤
🔤
🔤
🔤
🚀
🌟
♦️
🔺
🔺
♦️
🌌
🌌
12/19г.
🚗
✨
🌌
🤩
🌌
🔤
🔤
🔤
🔹
комплектация
Premium Plus
🔹
Пробег:
142 000km
.
👍
🔹
Двигатель:
3,0l на 340лс
🐎
💨
🔹
Коробка:
♦️
🔺
🔹
Привод:
🔤
🔤
🔤
🔤
🔤
🔤
🔤
🔹
Кузов и безопасность ""
завод
""
🛡
🔹
Салон
кожа
🐄
🛋
7 мест
🔹
Сборка Словения
🇸🇮
. Вся история имеется. Личный автомобиль. Полностью обслужен и всё что требуется поменяно. Вся в родном окрасе
‼️"
1489,https://t.me/AutoWorld_Georgia/1489,2026-02-13T10:31:29+00:00,,,,,PREMIUM PLUS 45,29 500мl,бензин,261.0,,Tiptronic,🔤,"""завод""",кожа,сзади,WA1LCBF7XPD006194,19.02.2026,,,,,13.02.2026,,"😀
😀
😀
😀
😀
😀
😀
на 19.02.
🌟
♦️
🔺
🔺
♦️
🌌
🌌
11/22г.
🚗
✨
5️⃣
🤩
2️⃣
4️⃣
🔤
🔤
🔤
🔹
комплектация
PREMIUM PLUS 45
🔹
Пробег:
29 500мl
.
👍
🔹
Двигатель:
бензин
2,0-turbo
на
261HP
🐎
💨
🔹
Коробка:
Tiptronic
🔹
Привод:
🔤
🔤
🔤
🔤
🔤
🔤
🔤
🔹
Безопасность
""завод""
😀
🔹
Салон
кожа
🐄
🛋
,панорама, электронная панель, 7мест
🔹
Авто ""
На ходу
""
🔹
Повреждения:
сзади
🔹
История автомобиля
👇
WA1LCBF7XPD006194
⚖️
🛎
Торги
19.02.2026г
.
➕
➖
2️⃣
7️⃣
0️⃣
0️⃣
0️⃣
💵
💰
Цена в России под
🔧
:
🪙
5,24
млн
🇷🇺
🪙
# 0-44247984
расчёт 13.02.2026г.
💵
78"
1499,https://t.me/AutoWorld_Georgia/1499,2026-02-14T10:15:27+00:00,,,,,LXS,38 100ml,1.5l на 147HP,147.0,,CVT,передний,"""",из качественного текстиля,,3KPF24AD5PE523030,,,,,,14.02.2026,,"🔤
🔤
🔤
🔤
🔤
🔤
до
1⃣
6⃣
1⃣
лс
🚀
🌟
🍐
Forte
07/22г.
🚗
✨
1️⃣
🤩
9️⃣
1️⃣
🔤
🔤
🔤
🔹
комплектация
LXS
🔹
Пробег:
38 100ml
.
👍
🔹
Двигатель:
1.5l на 147HP
🐎
💨
🔹
Коробка:
CVT
🔹
Привод: передний
🔤
🔤
🔤
🔹
Безопасность ""
завод
""
🛡
🔹
Салон из качественного текстиля
🛋
📜
История автомобиля
3KPF24AD5PE523030
🔎
1102WА2136
расчёт 14.02.2026г.
💵
78"
1509,https://t.me/AutoWorld_Georgia/1509,2026-02-15T18:18:13+00:00,,,,,SE,28 700km,1.0l на 123HP,123.0,,AT,передний,"""",из качественного текстиля,,MAJ3S2GE3MC447503,,,,,,15.02.2026,,"🔤
🔤
🔤
🔤
🔤
🔤
до
1⃣
6⃣
1⃣
лс
🚀
🌟
🥞
EcoSport 10/21г.
🚗
✨
1️⃣
🤩
3️⃣
7️⃣
🔤
🔤
🔤
🔹
комплектация
SE
🔹
Пробег:
28 700km
.
👍
🔹
Двигатель:
1.0l на 123HP
🐎
💨
🔹
Коробка:
AT
🔹
Привод: передний
🔤
🔤
🔤
🔹
Безопасность ""
завод
""
🛡
🔹
Салон из качественного текстиля
🛋
📜
История автомобиля
MAJ3S2GE3MC447503
🔎
22MA828879IS
расчёт 15.02.2026г.
💵
78"
1518,https://t.me/AutoWorld_Georgia/1518,2026-02-15T18:59:38+00:00,,,,,LT,34 700ml,1.3l на 155HP,155.0,,AT-9,полный,"""",из качественного текстиля,,KL79MRSL6NB045539,,,,,,15.02.2026,,"🔤
🔤
🔤
🔤
🔤
🔤
до
1⃣
6⃣
1⃣
лс
🚀
🌟
🧩
TrailBlazer 07/21г.
🚗
✨
1️⃣
🤩
9️⃣
7️⃣
🔤
🔤
🔤
🔹
комплектация
LT
🔹
Пробег:
34 700ml
.
👍
🔹
Двигатель:
1.3l на 155HP
🐎
💨
🔹
Коробка:
AT-9
🔹
Привод: полный
🔤
🔤
🔤
🔹
Безопасность ""
завод
""
🛡
🔹
Салон из качественного текстиля
🛋
📜
История автомобиля
KL79MRSL6NB045539
🔎
19MA6070021
расчёт 15.02.2026г.
💵
78"
1528,https://t.me/AutoWorld_Georgia/1528,2026-02-17T18:54:19+00:00,,,,,LХ,78 000km,"атмосферный 2,0 на 150HP",150.0,,автомат,полный,"""",из качественного текстиля,,,,,,,,17.02.2026,,"🔤
🔤
🔤
🔤
🔤
🔤
до
1⃣
6⃣
1⃣
лс
🚀
🌟
🍐
Seltos 04/21г.
🚗
✨
2⃣
🤩
1⃣
1⃣
🔤
🔤
🔤
🔹
комплектация
LХ
🔹
Пробег:
78 000km
.
👍
🔹
Двигатель:
атмосферный 2,0 на 150HP
🐎
💨
🔹
Коробка:
автомат
🔹
Привод: полный
🔤
🔤
🔤
🔹
Безопасность ""
завод
""
🛡
🔹
Салон из качественного текстиля
📜
История автомобиля
🔤
🔤
🔤
🔤
🔤
🔤
🔤
🔤
🔤
🔎
1702WAГТ1658
расчёт 17.02.2026г.
💵
78"
1539,https://t.me/AutoWorld_Georgia/1539,2026-02-18T11:06:29+00:00,,,,,,78 000km,"атмосферный 2,0 на 150HP",150.0,,автомат,полный,"""","комбинированный, русифицирован, проекция на лобовое стекло",,,,,,,,17.02.2026,,"🔤
🔤
🔤
🔤
🔤
🔤
до
1⃣
6⃣
1⃣
лс
🚀
🌟
🌼
СХ-30 04/21г.
🚗
✨
2⃣
🤩
4⃣
🔤
🔤
🔤
🔹
Пробег:
78 000km
.
👍
🔹
Двигатель:
атмосферный 2,0 на 150HP
🐎
💨
🔹
Коробка:
автомат
🔹
Привод: полный
🔤
🔤
🔤
🔹
Безопасность ""
завод
""
🛡
🔹
Салон комбинированный, русифицирован, проекция на лобовое стекло
📜
История автомобиля
🔤
🔤
🔤
🔤
🔤
🔤
🔤
🔤
🔤
🔎
1702МПГ
расчёт 17.02.2026г.
💵
78"
1566,https://t.me/AutoWorld_Georgia/1566,2026-02-22T04:18:13+00:00,,,,,GT-Line,51 600ml,"2,0l на 147HP",147.0,,CVT,передний,"""",кожа,,3KPF54AD9PE609769,,,,,,22.02.2026,,"🔤
🔤
🔤
🔤
🔤
🔤
до
1⃣
6⃣
1⃣
🚀
🌟
🍐
Forte GT 02/23г.
🚗
✨
2️⃣
🤩
2️⃣
8️⃣
🔤
🔤
🔤
🔹
комплектация
GT-Line
🔹
Пробег:
51 600ml
.
👍
🔹
Двигатель:
2,0l на 147HP
🐎
💨
🔹
Коробка:
CVT
🔹
Привод: передний
🔤
🔤
🔤
🔹
Безопасность ""
завод
""
🛡
🔹
Салон кожа
🛋
, панорама, музыка Harman/Kardon, вентиляция сидений
📜
История автомобиля
3KPF54AD9PE609769
🔎
2102WАГТ1236
расчёт 22.02.2026г.
💵
78"
1585,https://t.me/AutoWorld_Georgia/1585,2026-03-01T01:53:17+00:00,,,,,LT,45 347ml,"1,3l на 155HP",155.0,,АКПП - 8,полный,восcтановлена,текстиль,,KL79MRSL5NB050358,,,,,,28.02.2026,,"🔤
🔤
🔤
🔤
🔤
🔤
до
1⃣
6⃣
1⃣
🌟
🧩
Trailblazer 07/21г.
🚗
✨
1️⃣
🤩
7️⃣
8️⃣
🔤
🔤
🔤
🔹
комплектация
LT
🔹
Пробег:
45 347ml
👍
🔹
Двигатель:
1,3l на 155HP
🐎
💨
🔹
Коробка:
АКПП - 8
🔹
Привод: полный
🔤
🔤
🔤
🔹
Безопасность восcтановлена
🛡
🔹
Салон текстиль
🛋
📜
История автомобиля
KL79MRSL5NB050358
🔎
2802WАГТ1759
расчёт 28.02.2026г.
💵
78"
1595,https://t.me/AutoWorld_Georgia/1595,2026-03-01T02:21:24+00:00,,,,,Premium,🔺,"2,0l на 152HP",152.0,,CVT,полный,"""",текстиль,,JF2GUADC2R8310339,,,,,,28.02.2026,,"🔤
🔤
🔤
🔤
🔤
🔤
до
1⃣
6⃣
1⃣
🌟
SUBARU
Crosstrek 10/23г.
🚗
✨
2️⃣
🤩
3️⃣
8️⃣
🔤
🔤
🔤
🔹
комплектация
Premium
🔹
Пробег:
🔺
470km
👍
🔹
Двигатель:
2,0l на 152HP
🐎
💨
🔹
Коробка:
CVT
🔹
Привод: полный
🔤
🔤
🔤
🔹
Безопасность ""
завод
""
🛡
🔹
Салон текстиль
🛋
,
📜
История автомобиля
JF2GUADC2R8310339
🔎
2802АИГ1437
расчёт 28.02.2026г.
💵
78"
1605,https://t.me/AutoWorld_Georgia/1605,2026-03-02T11:08:17+00:00,,,,,LX,46 900ml,"2,0l на 147HP",147.0,,CVT,передний,"""",текстиль,,3KPF24AD8PE505363,,,,,,02.03.2026,https://storage.yandexcloud.net/viiversion-auto-sale-media/cars/autoworld-1605/main-1790168132897-main-1-8771c365.jpg | https://storage.yandexcloud.net/viiversion-auto-sale-media/cars/autoworld-1605/other-1790168133830-other-2-f5f61af5.jpg | https://storage.yandexcloud.net/viiversion-auto-sale-media/cars/autoworld-1605/other-1790168134755-other-3-ea074f2d.jpg | https://storage.yandexcloud.net/viiversion-auto-sale-media/cars/autoworld-1605/other-1790168135335-other-4-4cd5f2e8.jpg | https://storage.yandexcloud.net/viiversion-auto-sale-media/cars/autoworld-1605/other-1790168136040-other-6-9c038e89.jpg | https://storage.yandexcloud.net/viiversion-auto-sale-media/cars/autoworld-1605/other-1790168136643-other-7-34ecdefa.jpg | https://storage.yandexcloud.net/viiversion-auto-sale-media/cars/autoworld-1605/other-1790168137208-other-8-103f5184.jpg | https://storage.yandexcloud.net/viiversion-auto-sale-media/cars/autoworld-1605/other-1790168138004-other-9-afc68be1.jpg | https://storage.yandexcloud.net/viiversion-auto-sale-media/cars/autoworld-1605/other-1790168138479-other-10-b8f8addb.jpg,"🔤
🔤
🔤
🔤
🔤
🔤
до
1⃣
6⃣
1⃣
🚀
🌟
🍐
Forte
06/22г.
🚗
✨
1️⃣
🤩
9️⃣
1️⃣
🔤
🔤
🔤
🔹
комплектация LX
🔹
Пробег:
46 900ml
.
👍
🔹
Двигатель:
2,0l на 147HP
🐎
💨
🔹
Коробка:
CVT
🔹
Привод: передний
🔤
🔤
🔤
🔹
Безопасность ""
завод
""
🛡
🔹
Салон текстиль
🛋
📜
История автомобиля
3KPF24AD8PE505363
🔎
0203WАГТ1236
расчёт 02.03.2026г.
💵
78"
1614,https://t.me/AutoWorld_Georgia/1614,2026-03-02T11:39:30+00:00,,,,,AWD Sport,40 600ml,"1,8l на 141HP",141.0,,AKПП,полный,"""",текстиль,,3CZRU6H10NM700952,,,,,,02.03.2026,https://storage.yandexcloud.net/viiversion-auto-sale-media/cars/autoworld-1614/main-1790168139213-main-1-3db3bb53.jpg | https://storage.yandexcloud.net/viiversion-auto-sale-media/cars/autoworld-1614/other-1790168140025-other-2-c336b669.jpg | https://storage.yandexcloud.net/viiversion-auto-sale-media/cars/autoworld-1614/other-1790168140890-other-3-18117a6e.jpg | https://storage.yandexcloud.net/viiversion-auto-sale-media/cars/autoworld-1614/other-1790168141496-other-4-f2119b6b.jpg | https://storage.yandexcloud.net/viiversion-auto-sale-media/cars/autoworld-1614/other-1790168142283-other-5-dddd993e.jpg | https://storage.yandexcloud.net/viiversion-auto-sale-media/cars/autoworld-1614/other-1790168142909-other-6-6b1c27b9.jpg | https://storage.yandexcloud.net/viiversion-auto-sale-media/cars/autoworld-1614/other-1790168143685-other-7-8f8acd36.jpg | https://storage.yandexcloud.net/viiversion-auto-sale-media/cars/autoworld-1614/other-1790168144298-other-8-75ebdeb3.jpg | https://storage.yandexcloud.net/viiversion-auto-sale-media/cars/autoworld-1614/other-1790168144900-other-9-047b50e2.jpg | https://storage.yandexcloud.net/viiversion-auto-sale-media/cars/autoworld-1614/other-1790168145462-other-10-6fb98e3e.jpg,"🔤
🔤
🔤
🔤
🔤
🔤
до
1⃣
6⃣
1⃣
🚀
🌟
HONDA HR-V
06/21г.
🚗
✨
1️⃣
🤩
9️⃣
5️⃣
🔤
🔤
🔤
🔹
комплектация
AWD Sport
🔹
Пробег:
40 600ml
.
👍
🔹
Двигатель:
1,8l на 141HP
🐎
💨
🔹
Коробка:
AKПП
🔹
Привод: полный
🔤
🔤
🔤
🔹
Безопасность ""
восстановлена
""
🛡
🔹
Салон текстиль
🛋
Два ключа!!! Адаптивный круиз-контроль,
Система предупреждения выезда с полосы движения (LDA).
📜
История автомобиля
3CZRU6H10NM700952
🔎
0203АРГ1103
расчёт 02.03.2026г.
💵
78"
1625,https://t.me/AutoWorld_Georgia/1625,2026-03-03T03:13:19+00:00,,,,,SEL,29 000км.,"2,0l на 147HP",147.0,,CVT,передний,"""",текстиль,,KMHLS4AG2PU553600,,,,,,02.03.2026,https://storage.yandexcloud.net/viiversion-auto-sale-media/cars/autoworld-1625/main-1790168146305-main-1-99e46a9c.jpg | https://storage.yandexcloud.net/viiversion-auto-sale-media/cars/autoworld-1625/other-1790168147199-other-2-30ad94eb.jpg | https://storage.yandexcloud.net/viiversion-auto-sale-media/cars/autoworld-1625/other-1790168147753-other-3-d5d27c81.jpg | https://storage.yandexcloud.net/viiversion-auto-sale-media/cars/autoworld-1625/other-1790168148307-other-4-bbe0682c.jpg | https://storage.yandexcloud.net/viiversion-auto-sale-media/cars/autoworld-1625/other-1790168149042-other-5-1537685e.jpg | https://storage.yandexcloud.net/viiversion-auto-sale-media/cars/autoworld-1625/other-1790168149642-other-6-7e6570b3.jpg | https://storage.yandexcloud.net/viiversion-auto-sale-media/cars/autoworld-1625/other-1790168150228-other-7-1953e69c.jpg | https://storage.yandexcloud.net/viiversion-auto-sale-media/cars/autoworld-1625/other-1790168150781-other-8-ae155326.jpg | https://storage.yandexcloud.net/viiversion-auto-sale-media/cars/autoworld-1625/other-1790168151340-other-9-ab7482a3.jpg | https://storage.yandexcloud.net/viiversion-auto-sale-media/cars/autoworld-1625/other-1790168151906-other-10-b7724e0c.jpg,"🔤
🔤
🔤
🔤
🔤
🔤
до
1⃣
6⃣
1⃣
🚀
🌟
🥬
Elantra
22/03/23г.
🚗
✨
2️⃣
🤩
🔤
1️⃣
🔤
🔤
🔤
🔹
комплектация
SEL
🔹
Пробег:
29 000км.
👍
🔹
Двигатель:
2,0l на 147HP
🐎
💨
🔹
Коробка:
CVT
🔹
Привод: передний
🔤
🔤
🔤
🔹
Безопасность ""
завод
""
🛡
🔹
Салон текстиль
🛋
📜
История автомобиля
👇
KMHLS4AG2PU553600
🔎
0203АРГ1115
расчёт 02.03.2026г.
💵
78"
1636,https://t.me/AutoWorld_Georgia/1636,2026-03-03T10:01:24+00:00,,Atlas,,2021,SEL R-Line,78 000kм,"2,0л",235.0,,АКПП,AWD,"""",кожа,,1V2SC2CA4NC201890,,,,,,02.03.2026,https://storage.yandexcloud.net/viiversion-auto-sale-media/cars/autoworld-1636/main-1790168152656-main-1-d3abb346.jpg | https://storage.yandexcloud.net/viiversion-auto-sale-media/cars/autoworld-1636/other-1790168153221-other-2-97318446.jpg | https://storage.yandexcloud.net/viiversion-auto-sale-media/cars/autoworld-1636/other-1790168154001-other-3-0051546c.jpg | https://storage.yandexcloud.net/viiversion-auto-sale-media/cars/autoworld-1636/other-1790168154565-other-4-5641a1b3.jpg | https://storage.yandexcloud.net/viiversion-auto-sale-media/cars/autoworld-1636/other-1790168155114-other-5-2da87f6a.jpg | https://storage.yandexcloud.net/viiversion-auto-sale-media/cars/autoworld-1636/other-1790168155929-other-6-23e90506.jpg | https://storage.yandexcloud.net/viiversion-auto-sale-media/cars/autoworld-1636/other-1790168156734-other-7-bbe3ad33.jpg | https://storage.yandexcloud.net/viiversion-auto-sale-media/cars/autoworld-1636/other-1790168157477-other-8-511adefb.jpg | https://storage.yandexcloud.net/viiversion-auto-sale-media/cars/autoworld-1636/other-1790168158046-other-9-12733363.jpg | https://storage.yandexcloud.net/viiversion-auto-sale-media/cars/autoworld-1636/other-1790168158794-other-10-c0b85a05.jpg,"🔤
🔤
🔤
🔤
🔤
🔤
🌟
🍏
Atlas 09/21г.
✨
4️⃣
🤩
6️⃣
1️⃣
🔤
🔤
🔤
🔹
комплектация
SEL R-Line
🔹
Пробег:
78 000kм
.
👍
🔹
Двигатель:
2,0л
на
235л.с
.
🐎
💨
🔹
Коробка:
АКПП
🔹
Привод:
AWD
🔹
Кузов:
""100 % ЗАВОД""
🔺
🔹
Безопасность ""
восстановлена
""
🛡
🔹
Салон кожа
🐄
🛋
, электронная панель, панорама, эл.привод сидений и множество вспомогательных опций!
📜
История автомобиля
1V2SC2CA4NC201890
🔎
0203WАГТ1236
расчёт 02.03.2026г.
💵
78"
1646,https://t.me/AutoWorld_Georgia/1646,2026-03-03T10:08:28+00:00,,Atlas,,2021,максимальная,87 000kм,"2,0л",235.0,,АКПП,AWD,"""",кожа,,1V2BP2CA2NC503179,,,,,,03.03.2026,https://storage.yandexcloud.net/viiversion-auto-sale-media/cars/autoworld-1646/main-1790168159554-main-1-898177ae.jpg | https://storage.yandexcloud.net/viiversion-auto-sale-media/cars/autoworld-1646/other-1790168160273-other-2-99e3fcd7.jpg | https://storage.yandexcloud.net/viiversion-auto-sale-media/cars/autoworld-1646/other-1790168161042-other-3-4c4abe57.jpg | https://storage.yandexcloud.net/viiversion-auto-sale-media/cars/autoworld-1646/other-1790168162037-other-4-cb6eaf7f.jpg | https://storage.yandexcloud.net/viiversion-auto-sale-media/cars/autoworld-1646/other-1790168162818-other-5-cdaac3f3.jpg | https://storage.yandexcloud.net/viiversion-auto-sale-media/cars/autoworld-1646/other-1790168163568-other-6-c29e4669.jpg | https://storage.yandexcloud.net/viiversion-auto-sale-media/cars/autoworld-1646/other-1790168164413-other-7-243ed0dc.jpg | https://storage.yandexcloud.net/viiversion-auto-sale-media/cars/autoworld-1646/other-1790168164995-other-8-13eaae23.jpg | https://storage.yandexcloud.net/viiversion-auto-sale-media/cars/autoworld-1646/other-1790168165767-other-9-00217bfd.jpg | https://storage.yandexcloud.net/viiversion-auto-sale-media/cars/autoworld-1646/other-1790168166340-other-10-c86609ad.jpg,"🔤
🔤
🔤
🔤
🔤
🔤
🌟
🍏
Atlas 09/21г.
✨
4️⃣
🤩
6️⃣
🔤
🔤
🔤
🔹
комплектация максимальная
SEL Premium
🔹
Пробег:
87 000kм
.
👍
🔹
Двигатель:
2,0л
на
235л.с
.
🐎
💨
🔹
Коробка:
АКПП
🔹
Привод:
AWD
🔹
Безопасность ""
100% завод
""
🔺
🛡
🔹
Салон кожа
🐄
🛋
, электронная панель, два ключа, панорама, 6 мест, ""капитанские"" кресла, эл.привод сидений и множество вспомогательных опций!
📜
История автомобиля
1V2BP2CA2NC503179
🔎
1501САТ
расчёт 03.03.2026г.
💵
78"
1657,https://t.me/AutoWorld_Georgia/1657,2026-03-07T11:36:28+00:00,,Tiguan,,2022,SE,32 400ml,"2,0л",184.0,,АКПП,AWD,"""",кожа,,3VV2B7AX0NM161011,,,,,,07.03.2026,https://storage.yandexcloud.net/viiversion-auto-sale-media/cars/autoworld-1657/main-1790168167113-main-1-e6879d71.jpg | https://storage.yandexcloud.net/viiversion-auto-sale-media/cars/autoworld-1657/other-1790168167921-other-2-7e54f4d1.jpg | https://storage.yandexcloud.net/viiversion-auto-sale-media/cars/autoworld-1657/other-1790168168714-other-3-8d0f8926.jpg | https://storage.yandexcloud.net/viiversion-auto-sale-media/cars/autoworld-1657/other-1790168169462-other-4-af675864.jpg | https://storage.yandexcloud.net/viiversion-auto-sale-media/cars/autoworld-1657/other-1790168170023-other-5-6b2a511f.jpg | https://storage.yandexcloud.net/viiversion-auto-sale-media/cars/autoworld-1657/other-1790168170577-other-6-1d53db9b.jpg | https://storage.yandexcloud.net/viiversion-auto-sale-media/cars/autoworld-1657/other-1790168171148-other-7-90b790db.jpg | https://storage.yandexcloud.net/viiversion-auto-sale-media/cars/autoworld-1657/other-1790168171937-other-8-2f02e4c4.jpg | https://storage.yandexcloud.net/viiversion-auto-sale-media/cars/autoworld-1657/other-1790168172383-other-9-88eebc14.jpg,"🔤
🔤
🔤
🔤
🔤
🔤
🌟
🍏
Tiguan 08/22г.
✨
4️⃣
🤩
1️⃣
🔤
🔤
🔤
🔹
комплектация
SE
🔹
Пробег:
32 400ml
.
👍
🔹
Двигатель:
2,0л
на
184л.с
.
🐎
💨
🔹
Коробка:
АКПП
🔹
Привод:
AWD
🔹
Безопасность ""
100% завод
""
🔺
🛡
🔹
Салон кожа
🐄
🛋
, электронная панель
📜
История автомобиля
3VV2B7AX0NM161011
🔎
11MA2333021
расчёт 07.03.2026г.
💵
80"
1665,https://t.me/AutoWorld_Georgia/1665,2026-03-07T11:36:58+00:00,,,,,LS,30 600ml,"1,2l на 137HP",137.0,,CVT,передний,"""",текстиль,,KL77LFE21RC002920,,,,,,07.03.2026,https://storage.yandexcloud.net/viiversion-auto-sale-media/cars/autoworld-1665/main-1790168173459-main-1-fcc89b96.jpg | https://storage.yandexcloud.net/viiversion-auto-sale-media/cars/autoworld-1665/other-1790168174398-other-2-d99aafd4.jpg | https://storage.yandexcloud.net/viiversion-auto-sale-media/cars/autoworld-1665/other-1790168175350-other-3-c50d0da3.jpg | https://storage.yandexcloud.net/viiversion-auto-sale-media/cars/autoworld-1665/other-1790168176262-other-4-7f121c83.jpg | https://storage.yandexcloud.net/viiversion-auto-sale-media/cars/autoworld-1665/other-1790168177057-other-5-2c300b9c.jpg | https://storage.yandexcloud.net/viiversion-auto-sale-media/cars/autoworld-1665/other-1790168177822-other-6-0f0241f1.jpg | https://storage.yandexcloud.net/viiversion-auto-sale-media/cars/autoworld-1665/other-1790168178601-other-7-a68f1596.jpg | https://storage.yandexcloud.net/viiversion-auto-sale-media/cars/autoworld-1665/other-1790168179204-other-8-e9401aa6.jpg | https://storage.yandexcloud.net/viiversion-auto-sale-media/cars/autoworld-1665/other-1790168180025-other-9-4b22befe.jpg | https://storage.yandexcloud.net/viiversion-auto-sale-media/cars/autoworld-1665/other-1790168180982-other-10-1e57fd4c.jpg,"🔤
🔤
🔤
🔤
🔤
🔤
до
1⃣
6⃣
1⃣
🚀
🌟
🧩
Trax 02/23г.
🚗
✨
1️⃣
🤩
9️⃣
6️⃣
🔤
🔤
🔤
🔹
комплектация
LS
🔹
Пробег:
30 600ml
.
👍
🔹
Двигатель:
1,2l на 137HP
🐎
💨
🔹
Коробка:
CVT
🔹
Привод: передний
🔤
🔤
🔤
🔹
Безопасность ""
завод
""
🛡
🔹
Салон текстиль
🛋
📜
История автомобиля
KL77LFE21RC002920
🔎
78MА0009021ИС
расчёт 07.03.2026г.
💵
80"
1675,https://t.me/AutoWorld_Georgia/1675,2026-03-07T11:37:21+00:00,,,,,SE,45 400ml,"1,4l на 147HP",147.0,,АКПП-8,передний,"""",текстиль,,3VWC57BUXMM082276,,,,,,07.03.2026,https://storage.yandexcloud.net/viiversion-auto-sale-media/cars/autoworld-1675/main-1790168181553-main-1-668e6e32.jpg | https://storage.yandexcloud.net/viiversion-auto-sale-media/cars/autoworld-1675/other-1790168182103-other-2-d34acd1e.jpg | https://storage.yandexcloud.net/viiversion-auto-sale-media/cars/autoworld-1675/other-1790168182671-other-3-e393737c.jpg | https://storage.yandexcloud.net/viiversion-auto-sale-media/cars/autoworld-1675/other-1790168183244-other-4-b81b1c3b.jpg | https://storage.yandexcloud.net/viiversion-auto-sale-media/cars/autoworld-1675/other-1790168184012-other-5-de75a0eb.jpg | https://storage.yandexcloud.net/viiversion-auto-sale-media/cars/autoworld-1675/other-1790168184596-other-6-20654dba.jpg | https://storage.yandexcloud.net/viiversion-auto-sale-media/cars/autoworld-1675/other-1790168185152-other-7-e3158e02.jpg | https://storage.yandexcloud.net/viiversion-auto-sale-media/cars/autoworld-1675/other-1790168185782-other-8-3a3ba436.jpg | https://storage.yandexcloud.net/viiversion-auto-sale-media/cars/autoworld-1675/other-1790168186345-other-9-9e723afa.jpg | https://storage.yandexcloud.net/viiversion-auto-sale-media/cars/autoworld-1675/other-1790168186820-other-10-816a628f.jpg,"🔤
🔤
🔤
🔤
🔤
🔤
до
1⃣
6⃣
1⃣
🚀
🌟
🍏
Jetta 09/21г.
🚗
✨
1️⃣
🤩
7️⃣
6️⃣
🔤
🔤
🔤
🔹
комплектация
SE
🔹
Пробег:
45 400ml
.
👍
🔹
Двигатель:
1,4l на 147HP
🐎
💨
🔹
Коробка:
АКПП-8
🔹
Привод: передний
🔤
🔤
🔤
🔹
Безопасность ""
завод
""
🛡
🔹
Салон текстиль
🛋
📜
История автомобиля
3VWC57BUXMM082276
🔎
62MА1455021ИС
расчёт 07.03.2026г.
💵
80"
1697,https://t.me/AutoWorld_Georgia/1697,2026-03-17T20:56:06+00:00,,Tundra,,2024,1794 Edition 4x4 CrewMax 5.5 f,3 600km.,"3,4л на 389л.с.",389.0,,АКПП,AWD,"""100% завод""",кожа,,5TFMA5DB5RX166252,,,,,,17.03.2026,,"🔤
🔤
🔤
🔤
🔤
🔤
🌟
👛
Tundra 01/24г.
✨
8️⃣
🤩
1️⃣
3️⃣
🔤
🔤
🔤
🔹
комплектация 1794 Edition 4x4 CrewMax 5.5 f
🔹
Пробег:  3 600km.
❗️
👍
🔹
Двигатель: 3,4л на 389л.с.
🐎
💨
🔹
Коробка: АКПП
🔹
Привод:  AWD
🔹
Безопасность ""100% завод""
🔺
🛡
🔹
Салон кожа
🐄
🛋
, электронная панель, панорама, обзор-360....
📜
История автомобиля
5TFMA5DB5RX166252
🔎
74MA6328911
расчёт 17.03.2026г.
💵
82"
1707,https://t.me/AutoWorld_Georgia/1707,2026-03-18T08:15:10+00:00,,,,,,40 000мл.,"2,0l на 147HP",147.0,,CVT,передний,"""90% завод""",текстиль,,KMHLS4AG3PU561351,,,,,,18.03.2026,https://storage.yandexcloud.net/viiversion-auto-sale-media/cars/autoworld-1707/main-1790168187708-main-1-639218a2.jpg | https://storage.yandexcloud.net/viiversion-auto-sale-media/cars/autoworld-1707/other-1790168188463-other-2-572f664a.jpg | https://storage.yandexcloud.net/viiversion-auto-sale-media/cars/autoworld-1707/other-1790168189269-other-3-35aa007c.jpg | https://storage.yandexcloud.net/viiversion-auto-sale-media/cars/autoworld-1707/other-1790168190212-other-4-203f4080.jpg | https://storage.yandexcloud.net/viiversion-auto-sale-media/cars/autoworld-1707/other-1790168191087-other-5-d8c48427.jpg | https://storage.yandexcloud.net/viiversion-auto-sale-media/cars/autoworld-1707/other-1790168191894-other-6-601b70e3.jpg | https://storage.yandexcloud.net/viiversion-auto-sale-media/cars/autoworld-1707/other-1790168192562-other-7-feb91899.jpg | https://storage.yandexcloud.net/viiversion-auto-sale-media/cars/autoworld-1707/other-1790168193411-other-8-5e16e27b.jpg | https://storage.yandexcloud.net/viiversion-auto-sale-media/cars/autoworld-1707/other-1790168194193-other-9-3ae270a4.jpg,"🔤
🔤
🔤
🔤
🔤
🔤
до
1⃣
6⃣
1⃣
🚀
🌟
🥬
Elantra 01/04/23г.
🚗
✨
2⃣
🤩
1⃣
6⃣
🔤
🔤
🔤
🔹
Пробег:  40 000мл.
👍
🔹
Двигатель: 2,0l на 147HP
🐎
💨
🔹
Коробка: CVT
🔹
Привод: передний
😀
😀
😀
🔹
Безопасность ""90% завод""
🛡
🔹
Салон текстиль
🛋
📜
История автомобиля
👇
KMHLS4AG3PU561351
🔎
1603САТ1340
расчёт 18.03.2026г.
💵
83
теперь мы есть в МАХ
👇
https://max.ru/c/-71046904611051/AZz_1FdXcoU"
1717,https://t.me/AutoWorld_Georgia/1717,2026-03-19T03:57:11+00:00,,,,,Premium,45000km,"2,0l на 152HP",152.0,,CVT,полный,"""",комбинированный,,JF2GTABC2P8289916,,,,,,19.03.2026,,"🔤
🔤
🔤
🔤
🔤
🔤
до
1⃣
6⃣
1⃣
🌟
SUBARU
Crosstrek 11/22г.
🚗
✨
2️⃣
🤩
2️⃣
3️⃣
🔤
🔤
🔤
🔹
комплектация
Premium
🔹
Пробег:
45000km
👍
🔹
Двигатель:
2,0l на 152HP
🐎
💨
🔹
Коробка:
CVT
🔹
Привод: полный
🔤
🔤
🔤
🔹
Безопасность ""
завод
""
🛡
🔹
Салон комбинированный
🛋
,
📜
История автомобиля
JF2GTABC2P8289916
🔎
69MA0860121
расчёт 19.03.2026г.
💵
84
теперь мы в есть и в МАХ
👇
https://max.ru/c/-71046904611051/AZ0ENpcfYzc"
1726,https://t.me/AutoWorld_Georgia/1726,2026-03-19T04:27:59+00:00,,,,,LIMITED,59 200км,"2,0l на 145HP",145.0,,CVT,передний,,кожа,,,,,,,,19.03.2026,,"🔤
🔤
🔤
🔤
🔤
🔤
до
1⃣
6⃣
1⃣
лс
🚀
🌟
👛
C-HR 2022г.
🚗
✨
2️⃣
🤩
3️⃣
9️⃣
🔤
🔤
🔤
🔹
комплектация
LIMITED
🔹
Пробег:
59 200км
.
👍
🔹
Двигатель:
2,0l на 145HP
🐎
💨
🔹
Коробка:
CVT
🔹
Привод:  передний
🔤
🔤
🔤
🔹
Салон
кожа
🐄
🛋
🔎
67МА3209021
расчёт 19.03.2026г.
💵
84
Теперь мы есть и в МАХ
👇
https://max.ru/c/-71046904611051/AZ0EXOxJcTU"
1735,https://t.me/AutoWorld_Georgia/1735,2026-03-22T05:22:49+00:00,,SUBARU,Crosstrek (рест),2023,Premium,36000km,"2,0l на 152HP",152.0,,CVT,полный AWD,"""95% завод""",комбинированный,"""справа""",JF2GUADC2R8277410,23.03.2026,9500,2100000,,,21.03.2026,,"АУКЦИОН
на
23.03
.
🌟
SUBARU Crosstrek (рест) 07/23г.
🚗
✨
🤩
🤩
🤩
🤩
т. руб.
🔹
комплектация Premium
🔹
Пробег:  36000km
👍
🔹
Двигатель: 2,0l на 152HP
🐎
💨
🔹
Коробка: CVT
🔹
Привод: полный AWD
🔹
Безопасность ""95% завод""
🛡
🔹
Салон комбинированный
🛋
🔹
Повреждения ""справа""
📜
История автомобиля
JF2GUADC2R8277410
⚖️
🛎️
Торги 23.03.2026г.
+- 9500$ (расчетная ставка)
Цена в России под
🎼
+- 2,1 млн. руб.
🔎
1-98948795
расчёт 21.03.2026г.
💵
84
Присоединяйтесь к нам в МАХ
👇
https://max.ru/c/-71046904611051/AZ0OxKBYJeU"
1745,https://t.me/AutoWorld_Georgia/1745,2026-03-22T05:26:02+00:00,,Chevrolet,Trailblazer,2023,RS,32900ml,"1,3l на 155HP",155.0,,АКПП,передний FWD,,кожа,"""минимальные""",KL79MTSL9PB218907,24.03.2026,8000,1700000,,,22.03.2026,,"АУКЦИОН
на
24.03
.
🌟
Chevrolet Trailblazer 07/23г.
🚗
✨
🤩
🤩
🤩
🤩
т. руб
🔹
комплектация RS
🔹
Пробег:  32900ml
👍
🔹
Двигатель: 1,3l на 155HP
🐎
💨
🔹
Коробка: АКПП
🔹
Привод: передний FWD
🔹
Салон кожа
🛋
🔹
Повреждения ""минимальные""
📜
История автомобиля
KL79MTSL9PB218907
⚖️
🛎️
Торги 24.03.2026г.
+- 8000$ (расчетная ставка)
Цена в России под
🎼
+- 1,7 млн. руб.
🔎
1-98948795
расчёт 22.03.2026г.
💵
84
Присоединяйтесь к нам в МАХ
👇
https://max.ru/c/-71046904611051/AZ0T-flrSwA"
1755,https://t.me/AutoWorld_Georgia/1755,2026-03-22T11:09:20+00:00,,Volkswagen,Jetta,2021,максимальная SEL,33000km,"1,4l на 147HP",147.0,,АКПП-8,передний FWD,"""завод""",кожа,"""спереди""",3VWE57BU5MM096286,24.03.2026,9000,1800000,,,22.03.2026,,"АУКЦИОН на 24.03.
🌟
Volkswagen Jetta 11/21г.
🚗
✨
🤩
🤩
🤩
🤩
т.руб.
🔹
комплектация максимальная SEL
🔹
Пробег:  33000km
👍
🔹
Двигатель: 1,4l на 147HP
🐎
💨
🔹
Коробка: АКПП-8
🔹
Привод: передний FWD
🔹
Безопасность ""завод""
🔹
Салон кожа
🛋
🔹
Повреждения ""спереди""
📜
История автомобиля
👇
3VWE57BU5MM096286
⚖️
🛎️
Торги 24.03.2026г.
+- 9000$ (расчетная ставка)
Цена в России под
🎼
+- 1,8 млн. руб.
🔎
0-44185920
расчёт 22.03.2026г.
💵
84
Теперь и в МАХ
👇
https://max.ru/c/-71046904611051/AZ0VLdrCEK0"
1765,https://t.me/AutoWorld_Georgia/1765,2026-03-22T18:07:30+00:00,,,,,GT-Line,76900km,"2,0l на 150HP",150.0,,CVT,передний,"""",текстиль,,3KPF34AD6NE463317,,,,,,22.03.2026,,"🔤
🔤
🔤
🔤
🔤
🔤
до
1⃣
6⃣
1⃣
🌟
KIA Forte
02/22г.
🚗
✨
2️⃣
🤩
1️⃣
🔤
🔤
🔤
🔹
комплектация
GT-Line
🔹
Пробег:
76900km
👍
🔹
Двигатель:
2,0l на 150HP
🐎
💨
🔹
Коробка:
CVT
🔹
Привод: передний
🔤
🔤
🔤
🔹
Безопасность ""
завод
""
🛡
🔹
Салон текстиль
🛋
,
📜
История автомобиля
3KPF34AD6NE463317
0322ГТ2111
расчёт 22.03.2026г.
💵
85
теперь мы в есть и в МАХ
👇
https://max.ru/c/-71046904611051/AZ0YufdqA_4"
1775,https://t.me/AutoWorld_Georgia/1775,2026-03-25T03:53:30+00:00,США,RAM,1500,2025,Express 4X4 5'7 Box,320ml,3.0l на 420HP,420.0,,АКПП,полный AWD,,,"""минимальные""",1C6SRFGP6TN272734,25.03.2026,35000,6300000,,,24.03.2026,,"👤
👤
👤
👤
👤
👤
👤
на 25.03.
🌟
RAM 1500 11/25г.
‼️
🚗
✨
6️⃣
😀
3️⃣
💥
💥
💥
®️
🔹
комплектация Express 4X4 5'7 Box
🔹
Пробег:  320ml
👍
🔹
Двигатель: 3.0l на 420HP
🐎
💨
🔹
Коробка: АКПП
🔹
Привод: полный AWD
🔹
Повреждения ""минимальные""
📜
История автомобиля
1C6SRFGP6TN272734
⚖️
🛎️
Торги 25.03.2026г.
+- 35000$ (расчетная ставка)
Цена в России под
🎼
+- 6,3 млн. руб.
🔎
0-44394101
расчёт 24.03.2026г.
💵
82
Смотрите нас в МАХ
👇
https://max.ru/c/-71046904611051/AZ0jGL8-MGs"
1786,https://t.me/AutoWorld_Georgia/1786,2026-03-26T04:16:12+00:00,США,,,,TRX 4X4 5'7 Box,11071ml,"6.2l, V8, на 702HP",702.0,,АКПП,полный AWD,,,"""отсутствуют""",1C6SRFU94PN504582,30.03.2026,50000,8250000,,,26.03.2026,,"👤
👤
👤
👤
👤
👤
👤
на 30.03.
🌟
RAM 1500 TRX 2023г.
‼️
🚗
✨
8️⃣
😀
2️⃣
5️⃣
💥
💥
💥
®️
🔹
комплектация TRX 4X4 5'7 Box
🔹
Пробег:  11071ml
👍
🔹
Двигатель: 6.2l, V8, на 702HP
🐎
💨
🔹
Коробка: АКПП
🔹
Привод: полный AWD
🔹
Повреждения ""отсутствуют""
📜
История автомобиля
1C6SRFU94PN504582
⚖️
🛎️
Торги 30.03.2026г.
+-
50 000$
(расчетная ставка)
Цена в России под
🎼
+- 8,25 млн. руб.
🔎
0-43907720
расчёт 26.03.2026г.
💵
82
Смотрите нас в МАХ
👇
https://max.ru/c/-71046904611051/AZ0oJhSDb-U"
1796,https://t.me/AutoWorld_Georgia/1796,2026-03-26T04:26:01+00:00,США,RAM,1500 TRX,2023,TRX 4X4 5'7 Box,46700ml,"6.2l, V8, на 702HP",702.0,,АКПП,полный AWD,,,"""вандализм"", нет ключа",1C6SRFU97RN101635,31.03.2026,55000,8300000,,,26.03.2026,,"👤
👤
👤
👤
👤
👤
👤
на 31.03.
🌟
RAM 1500 TRX 08/23г.
🚗
✨
8️⃣
😀
3️⃣
💥
💥
💥
®️
🔹
комплектация TRX 4X4 5'7 Box
🔹
Пробег:  46700ml
👍
🔹
Двигатель: 6.2l, V8, на 702HP
🐎
💨
🔹
Коробка: АКПП
🔹
Привод: полный AWD
🔹
Повреждения ""вандализм"", нет ключа
📜
История автомобиля
1C6SRFU97RN101635
⚖️
🛎️
Торги 31.03.2026г.
+- 55 000$
(расчетная ставка)
Цена в России под
🎼
+- 8,3 млн. руб
.
🔎
1-97337335
расчёт 26.03.2026г.
💵
82
Смотрите нас в МАХ
👇
https://max.ru/c/-71046904611051/AZ0oS_CASR8"
1806,https://t.me/AutoWorld_Georgia/1806,2026-03-28T04:21:23+00:00,,KIA,Seltos,2023,S,73000km,"2,0l на 147HP",147.0,,IVT,передний  FWD,"""завод""",комбинированный,,KNDEU2AA1R7501920,,,,,,28.03.2026,,"🔤
🔤
🔤
🔤
🔤
🔤
до
1⃣
6⃣
1⃣
🌟
KIA Seltos 04/23г. (рест)
🚗
✨
2️⃣
🤩
4️⃣
🔤
🔤
🔤
🔹
комплектация S
🔹
Пробег:  73000km
👍
🔹
Двигатель: 2,0l на 147HP
🐎
💨
🔹
Коробка: IVT
🔹
Привод: передний  FWD
🔹
Безопасность ""завод""
🛡
🔹
Салон комбинированный
🛋
,
📜
История автомобиля
KNDEU2AA1R7501920
🔎
37МА1630121
расчёт 28.03.2026г.
💵
82
Смотрите нас на МАХ
👇
https://max.ru/c/-71046904611051/AZ0yde0MVTM"
1816,https://t.me/AutoWorld_Georgia/1816,2026-03-28T04:27:22+00:00,,KIA,Soul,2023,GT-Line,38500km,"2,0l на 147HP",147.0,,IVT,передний,"""",кожа,,KNDJ53AU2P7213770,,,,,,28.03.2026,,"🔤
🔤
🔤
🔤
🔤
🔤
до
1⃣
6⃣
1⃣
🌟
KIA Soul 04/23г.
🚗
✨
2️⃣
🤩
1️⃣
5️⃣
🔤
🔤
🔤
🔹
комплектация
GT-Line
🔹
Пробег:
38500km
👍
🔹
Двигатель:
2,0l на 147HP
🐎
💨
🔹
Коробка:
IVT
🔹
Привод: передний
FWD
🔹
Безопасность ""
95% завод
""
🛡
🔹
Салон кожа
🛋
,
📜
История автомобиля
KNDJ53AU2P7213770
🔎
04МА0668021
расчёт 28.03.2026г.
💵
82
Теперь и в МАХ
👇
https://max.ru/c/-71046904611051/AZ0yjPDMUt4"
1826,https://t.me/AutoWorld_Georgia/1826,2026-03-28T11:47:18+00:00,,Toyota,C-HR,2021,XLE,87500km,"2,0l на 150HP",150.0,,СVT,передний,"""",текстиль,,NMTKHMBX9MR138818,,,,,,28.03.2026,,"🔤
🔤
🔤
🔤
🔤
🔤
до
1⃣
6⃣
1⃣
🌟
Toyota C-HR 11/21г.
🏎
✨
2️⃣
🤩
3️⃣
3️⃣
🔤
🔤
🔤
🔹
комплектация
XLE
🔹
Пробег:
87500km
👍
🔹
Двигатель:
2,0l на 150HP
🐎
💨
🔹
Коробка:
СVT
🔹
Привод: передний
FWD
🔹
Безопасность ""
завод
""
🛡
🔹
Салон текстиль
🛋
,
📜
История автомобиля
NMTKHMBX9MR138818
🔎
2803АРГ1355
расчёт 28.03.2026г.
💵
82
Теперь и в МАХ
👇
https://max.ru/c/-71046904611051/AZ00TTc9Kds"
1834,https://t.me/AutoWorld_Georgia/1834,2026-03-28T12:27:11+00:00,,,,,"""",0 km,"2,0l на 150HP",150.0,,СVT,полный,"""",кожа,,,,,,,,28.03.2026,,"🔤
🔤
🔤
🔤
🔤
🔤
до
1⃣
6⃣
1⃣
🌟
Mazda CX-5 2025г.
🏎
✨
(Европа)
🔤
4️⃣
🤩
6️⃣
5️⃣
🔤
🔤
🔤
🔹
комплектация ""
Максимум
""
🔹
Пробег:
0 km
👍
🔹
Двигатель:
2,0l на 150HP
🐎
💨
🔹
Коробка:
СVT
🔹
Привод: полный
AWD
🔹
Безопасность ""
завод
""
🛡
🔹
Салон кожа
🛋
, панорама, музыка ""Bose""....
📜
История автомобиля
❤️
❤️
🥰
❤️
❤️
🔎
2803САГ1505
расчёт 28.03.2026г.
💵
82
Теперь и в МАХ
👇
https://max.ru/c/-71046904611051/AZ00h465cCw"
1838,https://t.me/AutoWorld_Georgia/1838,2026-03-29T08:57:49+00:00,,Peugeot,,2008,GT-line,0 km,"1,2l на 150HP",150.0,,АКПП-8,передний F,"""",кожа,,,,,,,,28.03.2026,https://storage.yandexcloud.net/viiversion-auto-sale-media/cars/autoworld-1838/main-1790168194804-main-1-2f63f141.jpg,"🔤
🔤
🔤
🔤
🔤
🔤
до
1⃣
6⃣
1⃣
🌟
Peugeot 2008 2022г.
🏎
✨
2️⃣
🤩
5️⃣
🔤
🔤
🔤
🔹
комплектация
GT-line
🔹
Пробег:
0 km
👍
🔹
Двигатель:
1,2l на 150HP
🐎
💨
🔹
Коробка:
АКПП-8
🔹
Привод: передний F
WD
🔹
Безопасность ""
завод
""
🛡
🔹
Салон кожа
🛋
, панорама
📜
История автомобиля
❤️
❤️
🥰
❤️
❤️
🔎
2803САГ1505
расчёт 28.03.2026г.
💵
82
Теперь и в МАХ
👇
https://max.ru/c/-71046904611051/AZ05tw2WOn8"
1840,https://t.me/AutoWorld_Georgia/1840,2026-03-31T03:39:51+00:00,США,Chevrolet,Trax,2023,LS,15700ml,"1.2l, на 137HP",137.0,,Автомат,передний,,,"""передний бампер""",KL77LFE26RC039610,31.03.2026,9000,1800000,,,31.03.2026,,"👤
👤
👤
👤
👤
👤
👤
на 31.03
🌟
Chevrolet Trax 04/23г.
‼️
🚗
✨
1️⃣
🤩
7️⃣
2️⃣
🔤
🔤
🔤
🔹
комплектация
LS
🔹
Пробег:
15700ml
👍
🔹
Двигатель:
1.2l, на 137HP
🐎
💨
🔹
Коробка:
Автомат
.
🔹
Привод: передний
FWD
🔹
Повреждения ""передний бампер""
📜
История автомобиля
KL77LFE26RC039610
⚖️
🛎️
Торги 31.03.2026г.
+- 9 000$
(расчетная ставка)
Цена в России (с ремонтом) под
🎼
+- 1,8 млн. руб.
🔎
1-78882745
расчёт 31.03.2026г.
💵
82
Теперь и в МАХ
👇
https://max.ru/c/-71046904611051/AZ1B6Xb0Gm0"
1850,https://t.me/AutoWorld_Georgia/1850,2026-04-01T03:16:14+00:00,,,,,🔹,0 km,дизель,147.0,,АКПП,полный,"""",,,,,,,,,31.03.2026,,"🔤
🔤
🔤
🔤
🔤
🔤
до
1⃣
6⃣
1⃣
🌟
Toyota Fortuner  2023г.
🚙
✨
4️⃣
🤩
9️⃣
5️⃣
🔤
🔤
🔤
🔹
комплектация
🔹
Пробег:
0 km
👍
🔹
Двигатель:
дизель
,
2,4l на 147HP
🐎
💨
🔹
Коробка:
АКПП
🔹
Привод: полный
AWD
🔹
Безопасность ""
завод
""
🛡
📜
История автомобиля
❤️
❤️
🥰
❤️
❤️
🔎
2803САГ1505
расчёт 31.03.2026г.
💵
82
Мы в МАХ
👇
https://max.ru/c/-71046904611051/AZ1HD8UWffU"
1852,https://t.me/AutoWorld_Georgia/1852,2026-04-01T07:19:32+00:00,,Mitsubishi,Eclipse Cross,2021,SE,59000 ml,"1,5l на 152HP",152.0,,CVT,полный,"""",кожа,,JA4ATWAA8NZ056884,,,,,,31.03.2026,,"🔤
🔤
🔤
🔤
🔤
🔤
до
1⃣
6⃣
1⃣
🌟
Mitsubishi Eclipse Cross 12/21г.
🏎
✨
2️⃣
🤩
1️⃣
7️⃣
🔤
🔤
🔤
🔹
комплектация
SE
🔹
Пробег:
59000 ml
👍
🔹
Двигатель:
1,5l на 152HP
🐎
💨
🔹
Коробка:
CVT
🔹
Привод: полный
AWD
🔹
Безопасность ""
завод
""
🛡
🔹
Салон кожа
🛋
📜
История автомобиля
JA4ATWAA8NZ056884
🔎
3103ГТ1736
расчёт 31.03.2026г.
💵
82"
1872,https://t.me/AutoWorld_Georgia/1872,2026-04-05T15:50:49+00:00,США,на,,2004,SEL Premium,31400ml,"1.4l, на 147HP",147.0,,АКПП-8,передний,,кожа,"""спереди""",3VWE57BU4MM102417,06.04.2026,9000,2000000,,,05.04.2026,https://storage.yandexcloud.net/viiversion-auto-sale-media/cars/autoworld-1872/main-1790168195731-main-1-93937e3e.jpg | https://storage.yandexcloud.net/viiversion-auto-sale-media/cars/autoworld-1872/other-1790168196635-other-2-096430d3.jpg | https://storage.yandexcloud.net/viiversion-auto-sale-media/cars/autoworld-1872/other-1790168197395-other-3-2781b5a6.jpg | https://storage.yandexcloud.net/viiversion-auto-sale-media/cars/autoworld-1872/other-1790168198182-other-4-98299dbd.jpg | https://storage.yandexcloud.net/viiversion-auto-sale-media/cars/autoworld-1872/other-1790168199011-other-5-e4738b5f.jpg | https://storage.yandexcloud.net/viiversion-auto-sale-media/cars/autoworld-1872/other-1790168199905-other-6-adf195cf.jpg | https://storage.yandexcloud.net/viiversion-auto-sale-media/cars/autoworld-1872/other-1790168200658-other-7-96e5b13e.jpg | https://storage.yandexcloud.net/viiversion-auto-sale-media/cars/autoworld-1872/other-1790168201251-other-8-88ff4f36.jpg | https://storage.yandexcloud.net/viiversion-auto-sale-media/cars/autoworld-1872/other-1790168201816-other-9-0c6e1c45.jpg | https://storage.yandexcloud.net/viiversion-auto-sale-media/cars/autoworld-1872/other-1790168202394-other-10-dffbada9.jpg,"👤
👤
👤
👤
👤
👤
👤
на 06.04
🌟
Volkswagen Jetta 12/21г.
‼️
🚗
✨
1️⃣
🤩
8️⃣
2️⃣
🔤
🔤
🔤
🔹
комплектация
SEL Premium
🔹
Пробег:
31400ml
👍
🔹
Двигатель:
1.4l, на 147HP
🐎
💨
🔹
Коробка:
АКПП-8
🔹
Привод: передний
FWD
🔹
Салон кожа
🛋
, панорама
🔹
Повреждения ""спереди""
📜
История автомобиля
3VWE57BU4MM102417
⚖️
🛎
Торги 06.04.2026г.
+- 9 000$ (расчетная ставка)
Цена в России (с ремонтом) под
🔧
+- 2,0 млн. руб.
🔎
1-78495775
расчёт 05.04.2026г.
💵
82
Теперь и в МАХ
👇
https://max.ru/c/-71046904611051/AZ1eWnPDChI"
1882,https://t.me/AutoWorld_Georgia/1882,2026-04-06T07:38:50+00:00,,Nissan,Sentra,2021,SR,28900 ml,"2,0l на 149HP",149.0,,CVT,передний,"""",кожа,,3N1AB8DV9MY284844,,,,,,06.04.2026,https://storage.yandexcloud.net/viiversion-auto-sale-media/cars/autoworld-1882/main-1790168202998-main-1-57cc6307.jpg | https://storage.yandexcloud.net/viiversion-auto-sale-media/cars/autoworld-1882/other-1790168203576-other-2-966c8cbd.jpg | https://storage.yandexcloud.net/viiversion-auto-sale-media/cars/autoworld-1882/other-1790168204125-other-3-dd224539.jpg | https://storage.yandexcloud.net/viiversion-auto-sale-media/cars/autoworld-1882/other-1790168205135-other-4-569d1ba8.jpg | https://storage.yandexcloud.net/viiversion-auto-sale-media/cars/autoworld-1882/other-1790168206035-other-5-fe5b0a1e.jpg | https://storage.yandexcloud.net/viiversion-auto-sale-media/cars/autoworld-1882/other-1790168206795-other-6-cfbd9d25.jpg | https://storage.yandexcloud.net/viiversion-auto-sale-media/cars/autoworld-1882/other-1790168207560-other-7-31490e9b.jpg | https://storage.yandexcloud.net/viiversion-auto-sale-media/cars/autoworld-1882/other-1790168208485-other-8-28b53e4e.jpg | https://storage.yandexcloud.net/viiversion-auto-sale-media/cars/autoworld-1882/other-1790168209097-other-9-275e62df.jpg | https://storage.yandexcloud.net/viiversion-auto-sale-media/cars/autoworld-1882/other-1790168209585-other-10-466edcc8.jpg,"🔤
🔤
🔤
🔤
🔤
🔤
до
1⃣
6⃣
1⃣
🌟
Nissan Sentra 05/21г.
🏎
✨
2️⃣
🤩
2️⃣
1️⃣
🔤
🔤
🔤
🔹
комплектация
SR
🔹
Пробег:
28900 ml
👍
🔹
Двигатель:
2,0l на 149HP
🐎
💨
🔹
Коробка:
CVT
🔹
Привод: передний
FWD
🔹
Безопасность ""
90% завод
""
🛡
🔹
Салон кожа
🛋
, акустика BOSE, камеры 360
📜
История автомобиля
3N1AB8DV9MY284844
🔎
0504ГТ1832
расчёт 06.04.2026г.
💵
82
мы в МАХ
👇
https://max.ru/c/-71046904611051/AZ1hwCH1Gfk"
1891,https://t.me/AutoWorld_Georgia/1891,2026-04-07T15:05:17+00:00,США,на,,2004,SR,12800ml,"2.0l, на 141HP",141.0,,CVT,передний,"""","комбинированный, электронная панель, сенсорный дисплей, ассистент водителя....","""сзади""",3N8AP6DA3SL350920,09.04.2026,8500,2250000,,,07.04.2026,https://storage.yandexcloud.net/viiversion-auto-sale-media/cars/autoworld-1891/main-1790168210466-main-1-ddd6addc.jpg | https://storage.yandexcloud.net/viiversion-auto-sale-media/cars/autoworld-1891/other-1790168211211-other-2-94b2614b.jpg | https://storage.yandexcloud.net/viiversion-auto-sale-media/cars/autoworld-1891/other-1790168212019-other-3-6176e3e1.jpg | https://storage.yandexcloud.net/viiversion-auto-sale-media/cars/autoworld-1891/other-1790168212940-other-4-097bcc64.jpg | https://storage.yandexcloud.net/viiversion-auto-sale-media/cars/autoworld-1891/other-1790168213662-other-5-bcaa8658.jpg | https://storage.yandexcloud.net/viiversion-auto-sale-media/cars/autoworld-1891/other-1790168214270-other-6-611de6d0.jpg | https://storage.yandexcloud.net/viiversion-auto-sale-media/cars/autoworld-1891/other-1790168214895-other-7-21064d9b.jpg | https://storage.yandexcloud.net/viiversion-auto-sale-media/cars/autoworld-1891/other-1790168215575-other-8-1d9ff6e0.jpg | https://storage.yandexcloud.net/viiversion-auto-sale-media/cars/autoworld-1891/other-1790168216145-other-9-8a328026.jpg | https://storage.yandexcloud.net/viiversion-auto-sale-media/cars/autoworld-1891/other-1790168216950-other-10-54b131b9.jpg,"👤
👤
👤
👤
👤
👤
👤
на 09.04
🌟
Nissan Kicks 11/24г. NEW
‼️
🚗
✨
1️⃣
🤩
9️⃣
9️⃣
🔤
🔤
🔤
🔹
комплектация
SR
🔹
Пробег:
12800ml
👍
🔹
Двигатель:
2.0l, на 141HP
🐎
💨
🔹
Коробка:
CVT
🔹
Привод: передний
FWD
🔹
Безопасность: ""
завод
""
🛡
🔹
Салон комбинированный, электронная панель, сенсорный дисплей, ассистент водителя....
🔹
Сборка:
Мексика
🔹
Повреждения ""сзади""
📜
История автомобиля
3N8AP6DA3SL350920
⚖️
🛎
Торги 09.04.2026г.
+- 8 500$ (расчетная ставка)
Цена в России (с ремонтом) под
🔧
+- 2,25 млн. руб.
🔎
1-75361575
расчёт 07.04.2026г.
💵
80
Теперь и в МАХ
👇
https://max.ru/c/-71046904611051/AZ1ofKUjX0k"
1901,https://t.me/AutoWorld_Georgia/1901,2026-04-07T15:50:35+00:00,США,на,,2004,,12100ml,"2.0l, на 255HP",255.0,,АКПП,задний,"""","кожа, электронная панель, сенсорный дисплей, ассистент водителя, панорама...","""незначительные""",WBA43FJ08RCS33708,09.04.2026,33000,6300000,,,07.04.2026,https://storage.yandexcloud.net/viiversion-auto-sale-media/cars/autoworld-1901/main-1790168217514-main-1-140a1e63.jpg | https://storage.yandexcloud.net/viiversion-auto-sale-media/cars/autoworld-1901/other-1790168218092-other-2-988569a0.jpg | https://storage.yandexcloud.net/viiversion-auto-sale-media/cars/autoworld-1901/other-1790168218887-other-3-31e08611.jpg | https://storage.yandexcloud.net/viiversion-auto-sale-media/cars/autoworld-1901/other-1790168219467-other-4-b302643d.jpg | https://storage.yandexcloud.net/viiversion-auto-sale-media/cars/autoworld-1901/other-1790168220062-other-5-5e81da50.jpg | https://storage.yandexcloud.net/viiversion-auto-sale-media/cars/autoworld-1901/other-1790168220813-other-6-ee1200c9.jpg | https://storage.yandexcloud.net/viiversion-auto-sale-media/cars/autoworld-1901/other-1790168221594-other-7-e95f1012.jpg | https://storage.yandexcloud.net/viiversion-auto-sale-media/cars/autoworld-1901/other-1790168222311-other-8-fe7a69dc.jpg | https://storage.yandexcloud.net/viiversion-auto-sale-media/cars/autoworld-1901/other-1790168223059-other-9-d268a439.jpg | https://storage.yandexcloud.net/viiversion-auto-sale-media/cars/autoworld-1901/other-1790168223802-other-10-f4f979a2.jpg,"👤
👤
👤
👤
👤
👤
👤
на 09.04
🌟
BMW 530I 04/24г.
🚗
✨
5️⃣
🤩
9️⃣
9️⃣
🔤
🔤
🔤
🔹
Пробег:
12100ml
👍
🔹
Двигатель:
2.0l, на 255HP
🐎
💨
🔹
Коробка:
АКПП
🔹
Привод: задний
RWD
🔹
Безопасность: ""
завод
""
🛡
🔹
Салон кожа, электронная панель, сенсорный дисплей, ассистент водителя, панорама...
🔹
Повреждения ""незначительные""
📜
История автомобиля
👇
WBA43FJ08RCS33708
⚖️
🛎
Торги 09.04.2026г.
+- 33 000$ (расчетная ставка)
Цена в России (с ремонтом) под
🔧
+- 6,3 млн. руб.
🔎
0-44253292
расчёт 07.04.2026г.
💵
80
Теперь и в МАХ
👇
https://max.ru/c/-71046904611051/AZ1opaNqZUU"
1911,https://t.me/AutoWorld_Georgia/1911,2026-04-10T13:04:52+00:00,США,,,2024,Xdrive40I,30600ml,"3.0l, на 375HP",375.0,,АКПП,полный,"""","кожа, электронная панель, сенсорный дисплей, ассистент водителя, панорама...","""бампер""",5UX23EM01R9V34574,13.04.2026,45000,9750000,,,10.04.2026,https://storage.yandexcloud.net/viiversion-auto-sale-media/cars/autoworld-1911/main-1790168224376-main-1-4747e2a5.jpg | https://storage.yandexcloud.net/viiversion-auto-sale-media/cars/autoworld-1911/other-1790168224946-other-2-e6a8f17f.jpg | https://storage.yandexcloud.net/viiversion-auto-sale-media/cars/autoworld-1911/other-1790168225516-other-3-006baa74.jpg | https://storage.yandexcloud.net/viiversion-auto-sale-media/cars/autoworld-1911/other-1790168226110-other-4-23fd9b02.jpg | https://storage.yandexcloud.net/viiversion-auto-sale-media/cars/autoworld-1911/other-1790168226672-other-5-afb2ef41.jpg | https://storage.yandexcloud.net/viiversion-auto-sale-media/cars/autoworld-1911/other-1790168227271-other-6-d27d6d4a.jpg | https://storage.yandexcloud.net/viiversion-auto-sale-media/cars/autoworld-1911/other-1790168228014-other-7-12ae8e58.jpg | https://storage.yandexcloud.net/viiversion-auto-sale-media/cars/autoworld-1911/other-1790168228610-other-8-252461f1.jpg | https://storage.yandexcloud.net/viiversion-auto-sale-media/cars/autoworld-1911/other-1790168229165-other-9-82f219ef.jpg | https://storage.yandexcloud.net/viiversion-auto-sale-media/cars/autoworld-1911/other-1790168229728-other-10-1f89943f.jpg,"👤
👤
👤
👤
👤
👤
👤
на 13.04
🌟
BMW X7
01/24г.
🚗
✨
9️⃣
🤩
4️⃣
9️⃣
🔤
🔤
🔤
🔹
комплектация
Xdrive40I
🔹
Пробег:
30600ml
👍
🔹
Двигатель:
3.0l, на 375HP
🐎
💨
🔹
Коробка:
АКПП
🔹
Привод: полный
AWD
🔹
Безопасность: ""
завод
""
🛡
🔹
Салон кожа, электронная панель, сенсорный дисплей, ассистент водителя, панорама...
🔹
Повреждения ""бампер""
📜
История автомобиля
👇
5UX23EM01R9V34574
⚖️
🛎
Торги 13.04.2026г.
+- 45 000$ (расчетная ставка)
Цена в России (с ремонтом) под
🔧
+- 9,75 млн. руб.
🔎
0-44278602
расчёт 10.04.2026г.
💵
79
Теперь и в МАХ
👇
https://max.ru/c/-71046904611051/AZ13gpIVANM"
1921,https://t.me/AutoWorld_Georgia/1921,2026-04-10T13:16:17+00:00,США,на,,2004,SR,12800ml,"2.0l, на 141HP",141.0,,CVT,передний FWD,"""завод""","комбинированный, электронная панель…",,,,,,,,,https://storage.yandexcloud.net/viiversion-auto-sale-media/cars/autoworld-1921/main-1790168230197-main-1-7aa270f3.jpg,"👤
👤
👤
👤
👤
👤
👤
на 09.04
🌟
Nissan Kicks 11/24г. NEW
‼️
🚗
✨
1️⃣
🤩
9️⃣
9️⃣
🔤
🔤
🔤
🔹
комплектация SR
🔹
Пробег:  12800ml
👍
🔹
Двигатель: 2.0l, на 141HP
🐎
💨
🔹
Коробка: CVT
🔹
Привод: передний FWD
🔹
Безопасность: ""завод""
🛡
🔹
Салон комбинированный, электронная панель…"
1922,https://t.me/AutoWorld_Georgia/1922,2026-04-10T13:22:04+00:00,США,на,,2004,,12100ml,"2.0l, на 255HP",255.0,,АКПП,задний RWD,"""завод""","кожа, электронная панель, сенсорный дисплей, ассистент водителя,…",,,,,,,,,https://storage.yandexcloud.net/viiversion-auto-sale-media/cars/autoworld-1922/main-1790168230689-main-1-965577bf.jpg,"👤
👤
👤
👤
👤
👤
👤
на 09.04
🌟
BMW 530I 04/24г.
🚗
✨
5️⃣
🤩
9️⃣
9️⃣
🔤
🔤
🔤
🔹
Пробег:  12100ml
👍
🔹
Двигатель: 2.0l, на 255HP
🐎
💨
🔹
Коробка: АКПП
🔹
Привод: задний RWD
🔹
Безопасность: ""завод""
🛡
🔹
Салон кожа, электронная панель, сенсорный дисплей, ассистент водителя,…"
1923,https://t.me/AutoWorld_Georgia/1923,2026-04-10T14:33:37+00:00,США,Mersedes,GLA,2025,GLA 250,4100ml,"2.0l, на 221HP",221.0,,АКПП,передний,"""","кожа, электронная панель, сенсорный дисплей, ассистент водителя...","""",W1N4N4GB9TJ780704,14.04.2026,17500,4200000,,,10.04.2026,https://storage.yandexcloud.net/viiversion-auto-sale-media/cars/autoworld-1923/main-1790168231784-main-1-4026e011.jpg | https://storage.yandexcloud.net/viiversion-auto-sale-media/cars/autoworld-1923/other-1790168232663-other-2-8b3e5735.jpg | https://storage.yandexcloud.net/viiversion-auto-sale-media/cars/autoworld-1923/other-1790168233428-other-3-e7726717.jpg | https://storage.yandexcloud.net/viiversion-auto-sale-media/cars/autoworld-1923/other-1790168234176-other-4-8460de0d.jpg | https://storage.yandexcloud.net/viiversion-auto-sale-media/cars/autoworld-1923/other-1790168234739-other-5-2994eab6.jpg | https://storage.yandexcloud.net/viiversion-auto-sale-media/cars/autoworld-1923/other-1790168235391-other-6-ba22db69.jpg | https://storage.yandexcloud.net/viiversion-auto-sale-media/cars/autoworld-1923/other-1790168236160-other-7-34dbd417.jpg | https://storage.yandexcloud.net/viiversion-auto-sale-media/cars/autoworld-1923/other-1790168236783-other-8-79d0ec22.jpg | https://storage.yandexcloud.net/viiversion-auto-sale-media/cars/autoworld-1923/other-1790168237348-other-9-11d43e1a.jpg | https://storage.yandexcloud.net/viiversion-auto-sale-media/cars/autoworld-1923/other-1790168238091-other-10-0f9cedb4.jpg,"👤
👤
👤
👤
👤
👤
👤
на 14.04
🌟
Mersedes GLA 05/25г.
🚗
✨
4️⃣
🤩
🔤
6️⃣
🔤
🔤
🔤
🔹
комплектация
GLA 250
🔹
Пробег:
4100ml
👍
🔹
Двигатель:
2.0l, на 221HP
🐎
💨
🔹
Коробка:
АКПП
🔹
Привод: передний
FWD
🔹
Безопасность: ""
завод
""
🛡
🔹
Салон кожа, электронная панель, сенсорный дисплей, ассистент водителя...
🔹
Повреждения ""
минимальные
""
📜
История автомобиля
👇
W1N4N4GB9TJ780704
⚖️
🛎
Торги 14.04.2026г.
+- 17 500$ (расчетная ставка)
Цена в России (с ремонтом) под
🔧
+- 4,2 млн. руб.
🔎
0-44252206
расчёт 10.04.2026г.
💵
79
Теперь и в МАХ
👇
https://max.ru/c/-71046904611051/AZ130pccNJQ"
1933,https://t.me/AutoWorld_Georgia/1933,2026-04-10T18:49:31+00:00,США,Volkswagen,Jetta,2021,S+,55800ml,"1.4l, на 147HP",147.0,,АКПП-8,передний,"""","кожа, электропривод, климат, старт-стоп...","""незначительные""",3VWC57BU1MM070887,14.04.2026,,,,,10.04.2026,https://storage.yandexcloud.net/viiversion-auto-sale-media/cars/autoworld-1933/main-1790168239036-main-1-63722fb3.jpg | https://storage.yandexcloud.net/viiversion-auto-sale-media/cars/autoworld-1933/other-1790168240277-other-2-fbf5d1ee.jpg | https://storage.yandexcloud.net/viiversion-auto-sale-media/cars/autoworld-1933/other-1790168241317-other-3-a512235c.jpg | https://storage.yandexcloud.net/viiversion-auto-sale-media/cars/autoworld-1933/other-1790168242574-other-4-50d47934.jpg | https://storage.yandexcloud.net/viiversion-auto-sale-media/cars/autoworld-1933/other-1790168243625-other-5-6ac2b118.jpg | https://storage.yandexcloud.net/viiversion-auto-sale-media/cars/autoworld-1933/other-1790168244536-other-6-0e084943.jpg | https://storage.yandexcloud.net/viiversion-auto-sale-media/cars/autoworld-1933/other-1790168245109-other-7-30b1c3be.jpg | https://storage.yandexcloud.net/viiversion-auto-sale-media/cars/autoworld-1933/other-1790168245695-other-8-ad07b7f5.jpg | https://storage.yandexcloud.net/viiversion-auto-sale-media/cars/autoworld-1933/other-1790168246280-other-9-738d54e7.jpg | https://storage.yandexcloud.net/viiversion-auto-sale-media/cars/autoworld-1933/other-1790168247232-other-10-aaa9a862.jpg,"👤
👤
👤
👤
👤
👤
👤
на 14.04
🌟
Volkswagen Jetta 07/21г.
‼️
🚗
✨
1️⃣
🤩
4️⃣
2️⃣
*
🔤
🔤
🔤
🔹
комплектация
S+
🔹
Пробег:
55800ml
👍
🔹
Двигатель:
1.4l, на 147HP
🐎
💨
🔹
Коробка:
АКПП-8
🔹
Привод: передний
FWD
🔹
Безопасность: ""
60% завод
""
🛡
🔹
Салон кожа, электропривод, климат, старт-стоп...
🔹
Сборка:
Мексика
🔹
Повреждения ""незначительные""
📜
История автомобиля
👇
3VWC57BU1MM070887
⚖️
🛎
Торги 14.04.2026г.
BUY NOW
4⃣
5⃣
0⃣
0⃣
💵
Цена в России (с ремонтом) под
🔧
+- 1,6* млн. руб.
🔎
1-48949596
расчёт 10.04.2026г.
💵
79
Теперь и в МАХ
👇
https://max.ru/c/-71046904611051/AZ14vWljfDc
* подробности в ЛС"
1943,https://t.me/AutoWorld_Georgia/1943,2026-04-10T18:58:23+00:00,США,Volkswagen,Jetta,2021,S+,55800ml,"1.4l, на 147HP",147.0,,АКПП-8,передний FWD,"""60% завод""","кожа, электропривод, климат…",,,,,,,,,,"👤
👤
👤
👤
👤
👤
👤
на 14.04
🌟
Volkswagen Jetta 07/21г.
‼️
🚗
✨
1️⃣
🤩
4️⃣
2️⃣
*
🔤
🔤
🔤
🔹
комплектация S+
🔹
Пробег:  55800ml
👍
🔹
Двигатель: 1.4l, на 147HP
🐎
💨
🔹
Коробка: АКПП-8
🔹
Привод: передний FWD
🔹
Безопасность: ""60% завод""
🛡
🔹
Салон кожа, электропривод, климат…"
1944,https://t.me/AutoWorld_Georgia/1944,2026-04-11T11:06:26+00:00,США,Volkswagen,Atlas,2024,Sel,100km,"2.0l, на 269HP",269.0,,АКПП,полный,"""","кожа, 7 мест, электронная панель, сенсорный дисплей, панорама, ассистент водителя","""",1V2BR2CA9RC586318,14.04.2026,,4880000,,,11.04.2026,https://storage.yandexcloud.net/viiversion-auto-sale-media/cars/autoworld-1944/main-1790168248015-main-1-0b8aa586.jpg | https://storage.yandexcloud.net/viiversion-auto-sale-media/cars/autoworld-1944/other-1790168248948-other-2-3b86873a.jpg | https://storage.yandexcloud.net/viiversion-auto-sale-media/cars/autoworld-1944/other-1790168249888-other-3-16f93db0.jpg | https://storage.yandexcloud.net/viiversion-auto-sale-media/cars/autoworld-1944/other-1790168250785-other-4-ed87b0bd.jpg | https://storage.yandexcloud.net/viiversion-auto-sale-media/cars/autoworld-1944/other-1790168251692-other-5-69244a29.jpg | https://storage.yandexcloud.net/viiversion-auto-sale-media/cars/autoworld-1944/other-1790168252606-other-6-0e333d35.jpg | https://storage.yandexcloud.net/viiversion-auto-sale-media/cars/autoworld-1944/other-1790168253178-other-7-2fc2b0e6.jpg | https://storage.yandexcloud.net/viiversion-auto-sale-media/cars/autoworld-1944/other-1790168253743-other-8-e74fb2d6.jpg | https://storage.yandexcloud.net/viiversion-auto-sale-media/cars/autoworld-1944/other-1790168254306-other-9-3bedd91c.jpg | https://storage.yandexcloud.net/viiversion-auto-sale-media/cars/autoworld-1944/other-1790168254905-other-10-9695ce3d.jpg,"👤
👤
👤
👤
👤
👤
👤
на 14.04
🌟
Volkswagen Atlas 05/24г.
🚗
✨
4️⃣
🤩
7️⃣
2️⃣
🔤
🔤
🔤
🔹
комплектация
Sel
🔹
Пробег:
100km
👍
🔹
Двигатель:
2.0l, на 269HP
🐎
💨
🔹
Коробка:
АКПП
🔹
Привод: полный
AWD
🔹
Безопасность: ""
завод
""
🛡
🔹
Салон кожа, 7 мест, электронная панель, сенсорный дисплей, панорама, ассистент водителя
🔹
Повреждения ""
механическое
""
📜
История автомобиля
👇
1V2BR2CA9RC586318
⚖️
🛎
Торги 14.04.2026г.
BUY NOW
🌌
🌌
🌌
🌌
🌌
😀
Цена в России (с ремонтом) под
🔧
+- 4,88 млн. руб.
🔎
1-96909935
расчёт 11.04.2026г.
💵
79
Теперь и в МАХ
👇
https://max.ru/c/-71046904611051/AZ18RY2JJ-8"
1954,https://t.me/AutoWorld_Georgia/1954,2026-04-11T18:29:06+00:00,США,Mitsubishi,Eclipse Cross,2024,SE,42800ml,"1.5l, на 152HP",152.0,,CVT,полный,"""",кожа,"""вандализм""",JA4ATWAA2RZ078675,13.04.2026,8500,2049999,,,11.04.2026,https://storage.yandexcloud.net/viiversion-auto-sale-media/cars/autoworld-1954/main-1790168255789-main-1-71b34256.jpg | https://storage.yandexcloud.net/viiversion-auto-sale-media/cars/autoworld-1954/other-1790168256708-other-2-f3c61e70.jpg | https://storage.yandexcloud.net/viiversion-auto-sale-media/cars/autoworld-1954/other-1790168257598-other-3-bda0c6b9.jpg | https://storage.yandexcloud.net/viiversion-auto-sale-media/cars/autoworld-1954/other-1790168258519-other-4-6f46beb9.jpg | https://storage.yandexcloud.net/viiversion-auto-sale-media/cars/autoworld-1954/other-1790168259398-other-5-80000ff6.jpg | https://storage.yandexcloud.net/viiversion-auto-sale-media/cars/autoworld-1954/other-1790168260132-other-6-c5c4180f.jpg | https://storage.yandexcloud.net/viiversion-auto-sale-media/cars/autoworld-1954/other-1790168260747-other-7-cbc54cea.jpg | https://storage.yandexcloud.net/viiversion-auto-sale-media/cars/autoworld-1954/other-1790168261637-other-8-bf28e32a.jpg | https://storage.yandexcloud.net/viiversion-auto-sale-media/cars/autoworld-1954/other-1790168262241-other-9-ae5066a7.jpg | https://storage.yandexcloud.net/viiversion-auto-sale-media/cars/autoworld-1954/other-1790168263156-other-10-e6b6cc3f.jpg,"👤
👤
👤
👤
👤
👤
👤
на 13.04
🌟
Mitsubishi Eclipse Cross 06/24г.
🚗
✨
1️⃣
🤩
9️⃣
4️⃣
🔤
🔤
🔤
🔹
комплектация
SE
🔹
Пробег:
42800ml
👍
🔹
Двигатель:
1.5l, на 152HP
🐎
💨
🔹
Коробка:
CVT
🔹
Привод: полный
AWD
🔹
Безопасность: ""
завод
""
🛡
🔹
Салон кожа
🔹
Повреждения ""вандализм""
📜
История автомобиля
👇
JA4ATWAA2RZ078675
⚖️
🛎
Торги 13.04.2026г.
+- 8 500$
(расчетная ставка)
Цена в России (с ремонтом) под
🔧
+- 2,05 млн. руб.
🔎
1-48829026
расчёт 11.04.2026г.
💵
79
Теперь и в МАХ
👇
https://max.ru/c/-71046904611051/AZ190GxtHgI"
1964,https://t.me/AutoWorld_Georgia/1964,2026-04-12T06:18:29+00:00,,Hyundai,Kona,2023,SE,16500 ml,"2,0l на 147HP",147.0,,CVT,полный,"""",текстиль,,KM8K2CAB2PU050479,,,,,,12.04.2026,https://storage.yandexcloud.net/viiversion-auto-sale-media/cars/autoworld-1964/main-1790168264147-main-1-88c1c89b.jpg | https://storage.yandexcloud.net/viiversion-auto-sale-media/cars/autoworld-1964/other-1790168265091-other-2-3bb07986.jpg | https://storage.yandexcloud.net/viiversion-auto-sale-media/cars/autoworld-1964/other-1790168266324-other-3-81ef6871.jpg | https://storage.yandexcloud.net/viiversion-auto-sale-media/cars/autoworld-1964/other-1790168267212-other-4-8a49c23a.jpg | https://storage.yandexcloud.net/viiversion-auto-sale-media/cars/autoworld-1964/other-1790168268048-other-5-9a6a8133.jpg | https://storage.yandexcloud.net/viiversion-auto-sale-media/cars/autoworld-1964/other-1790168268983-other-6-c7774ec1.jpg | https://storage.yandexcloud.net/viiversion-auto-sale-media/cars/autoworld-1964/other-1790168269928-other-7-439f53cd.jpg | https://storage.yandexcloud.net/viiversion-auto-sale-media/cars/autoworld-1964/other-1790168270674-other-8-35296c33.jpg | https://storage.yandexcloud.net/viiversion-auto-sale-media/cars/autoworld-1964/other-1790168271138-other-9-bac226d7.jpg,"🔤
🔤
🔤
🔤
🔤
🔤
до
1⃣
6⃣
1⃣
🌟
Hyundai Kona 05/23г.
🏎
✨
2️⃣
🤩
🔤
5️⃣
🔤
🔤
🔤
🔹
комплектация
SE
🔹
Пробег:
16500 ml
👍
🔹
Двигатель:
2,0l на 147HP
🐎
💨
🔹
Коробка:
CVT
🔹
Привод: полный
AWD
🔹
Безопасность ""
завод
""
🛡
🔹
Салон текстиль
🛋
📜
История автомобиля
👇
KM8K2CAB2PU050479
🔎
11.04ГТ1244
расчёт 12.04.2026г.
💵
79
Смотри нас в МАХ
👇
https://max.ru/c/-71046904611051/AZ2AX5ciK4g"
1975,https://t.me/AutoWorld_Georgia/1975,2026-04-14T19:11:31+00:00,США,Honda,CIVIC,2025,Sport,3150ml,"2.0l, на 150HP",150.0,,CVT,передний,"""",комбинированный,"""сзади""",19XFL2H88SE031787,15.04.2026,,2550000,,,14.04.2026,,"👤
👤
👤
👤
👤
👤
👤
на 15.04
🌟
Honda CIVIC 06/25г.
🚗
✨
2️⃣
🤩
3️⃣
6️⃣
🔤
🔤
🔤
🔹
комплектация
Sport
🔹
Пробег:
3150ml
👍
🔹
Двигатель:
2.0l, на 150HP
🐎
💨
🔹
Коробка:
CVT
🔹
Привод: передний
FWD
🔹
Безопасность: ""
завод
""
🛡
🔹
Салон комбинированный
🔹
Повреждения ""сзади""
📜
История автомобиля
👇
19XFL2H88SE031787
⚖️
🛎
Торги 15.04.2026г.
BUY NOW
♦️
🔺
🔺
♦️
♦️
🔺
Цена в России (с ремонтом) под
🔧
+- 2,55 млн. руб.
🔎
0-44424863
расчёт 14.04.2026г.
💵
77
Теперь и в МАХ
👇
https://max.ru/c/-71046904611051/AZ2NaqJISII"
1985,https://t.me/AutoWorld_Georgia/1985,2026-04-15T03:29:21+00:00,США,Toyota,Tacoma TRD,2025,TRD Off-Road,10500ml,"2.4l, на 278HP",278.0,,АКПП,полный,"""",текстиль,"""сзади""",3TMLB5JN1SM148091,15.04.2026,,5100000,,,15.04.2026,,"👤
👤
👤
👤
👤
👤
👤
на 15.04
🌟
Toyota Tacoma TRD 05/25г.
🚗
✨
4️⃣
🤩
9️⃣
🔤
🔤
🔤
🔹
комплектация
TRD Off-Road
🔹
Пробег:
10500ml
👍
🔹
Двигатель:
2.4l, на 278HP
🐎
💨
🔹
Коробка:
АКПП
🔹
Привод: полный
AWD
🔹
Безопасность: ""
завод
""
🛡
🔹
Салон текстиль
🔹
Повреждения ""сзади""
📜
История автомобиля
👇
3TMLB5JN1SM148091
⚖️
🛎
Торги 15.04.2026г.
+- 25500
😀
(расчетная ставка)
Цена в России (с ремонтом) под
🔧
+- 5,1 млн. руб.
🔎
1-46551006
расчёт 15.04.2026г.
💵
77
Теперь и в МАХ
👇
https://max.ru/c/-71046904611051/AZ2PMy2DCxw"
1995,https://t.me/AutoWorld_Georgia/1995,2026-04-15T04:04:52+00:00,США,Toyota,Tundra IForse MAX,2025,Limited HV,360ml,"3.4l, на 389HP",389.0,,АКПП,полный,"""",кожа,"""",5TFWC5DB6TX123615,15.04.2026,,6100000,,,15.04.2026,,"👤
👤
👤
👤
👤
👤
👤
на 15.04
🌟
Toyota Tundra IForse MAX 10/25г.
🚗
✨
5️⃣
🤩
8️⃣
8️⃣
🔤
🔤
🔤
🔹
комплектация
Limited HV
🔹
Пробег:
360ml
👍
🔹
Двигатель:
3.4l, на 389HP
🐎
💨
🔹
Коробка:
АКПП
🔹
Привод: полный
AWD
🔹
Безопасность: ""
завод
""
🛡
🔹
Салон кожа
🔹
Повреждения ""
передний бампер""
📜
История автомобиля
👇
5TFWC5DB6TX123615
⚖️
🛎
Торги 15.04.2026г.
+- 35500
😀
(расчетная ставка)
Цена в России (с ремонтом) под
🔧
+- 6,1 млн. руб.
🔎
1-49625046
расчёт 15.04.2026г.
💵
77
Теперь и в МАХ
👇
https://max.ru/c/-71046904611051/AZ2PS3qaC7o"
2006,https://t.me/AutoWorld_Georgia/2006,2026-04-17T02:53:41+00:00,,,,,GT-Line,92700km,"2,0l на 147HP",147.0,,CVT,передний,"""",кожа,,3KPF54AD8PE524843,,,,,,17.04.2026,,"🔤
🔤
🔤
🔤
🔤
🔤
до
1⃣
6⃣
1⃣
🌟
KIA Forte
08/22г.
🚗
✨
2️⃣
🤩
🔤
6️⃣
🔤
🔤
🔤
🔹
комплектация
GT-Line
🔹
Пробег:
92700km
👍
🔹
Двигатель:
2,0l на 147HP
🐎
💨
🔹
Коробка:
CVT
🔹
Привод: передний
🔤
🔤
🔤
🔹
Безопасность ""
правая шторка восстановлена
""
🛡
🔹
Салон кожа
🛋
, подогрев и вентиляция сидений, акустика harman/kardon, панорама, 2-х зонный климат
📜
История автомобиля
3KPF54AD8PE524843
1522ГТ1504
расчёт 17.04.2026г.
💵
78
теперь мы в есть и в МАХ
👇
https://max.ru/c/-71046904611051/AZ2ZgEVgDqY"
2018,https://t.me/AutoWorld_Georgia/2018,2026-04-20T04:55:33+00:00,,,,2025,GT-Line,27150km,"2,0l на 147HP",147.0,,CVT,передний,"""",комбинированный,"""бампера""",3KPFW4DEXSE174691,20.04.2026,,2650000,,,20.04.2026,,"🔤
🔤
🔤
🔤
🔤
🔤
🔤
на 20.04.
🌟
KIA K4
06/25г.
🚗
✨
2️⃣
🤩
5️⃣
6️⃣
🔤
🔤
🔤
🔹
комплектация
GT-Line
🔹
Пробег:
27150km
👍
🔹
Двигатель:
2,0l на 147HP
🐎
💨
🔹
Коробка:
CVT
🔹
Привод: передний
🔤
🔤
🔤
🔹
Безопасность ""
завод
""
🛡
🔹
Салон комбинированный
🛋
, электропривод
🔹
Повреждения ""бампера""
📜
История автомобиля
👇
3KPFW4DEXSE174691
⚖️
🛎
Торги 20.04.2026г.
BUY NOW 14600$
Цена в России (с ремонтом) под
🔧
+- 2,65 млн. руб.
🔎
1-79991625
расчёт 20.04.2026г.
💵
78
Теперь и в МАХ
👇
https://max.ru/c/-71046904611051/AZ2pQe_NVXk"
2028,https://t.me/AutoWorld_Georgia/2028,2026-04-21T04:06:06+00:00,,Volkswagen,Jetta,2021,S,68000km,"1,4l на 147HP",147.0,,АКПП-8,передний,"""",качественный текстиль,,3VWC57BU1MM076527,,,,,,21.04.2026,,"🔤
🔤
🔤
🔤
🔤
🔤
до
1⃣
6⃣
1⃣
🌟
Volkswagen Jetta 08/21г.
🚗
✨
1️⃣
🤩
6️⃣
🔤
🔤
🔤
🔹
комплектация
S
🔹
Пробег:
68000km
👍
🔹
Двигатель:
1,4l на 147HP
🐎
💨
🔹
Коробка:
АКПП-8
🔹
Привод: передний
🔤
🔤
🔤
🔹
Безопасность ""
восстановлена
""
🛡
🔹
Салон качественный текстиль
🛋
📜
История автомобиля
3VWC57BU1MM076527
1522ГТ1904
расчёт 21.04.2026г.
💵
76
теперь мы в есть и в МАХ
👇
https://max.ru/c/-71046904611051/AZ2uPnKZW9M"
2032,https://t.me/AutoWorld_Georgia/2032,2026-04-21T04:43:55+00:00,,KIA,K4,2025,GT-Line,27150km,"2,0l на 147HP",147.0,,CVT,передний,"""",комбинированный,"""бампера""",3KPFW4DEXSE174691,27.04.2026,,2550000,,,21.04.2026,,"🔤
🔤
🔤
🔤
🔤
🔤
🔤
на 27.04.
🌟
KIA K4 06/25г.
🚗
✨
2️⃣
🤩
4️⃣
4️⃣
🔤
🔤
🔤
🔹
комплектация
GT-Line
🔹
Пробег:
27150km
👍
🔹
Двигатель:
2,0l на 147HP
🐎
💨
🔹
Коробка:
CVT
🔹
Привод: передний
🔤
🔤
🔤
🔹
Безопасность ""
завод
""
🛡
🔹
Салон комбинированный
🛋
, электропривод
🔹
Повреждения ""бампера""
📜
История автомобиля
👇
3KPFW4DEXSE174691
⚖️
🛎
Торги 27.04.2026г.
BUY NOW 13600$
Цена в России (с ремонтом) под
🔧
+- 2,55 млн. руб.
🔎
1-79991625
расчёт 21.04.2026г.
💵
76
Теперь и в МАХ
👇
https://max.ru/c/-71046904611051/AZ2uSUMDe8M"
2044,https://t.me/AutoWorld_Georgia/2044,2026-04-21T04:50:20+00:00,,KIA,K4,2025,GT-Line,27150km,"2,0l на 147HP",147.0,,CVT,передний,"""завод""",комбинированный,…,,,,,,,,,"🔤
🔤
🔤
🔤
🔤
🔤
🔤
на 27.04.
🌟
KIA K4 06/25г.
🚗
✨
2️⃣
🤩
4️⃣
4️⃣
🔤
🔤
🔤
🔹
комплектация GT-Line
🔹
Пробег:  27150km
👍
🔹
Двигатель: 2,0l на 147HP
🐎
💨
🔹
Коробка: CVT
🔹
Привод: передний
🔤
🔤
🔤
🔹
Безопасность ""завод""
🛡
🔹
Салон комбинированный
🛋
, электропривод
🔹
Повреждения…"
2045,https://t.me/AutoWorld_Georgia/2045,2026-04-21T05:33:36+00:00,,Nissan,Kicks,2025,SR,6100km,"2,0l на 141HP",141.0,,CVT,полный,"""","комбинированный, электронная панель, сенсорный дисплей, ассистент водителя, акустика BOSE....","""спереди""",3N8AP6DD7SL435043,22.04.2026,,2500000,,,21.04.2026,,"🔤
🔤
🔤
🔤
🔤
🔤
🔤
на 22.04.
🌟
Nissan Kicks 06/25г.
🚗
✨
2️⃣
🤩
3️⃣
3️⃣
🔤
🔤
🔤
🔹
комплектация
SR
🔹
Пробег:
6100km
👍
🔹
Двигатель:
2,0l на 141HP
🐎
💨
🔹
Коробка:
CVT
🔹
Привод: полный
🔤
🔤
🔤
🔹
Безопасность ""
завод
""
🛡
🔹
Салон комбинированный, электронная панель, сенсорный дисплей, ассистент водителя, акустика BOSE....
🔹
Сборка:
Мексика
🔹
Повреждения ""спереди""
📜
История автомобиля
👇
3N8AP6DD7SL435043
⚖️
🛎
Торги 22.04.2026г.
+- 12500
😀
(расчетная ставка)
Цена в России (с ремонтом) под
🔧
+- 2,5 млн. руб.
🔎
1-41996056
расчёт 21.04.2026г.
💵
76
Теперь и в МАХ
👇
https://max.ru/c/-71046904611051/AZ2ui1nRS10"
2055,https://t.me/AutoWorld_Georgia/2055,2026-04-21T19:16:22+00:00,США,Toyota,Tundra,2025,Limited,34400км,"3.4l, на 389HP",389.0,,АКПП,полный,"""",кожа,"""",5TFWA5DB0SX279945,23.04.2026,,5700000,,,21.04.2026,,"👤
👤
👤
👤
👤
👤
👤
на 23.04
🌟
Toyota Tundra 01/25г.
🚗
✨
5️⃣
🤩
5️⃣
8️⃣
🔤
🔤
🔤
🔹
комплектация
Limited
🔹
Пробег:
34400км
👍
🔹
Двигатель:
3.4l, на 389HP
🐎
💨
🔹
Коробка:
АКПП
🔹
Привод: полный
AWD
🔹
Безопасность: ""
завод
""
🛡
🔹
Салон кожа
🔹
Повреждения ""
передний бампер""
📜
История автомобиля
👇
5TFWA5DB0SX279945
⚖️
🛎
Торги 23.04.2026г.
BUY NOW 33100$
Цена в России (с ремонтом) под
🔧
+- 5,7 млн. руб.
🔎
1-50319556
расчёт 21.04.2026г.
💵
77
Теперь и в МАХ
👇
https://max.ru/c/-71046904611051/AZ2xfEK0btQ"
2065,https://t.me/AutoWorld_Georgia/2065,2026-04-22T15:41:04+00:00,,Hyundai,Kona,2022,SEL,71300km,"2,0l на 147HP",147.0,,CVT,передний,"""",качественный текстиль,,KM8K62AB0NU887436,,,,,,22.04.2026,,"🔤
🔤
🔤
🔤
🔤
🔤
до
1⃣
6⃣
1⃣
🌟
Hyundai Kona 02/22г.
🚗
✨
1️⃣
🤩
9️⃣
2️⃣
🔤
🔤
🔤
🔹
комплектация
SEL
🔹
Пробег:
71300km
👍
🔹
Двигатель:
2,0l на 147HP
🐎
💨
🔹
Коробка:
CVT
🔹
Привод: передний
🔤
🔤
🔤
🔹
Безопасность ""
завод
""
🛡
🔹
Салон качественный текстиль
🛋
📜
История автомобиля
KM8K62AB0NU887436
🔎
13MA4993121
расчёт 22.04.2026г.
💵
76
теперь мы в есть и в МАХ
👇"
2076,https://t.me/AutoWorld_Georgia/2076,2026-04-26T03:55:03+00:00,,Hyundai,Venue,2022,SE,57900km,"1,6l на 121HP",121.0,,CVT,передний,"""",качественный текстиль,,KMHRB8A39PU212614,,,,,,26.04.2026,,"🔤
🔤
🔤
🔤
🔤
🔤
до
1⃣
6⃣
1⃣
🌟
Hyundai Venue 09/22г.
🚗
✨
1️⃣
🤩
7️⃣
2️⃣
🔤
🔤
🔤
🔹
комплектация
SE
🔹
Пробег:
57900km
👍
🔹
Двигатель:
1,6l на 121HP
🐎
💨
🔹
Коробка:
CVT
🔹
Привод: передний
🔤
🔤
🔤
🔹
Безопасность ""
завод
""
🛡
🔹
Салон качественный текстиль
🛋
📜
История автомобиля
KMHRB8A39PU212614
🔎
2504GT1847
расчёт 26.04.2026г.
💵
77
теперь мы в есть и в МАХ
👇
https://max.ru/c/-71046904611051/AZ3JMOTyNvA"
2086,https://t.me/AutoWorld_Georgia/2086,2026-04-27T03:10:12+00:00,,SUBARU,Crosstrek,2024,Premium,53500m,"2,0l на 152HP",152.0,,CVT,полный,"""",комбинированный,"""бампер и подушки водителя""",JF2GUADC3R8348520,28.04.2026,,2100000,,,27.04.2026,,"🔤
🔤
🔤
🔤
🔤
🔤
🔤
на 28.04.
🌟
SUBARU Crosstrek 01/24г.
🚗
✨
1️⃣
🤩
8️⃣
7️⃣
🔤
🔤
🔤
🔹
комплектация
Premium
🔹
Пробег:
53500m
l
👍
🔹
Двигатель:
2,0l на 152HP
🐎
💨
🔹
Коробка:
CVT
🔹
Привод: полный
🔤
🔤
🔤
🔹
Безопасность ""
80 %
завод
""
🛡
🔹
Салон комбинированный
🛋
🔹
Повреждения ""бампер и подушки водителя""
📜
История автомобиля
👇
JF2GUADC3R8348520
⚖️
🛎
Торги 28.04.2026г.
+- 8500
😀
(расчетная ставка)
Цена в России (с ремонтом) под
🔧
+- 2,1 млн. руб.
🔎
1-99571405
расчёт 27.04.2026г.
💵
77
Теперь и в МАХ
👇
https://max.ru/c/-71046904611051/AZ3M7vD0Sng"
2095,https://t.me/AutoWorld_Georgia/2095,2026-04-27T03:53:06+00:00,,Mitsubishi,Eclipse Cross,2025,SE,2600m,"1,5l на 152HP",152.0,,CVT,полный,"""",комбинированный,"""сзади""",JA4ATWAA9TZ019291,27.04.2026,,2500000,,,27.04.2026,,"🔤
🔤
🔤
🔤
🔤
🔤
🔤
на 27.04.
🌟
Mitsubishi Eclipse Cross 12/25г.
🚗
✨
2️⃣
🤩
2️⃣
6️⃣
🔤
🔤
🔤
🔹
комплектация
SE
🔹
Пробег:
2600m
l
👍
🔹
Двигатель:
1,5l на 152HP
🐎
💨
🔹
Коробка:
CVT
🔹
Привод: полный
🔤
🔤
🔤
🔹
Безопасность ""
завод
""
🛡
🔹
Салон комбинированный
🛋
🔹
Повреждения ""сзади""
📜
История автомобиля
👇
JA4ATWAA9TZ019291
⚖️
🛎
Торги 27.04.2026г.
+- 12500
😀
(расчетная ставка)
Цена в России (с ремонтом) под
🔧
+- 2,5 млн. руб.
🔎
1-50726456
расчёт 27.04.2026г.
💵
77
Теперь и в МАХ
👇
https://max.ru/c/-71046904611051/AZ3NFN6fXcA"
2105,https://t.me/AutoWorld_Georgia/2105,2026-04-27T04:51:28+00:00,США,FORD,F-250,2024,Super Duty,31440км,"7,3l на 430HP",430.0,,АКПП,полный,"""",,"""ГРАД""",1FT8W2BN3REC60043,27.04.2026,,5650000,,,27.04.2026,,"👤
👤
👤
👤
👤
👤
👤
на 27.04
🌟
FORD F-250 01/24г.
🚗
✨
5️⃣
🤩
5️⃣
5️⃣
🔤
🔤
🔤
🔹
комплектация
Super Duty
🔹
Пробег:
31440км
👍
🔹
Двигатель:
7,3l на 430HP
🐎
💨
🔹
Коробка:
АКПП
🔹
Привод: полный
AWD
🔹
Безопасность: ""
завод
""
🛡
🔹
Повреждения
""ГРАД""
📜
История автомобиля
👇
1FT8W2BN3REC60043
⚖️
🛎
Торги 27.04.2026г.
+- 32500
😀
(расчетная ставка)
Цена в России (с ремонтом) под
🔧
+- 5,65 млн. руб.
🔎
1-50439396
расчёт 27.04.2026г.
💵
77
Теперь и в МАХ
👇
https://max.ru/c/-71046904611051/AZ3NSki2LHY"
2115,https://t.me/AutoWorld_Georgia/2115,2026-04-28T12:08:29+00:00,США,FORD,F-250,2024,Super Duty,31440км,"7,3l на 430HP",430.0,,АКПП,полный AWD,"""завод""",,"""ГРАД""",,,,,,,,,"👤
👤
👤
👤
👤
👤
👤
на 27.04
🌟
FORD F-250 01/24г.
🚗
✨
5️⃣
🤩
5️⃣
5️⃣
🔤
🔤
🔤
🔹
комплектация Super Duty
🔹
Пробег:  31440км
👍
🔹
Двигатель: 7,3l на 430HP
🐎
💨
🔹
Коробка: АКПП
🔹
Привод: полный AWD
🔹
Безопасность: ""завод""
🛡
🔹
Повреждения ""ГРАД""
📜
История автомобиля
👇
…"
2116,https://t.me/AutoWorld_Georgia/2116,2026-04-28T12:19:59+00:00,,Mitsubishi,Eclipse Cross,2025,SE,2600ml,"1,5l на 152HP",152.0,,CVT,полный,"""завод""",комбинированный,…,,,,,,,,,"🔤
🔤
🔤
🔤
🔤
🔤
🔤
на 27.04.
🌟
Mitsubishi Eclipse Cross 12/25г.
🚗
✨
2️⃣
🤩
2️⃣
6️⃣
🔤
🔤
🔤
🔹
комплектация SE
🔹
Пробег:  2600ml
👍
🔹
Двигатель: 1,5l на 152HP
🐎
💨
🔹
Коробка: CVT
🔹
Привод: полный
🔤
🔤
🔤
🔹
Безопасность ""завод""
🛡
🔹
Салон комбинированный
🛋
🔹
Повреждения…"
2117,https://t.me/AutoWorld_Georgia/2117,2026-04-29T12:18:35+00:00,,SUBARU,Crosstrek,2024,Premium,53500ml,"2,0l на 152HP",152.0,,CVT,полный,"""80 % завод""",комбинированный,…,,,,,,,,,"🔤
🔤
🔤
🔤
🔤
🔤
🔤
на 28.04.
🌟
SUBARU Crosstrek 01/24г.
🚗
✨
1️⃣
🤩
8️⃣
7️⃣
🔤
🔤
🔤
🔹
комплектация Premium
🔹
Пробег:  53500ml
👍
🔹
Двигатель: 2,0l на 152HP
🐎
💨
🔹
Коробка: CVT
🔹
Привод: полный
🔤
🔤
🔤
🔹
Безопасность ""80 % завод""
🛡
🔹
Салон комбинированный
🛋
🔹
Повреждения…"
2118,https://t.me/AutoWorld_Georgia/2118,2026-04-29T12:38:58+00:00,,Hyundai,Elantra,2023,SEL,33900km,2.0l на 147HP,147.0,,CVT,передний,"""",качественный текстиль,,KMHLS4AG8PU559806,,,,,,29.04.2026,,"🔤
🔤
🔤
🔤
🔤
🔤
до
1⃣
6⃣
1⃣
🌟
Hyundai Elantra 03/23г.
🚗
✨
1️⃣
🤩
9️⃣
9️⃣
🔤
🔤
🔤
🔹
комплектация
SEL
🔹
Пробег:
33900km
👍
🔹
Двигатель:
2.0l на 147HP
🐎
💨
🔹
Коробка:
CVT
🔹
Привод: передний
🔤
🔤
🔤
🔹
Безопасность ""
завод
""
🛡
🔹
Салон качественный текстиль
🛋
📜
История автомобиля
KMHLS4AG8PU559806
🔎
2904SG1415
расчёт 29.04.2026г.
💵
77
теперь мы в есть и в МАХ
👇
https://max.ru/c/-71046904611051/AZ3ZRtK3NLI"
2125,https://t.me/AutoWorld_Georgia/2125,2026-04-29T13:07:47+00:00,США,на,,2005,GLA 250,4100ml,"2.0l, на 221HP",221.0,,АКПП,передний,"""","кожа, электронная панель, сенсорный дисплей, ассистент водителя...","""",W1N4N4GB9TJ780704,05.05.2026,,4000000,,,29.04.2026,https://storage.yandexcloud.net/viiversion-auto-sale-media/cars/autoworld-2125/main-1790168272027-main-1-30a6014e.jpg | https://storage.yandexcloud.net/viiversion-auto-sale-media/cars/autoworld-2125/other-1790168272753-other-2-8b40f4c8.jpg | https://storage.yandexcloud.net/viiversion-auto-sale-media/cars/autoworld-2125/other-1790168273489-other-3-10a5ef03.jpg | https://storage.yandexcloud.net/viiversion-auto-sale-media/cars/autoworld-2125/other-1790168274260-other-4-05359fc4.jpg | https://storage.yandexcloud.net/viiversion-auto-sale-media/cars/autoworld-2125/other-1790168274802-other-5-7d01099e.jpg | https://storage.yandexcloud.net/viiversion-auto-sale-media/cars/autoworld-2125/other-1790168275335-other-6-5bde9a33.jpg | https://storage.yandexcloud.net/viiversion-auto-sale-media/cars/autoworld-2125/other-1790168276107-other-7-632f734f.jpg | https://storage.yandexcloud.net/viiversion-auto-sale-media/cars/autoworld-2125/other-1790168276667-other-8-f68a64fe.jpg | https://storage.yandexcloud.net/viiversion-auto-sale-media/cars/autoworld-2125/other-1790168277193-other-9-a5c41f07.jpg | https://storage.yandexcloud.net/viiversion-auto-sale-media/cars/autoworld-2125/other-1790168277975-other-10-96f8dcc1.jpg,"👤
👤
👤
👤
👤
👤
👤
на 05.05
🌟
Mersedes GLA 05/25г.
🚗
✨
3️⃣
🤩
8️⃣
1️⃣
🔤
🔤
🔤
🔹
комплектация
GLA 250
🔹
Пробег:
4100ml
👍
🔹
Двигатель:
2.0l, на 221HP
🐎
💨
🔹
Коробка:
АКПП
🔹
Привод: передний
FWD
🔹
Безопасность: ""
завод
""
🛡
🔹
Салон кожа, электронная панель, сенсорный дисплей, ассистент водителя...
🔹
Повреждения ""
минимальные
""
📜
История автомобиля
👇
W1N4N4GB9TJ780704
⚖️
🛎
Торги 05.05.2026г.
BUY NOW 16500$
Цена в России (с ремонтом) под
🔧
+- 4,0 млн. руб.
🔎
0-44252206
расчёт 29.04.2026г.
💵
77
Теперь и в МАХ
👇
https://max.ru/c/-71046904611051/AZ3ZW2AJNJQ"
2135,https://t.me/AutoWorld_Georgia/2135,2026-04-30T12:22:11+00:00,США,на,,2005,SEL R-line,18800ml,"2.0l, на 184HP",184.0,,АКПП,полный,"""","кожа, эл.привод, электронная панель, сенсорный дисплей, ассистент водителя...","""",3VV4B7AX9RM135764,04.05.2026,,3750000,,,30.04.2026,https://storage.yandexcloud.net/viiversion-auto-sale-media/cars/autoworld-2135/main-1790168279182-main-1-97af084f.jpg | https://storage.yandexcloud.net/viiversion-auto-sale-media/cars/autoworld-2135/other-1790168280116-other-2-3cf6a0e5.jpg | https://storage.yandexcloud.net/viiversion-auto-sale-media/cars/autoworld-2135/other-1790168281168-other-3-80f113f6.jpg | https://storage.yandexcloud.net/viiversion-auto-sale-media/cars/autoworld-2135/other-1790168282070-other-4-82991ceb.jpg | https://storage.yandexcloud.net/viiversion-auto-sale-media/cars/autoworld-2135/other-1790168282974-other-5-7c393259.jpg | https://storage.yandexcloud.net/viiversion-auto-sale-media/cars/autoworld-2135/other-1790168283708-other-6-806f7acd.jpg | https://storage.yandexcloud.net/viiversion-auto-sale-media/cars/autoworld-2135/other-1790168284380-other-7-d7c43815.jpg | https://storage.yandexcloud.net/viiversion-auto-sale-media/cars/autoworld-2135/other-1790168284962-other-8-f55dbf18.jpg | https://storage.yandexcloud.net/viiversion-auto-sale-media/cars/autoworld-2135/other-1790168285727-other-9-f24e1a64.jpg | https://storage.yandexcloud.net/viiversion-auto-sale-media/cars/autoworld-2135/other-1790168286480-other-10-d3c51a64.jpg,"👤
👤
👤
👤
👤
👤
👤
на 04.05
🌟
Volkswagen Tiguan 06/24г.
🚗
✨
3️⃣
🤩
5️⃣
5️⃣
🔤
🔤
🔤
🔹
комплектация
SEL R-line
🔹
Пробег:
18800ml
👍
🔹
Двигатель:
2.0l, на 184HP
🐎
💨
🔹
Коробка:
АКПП
🔹
Привод: полный
AWD
🔹
Безопасность: ""
завод
""
🛡
🔹
Салон кожа, эл.привод, электронная панель, сенсорный дисплей, ассистент водителя...
🔹
Повреждения ""
минимальные
""
📜
История автомобиля
👇
3VV4B7AX9RM135764
⚖️
🛎
Торги 04.05.2026г.
+- 14700
😀
(расчетная ставка)
Цена в России (с ремонтом) под
🔧
+- 3,75 млн. руб.
🔎
1-46754606
расчёт 30.04.2026г.
💵
77
Теперь и в МАХ
👇
https://max.ru/c/-71046904611051/AZ3eWmPKfF0"
2145,https://t.me/AutoWorld_Georgia/2145,2026-04-30T13:09:25+00:00,США,на,,2005,Premium 40,31800ml,"2.0l, на 201HP",201.0,,АКПП,полный,"""","кожа, эл.привод...","""сзади""",WA1ABAFY5R2029653,06.05.2026,,3900000,,,30.04.2026,https://storage.yandexcloud.net/viiversion-auto-sale-media/cars/autoworld-2145/main-1790168287362-main-1-29b26174.jpg | https://storage.yandexcloud.net/viiversion-auto-sale-media/cars/autoworld-2145/other-1790168288319-other-2-9b0af418.jpg | https://storage.yandexcloud.net/viiversion-auto-sale-media/cars/autoworld-2145/other-1790168288972-other-3-7f8486bc.jpg | https://storage.yandexcloud.net/viiversion-auto-sale-media/cars/autoworld-2145/other-1790168289904-other-4-d2f88e6f.jpg | https://storage.yandexcloud.net/viiversion-auto-sale-media/cars/autoworld-2145/other-1790168290820-other-5-5c95c95e.jpg | https://storage.yandexcloud.net/viiversion-auto-sale-media/cars/autoworld-2145/other-1790168291382-other-6-7e808d56.jpg | https://storage.yandexcloud.net/viiversion-auto-sale-media/cars/autoworld-2145/other-1790168292078-other-7-6ef2be1a.jpg | https://storage.yandexcloud.net/viiversion-auto-sale-media/cars/autoworld-2145/other-1790168292653-other-8-c8eb646e.jpg | https://storage.yandexcloud.net/viiversion-auto-sale-media/cars/autoworld-2145/other-1790168293209-other-9-c2c05769.jpg | https://storage.yandexcloud.net/viiversion-auto-sale-media/cars/autoworld-2145/other-1790168294149-other-10-198b6276.jpg,"👤
👤
👤
👤
👤
👤
👤
на 06.05
🌟
AUDI Q5 10/23г.
🚗
✨
3️⃣
🤩
6️⃣
2️⃣
🔤
🔤
🔤
🔹
комплектация
Premium 40
🔹
Пробег:
31800ml
👍
🔹
Двигатель:
2.0l, на 201HP
🐎
💨
🔹
Коробка:
АКПП
🔹
Привод: полный
QUATRO
🔹
Безопасность: ""
завод
""
🛡
🔹
Салон кожа, эл.привод...
🔹
Повреждения
""сзади""
📜
История автомобиля
👇
WA1ABAFY5R2029653
⚖️
🛎
Торги 06.05.2026г.
+- 15700
😀
(расчетная ставка)
Цена в России (с ремонтом) под
🔧
+- 3,9 млн. руб.
🔎
1-95986575
расчёт 30.04.2026г.
💵
77
Теперь и в МАХ
👇
https://max.ru/c/-71046904611051/AZ3ehfAJZYI"
2155,https://t.me/AutoWorld_Georgia/2155,2026-04-30T13:59:27+00:00,США,на,,2005,GLE-350,27300ml,"2.0l, на 255HP",255.0,,АКПП,полный,"""","кожа, эл.привод, электронная панель, панорама, ассистент водителя...","""сзади""",4JGFB4FB8RA972050,04.05.2026,,6100000,,,30.04.2026,https://storage.yandexcloud.net/viiversion-auto-sale-media/cars/autoworld-2155/main-1790168295116-main-1-724cdc21.jpg | https://storage.yandexcloud.net/viiversion-auto-sale-media/cars/autoworld-2155/other-1790168296024-other-2-cec91bf3.jpg | https://storage.yandexcloud.net/viiversion-auto-sale-media/cars/autoworld-2155/other-1790168296759-other-3-75cf6605.jpg | https://storage.yandexcloud.net/viiversion-auto-sale-media/cars/autoworld-2155/other-1790168297496-other-4-621edb70.jpg | https://storage.yandexcloud.net/viiversion-auto-sale-media/cars/autoworld-2155/other-1790168298240-other-5-1c9c9006.jpg | https://storage.yandexcloud.net/viiversion-auto-sale-media/cars/autoworld-2155/other-1790168298985-other-6-1e8c0ce0.jpg | https://storage.yandexcloud.net/viiversion-auto-sale-media/cars/autoworld-2155/other-1790168299568-other-7-0d4f6a9e.jpg | https://storage.yandexcloud.net/viiversion-auto-sale-media/cars/autoworld-2155/other-1790168300330-other-8-0d2e4b99.jpg | https://storage.yandexcloud.net/viiversion-auto-sale-media/cars/autoworld-2155/other-1790168300983-other-9-607e6bad.jpg | https://storage.yandexcloud.net/viiversion-auto-sale-media/cars/autoworld-2155/other-1790168301769-other-10-23ba6d48.jpg,"👤
👤
👤
👤
👤
👤
👤
на 04.05
🌟
Mercedes-Benz GLE 04/23г.
🚗
✨
5️⃣
🤩
9️⃣
🔤
🔤
🔤
🔹
комплектация
GLE-350
🔹
Пробег:
27300ml
👍
🔹
Двигатель:
2.0l, на 255HP
🐎
💨
🔹
Коробка:
АКПП
🔹
Привод: полный
4MATIK
🔹
Безопасность: ""
завод
""
🛡
🔹
Салон кожа, эл.привод, электронная панель, панорама, ассистент водителя...
🔹
Повреждения
""сзади""
📜
История автомобиля
👇
4JGFB4FB8RA972050
⚖️
🛎
Торги 04.05.2026г.
+- 35000
😀
(расчетная ставка)
Цена в России (с ремонтом) под
🔧
+- 6,1 млн. руб.
🔎
1-41782476
расчёт 30.04.2026г.
💵
77
Теперь и в МАХ
👇
https://max.ru/c/-71046904611051/AZ3esnVQNqE"
2165,https://t.me/AutoWorld_Georgia/2165,2026-05-02T09:44:45+00:00,США,на,,2005,S E Performance,28300ml,"2.0l, на 469HP",469.0,,АКПП,полный,"""","кожа, эл.привод, электронная панель, панорама, ассистент водителя...","""незначительные""",W1KAF8AB3RR221754,04.05.2026,,9700000,,,02.05.2026,https://storage.yandexcloud.net/viiversion-auto-sale-media/cars/autoworld-2165/main-1790168302411-main-1-529238c1.jpg | https://storage.yandexcloud.net/viiversion-auto-sale-media/cars/autoworld-2165/other-1790168303156-other-2-eb5fd1bb.jpg | https://storage.yandexcloud.net/viiversion-auto-sale-media/cars/autoworld-2165/other-1790168303799-other-3-4713a312.jpg | https://storage.yandexcloud.net/viiversion-auto-sale-media/cars/autoworld-2165/other-1790168304439-other-4-b91c43d8.jpg | https://storage.yandexcloud.net/viiversion-auto-sale-media/cars/autoworld-2165/other-1790168305103-other-5-63f812b9.jpg | https://storage.yandexcloud.net/viiversion-auto-sale-media/cars/autoworld-2165/other-1790168305916-other-6-524553ad.jpg | https://storage.yandexcloud.net/viiversion-auto-sale-media/cars/autoworld-2165/other-1790168306572-other-7-a905e34b.jpg | https://storage.yandexcloud.net/viiversion-auto-sale-media/cars/autoworld-2165/other-1790168307427-other-8-32ef1838.jpg | https://storage.yandexcloud.net/viiversion-auto-sale-media/cars/autoworld-2165/other-1790168308060-other-9-e0fd26c1.jpg | https://storage.yandexcloud.net/viiversion-auto-sale-media/cars/autoworld-2165/other-1790168308827-other-10-dcbc5e68.jpg,"👤
👤
👤
👤
👤
👤
👤
на 04.05
🌟
Mercedes-Benz AMG C63 04/24г.
🚗
✨
9️⃣
🤩
5️⃣
🔤
🔤
🔤
🔹
комплектация
S E Performance
🔹
Пробег:
28300ml
👍
🔹
Двигатель:
2.0l, на 469HP
🐎
💨
🔹
Коробка:
АКПП
🔹
Привод: полный
4MATIK
🔹
Безопасность: ""
завод
""
🛡
🔹
Салон кожа, эл.привод, электронная панель, панорама, ассистент водителя...
🔹
Повреждения
""незначительные""
📜
История автомобиля
👇
W1KAF8AB3RR221754
⚖️
🛎
Торги 04.05.2026г.
BUY NOW 49750$
Цена в России (с ремонтом) под
🔧
+- 9.7 млн. руб.
🔎
0-44644303
расчёт 02.05.2026г.
💵
77
Теперь и в МАХ
👇
https://max.ru/c/-71046904611051/AZ3p1b3bGmw"
2185,https://t.me/AutoWorld_Georgia/2185,2026-05-02T17:38:44+00:00,США,на,,2005,M35I,11600ml,"2.0l, на 312HP",312.0,,АКПП,полный,"""","кожа, эл.привод, электронная панель, панорама, ассистент водителя...","""спереди""",WBX83GM05T5476963,04.05.2026,,6700000,,,02.05.2026,https://storage.yandexcloud.net/viiversion-auto-sale-media/cars/autoworld-2185/main-1790168309705-main-1-967775d5.jpg | https://storage.yandexcloud.net/viiversion-auto-sale-media/cars/autoworld-2185/other-1790168310485-other-2-b6c3cbe5.jpg | https://storage.yandexcloud.net/viiversion-auto-sale-media/cars/autoworld-2185/other-1790168311379-other-3-e2f4ec37.jpg | https://storage.yandexcloud.net/viiversion-auto-sale-media/cars/autoworld-2185/other-1790168312302-other-4-7b2492ec.jpg | https://storage.yandexcloud.net/viiversion-auto-sale-media/cars/autoworld-2185/other-1790168313257-other-5-7bdcbdf6.jpg | https://storage.yandexcloud.net/viiversion-auto-sale-media/cars/autoworld-2185/other-1790168314212-other-6-dbe69041.jpg | https://storage.yandexcloud.net/viiversion-auto-sale-media/cars/autoworld-2185/other-1790168315008-other-7-f3fc760d.jpg | https://storage.yandexcloud.net/viiversion-auto-sale-media/cars/autoworld-2185/other-1790168315902-other-8-3754fbd0.jpg | https://storage.yandexcloud.net/viiversion-auto-sale-media/cars/autoworld-2185/other-1790168316557-other-9-e63efb2c.jpg | https://storage.yandexcloud.net/viiversion-auto-sale-media/cars/autoworld-2185/other-1790168317288-other-10-345b5794.jpg,"👤
👤
👤
👤
👤
👤
👤
на 04.05
🌟
BMW X2 10/25г.
🚗
✨
6️⃣
🤩
5️⃣
🔤
🔤
🔤
🔹
комплектация
M35I
🔹
Пробег:
11600ml
👍
🔹
Двигатель:
2.0l, на 312HP
🐎
💨
🔹
Коробка:
АКПП
🔹
Привод: полный
AWD
🔹
Безопасность: ""
завод
""
🛡
🔹
Салон кожа, эл.привод, электронная панель, панорама, ассистент водителя...
🔹
Повреждения
""спереди""
📜
История автомобиля
👇
WBX83GM05T5476963
⚖️
🛎
Торги 04.05.2026г.
+- 36000
😀
(расчетная ставка)
Цена в России (с ремонтом) под
🔧
+- 6,7 млн. руб.
🔎
1-49790976
расчёт 02.05.2026г.
💵
77
Теперь и в МАХ
👇
https://max.ru/c/-71046904611051/AZ3p2vTyKY8"
2195,https://t.me/AutoWorld_Georgia/2195,2026-05-02T17:53:18+00:00,США,на,,2005,XDRIVE 30I,14100ml,"2.0l, на 248HP",248.0,,АКПП,полный,,"кожа, эл.привод, электронная панель, панорама, ассистент водителя...","""сзади,",5UX53DP05R9V35147,05.05.2026,,5100000,,,02.05.2026,https://storage.yandexcloud.net/viiversion-auto-sale-media/cars/autoworld-2195/main-1790168318231-main-1-d897bdfc.jpg | https://storage.yandexcloud.net/viiversion-auto-sale-media/cars/autoworld-2195/other-1790168319016-other-2-2e9c609d.jpg | https://storage.yandexcloud.net/viiversion-auto-sale-media/cars/autoworld-2195/other-1790168319746-other-3-a04ddcad.jpg | https://storage.yandexcloud.net/viiversion-auto-sale-media/cars/autoworld-2195/other-1790168320359-other-4-0ea712bf.jpg | https://storage.yandexcloud.net/viiversion-auto-sale-media/cars/autoworld-2195/other-1790168321110-other-5-9ca63724.jpg | https://storage.yandexcloud.net/viiversion-auto-sale-media/cars/autoworld-2195/other-1790168321668-other-6-da35ef24.jpg | https://storage.yandexcloud.net/viiversion-auto-sale-media/cars/autoworld-2195/other-1790168322307-other-7-2c0bc9e1.jpg | https://storage.yandexcloud.net/viiversion-auto-sale-media/cars/autoworld-2195/other-1790168322853-other-8-133b1b77.jpg | https://storage.yandexcloud.net/viiversion-auto-sale-media/cars/autoworld-2195/other-1790168323403-other-9-0ef30fc4.jpg | https://storage.yandexcloud.net/viiversion-auto-sale-media/cars/autoworld-2195/other-1790168324200-other-10-fcd5e5d7.jpg,"👤
👤
👤
👤
👤
👤
👤
на 05.05
🌟
BMW X3 01/24г.
🚗
✨
4️⃣
🤩
7️⃣
9️⃣
🔤
🔤
🔤
🔴
🔹
комплектация
XDRIVE 30I
🔹
Пробег:
14100ml
👍
🔹
Двигатель:
2.0l, на 248HP
🐎
💨
🔹
Коробка:
АКПП
🔹
Привод: полный
AWD
🔹
Салон кожа, эл.привод, электронная панель, панорама, ассистент водителя...
🔹
Повреждения
""сзади,
🗯
шторки""
📜
История автомобиля
👇
5UX53DP05R9V35147
⚖️
🛎
Торги 05.05.2026г.
BUY NOW 25 000
😀
Цена в России (с ремонтом) под
🔧
+- 5,1 млн. руб.
🔎
1-96616865
расчёт 02.05.2026г.
💵
77
Теперь и в МАХ
👇
https://max.ru/c/-71046904611051/AZ3p3zrTPbk"
2205,https://t.me/AutoWorld_Georgia/2205,2026-05-06T19:58:19+00:00,США,на,,2005,Activ,35800ml,"1.3l, на 155HP",155.0,,АКПП,полный,,"кожа, эл.привод, 2 ключа, электронная панель, ассистент водителя...","""незначительные""",KL79MSSL2RB051450,07.05.2026,,1850000,,,06.05.2026,https://storage.yandexcloud.net/viiversion-auto-sale-media/cars/autoworld-2205/main-1790168325179-main-1-4963af62.jpg | https://storage.yandexcloud.net/viiversion-auto-sale-media/cars/autoworld-2205/other-1790168326149-other-2-42d427cf.jpg | https://storage.yandexcloud.net/viiversion-auto-sale-media/cars/autoworld-2205/other-1790168327288-other-3-fda4e107.jpg | https://storage.yandexcloud.net/viiversion-auto-sale-media/cars/autoworld-2205/other-1790168328566-other-4-28d3e9cc.jpg | https://storage.yandexcloud.net/viiversion-auto-sale-media/cars/autoworld-2205/other-1790168329806-other-5-7c720d4d.jpg | https://storage.yandexcloud.net/viiversion-auto-sale-media/cars/autoworld-2205/other-1790168330726-other-6-651490e7.jpg | https://storage.yandexcloud.net/viiversion-auto-sale-media/cars/autoworld-2205/other-1790168331477-other-7-f3233a5e.jpg | https://storage.yandexcloud.net/viiversion-auto-sale-media/cars/autoworld-2205/other-1790168332100-other-8-a119e530.jpg | https://storage.yandexcloud.net/viiversion-auto-sale-media/cars/autoworld-2205/other-1790168332789-other-9-bec6d075.jpg | https://storage.yandexcloud.net/viiversion-auto-sale-media/cars/autoworld-2205/other-1790168333854-other-10-9b2610dd.jpg,"👤
👤
👤
👤
👤
👤
👤
на 07.05
🌟
🧩
Trailblazer 2024 08/23г.
🚗
✨
1️⃣
🤩
7️⃣
🔤
🔤
🔤
🔴
🔹
комплектация
Activ
🔹
Пробег:
35800ml
👍
🔹
Двигатель:
1.3l, на 155HP
🐎
💨
🔹
Коробка:
АКПП
🔹
Привод: полный
AWD
🔹
Салон кожа, эл.привод, 2 ключа, электронная панель, ассистент водителя...
🔹
Повреждения
""незначительные""
📜
История автомобиля
👇
KL79MSSL2RB051450
⚖️
🛎
Торги 07.05.2026г.
+- 10000
😀
(расчетная ставка)
Цена в России (с ремонтом) под
🔧
+- 1,85 млн. руб.
🔎
1-48153446
расчёт 06.05.2026г.
💵
77
Теперь и в МАХ
👇
https://max.ru/c/-71046904611051/AZ3-5PSkWWM"
2226,https://t.me/AutoWorld_Georgia/2226,2026-05-07T05:57:03+00:00,США,на,,2005,S E Performance,28300ml,"гибрид 2,0l на 469HP",469.0,,АКПП,полный,"""","кожа, эл.привод, электронная панель, панорама, ассистент водителя...","""незначительные""",W1KAF8AB3RR221754,11.05.2026,,9000000,,,07.05.2026,https://storage.yandexcloud.net/viiversion-auto-sale-media/cars/autoworld-2226/main-1790168334476-main-1-02456a94.jpg | https://storage.yandexcloud.net/viiversion-auto-sale-media/cars/autoworld-2226/other-1790168335095-other-2-6c9d38bc.jpg | https://storage.yandexcloud.net/viiversion-auto-sale-media/cars/autoworld-2226/other-1790168335731-other-3-6c778815.jpg | https://storage.yandexcloud.net/viiversion-auto-sale-media/cars/autoworld-2226/other-1790168336353-other-4-24f53d3a.jpg | https://storage.yandexcloud.net/viiversion-auto-sale-media/cars/autoworld-2226/other-1790168336990-other-5-7126ae73.jpg | https://storage.yandexcloud.net/viiversion-auto-sale-media/cars/autoworld-2226/other-1790168337779-other-6-fb908a78.jpg | https://storage.yandexcloud.net/viiversion-auto-sale-media/cars/autoworld-2226/other-1790168338430-other-7-7e76200b.jpg | https://storage.yandexcloud.net/viiversion-auto-sale-media/cars/autoworld-2226/other-1790168339229-other-8-490bba16.jpg | https://storage.yandexcloud.net/viiversion-auto-sale-media/cars/autoworld-2226/other-1790168339890-other-9-6e5c52ba.jpg | https://storage.yandexcloud.net/viiversion-auto-sale-media/cars/autoworld-2226/other-1790168340691-other-10-2a9daac2.jpg,"👤
👤
👤
👤
👤
👤
👤
на 11.05
🌟
Mercedes-Benz AMG C63 04/24г.
🚗
✨
8️⃣
🤩
8️⃣
🔤
🔤
🔤
🔹
комплектация
S E Performance
🔹
Пробег:
28300ml
👍
🔹
Двигатель:
гибрид 2,0l на 469HP
🐎
💨
🔹
Коробка:
АКПП
🔹
Привод: полный
4MATIK
🔹
Безопасность: ""
завод
""
🛡
🔹
Салон кожа, эл.привод, электронная панель, панорама, ассистент водителя...
🇩🇪
🇩🇪
🇩🇪
🇩🇪
🔹
Повреждения
""незначительные""
📜
История автомобиля
👇
W1KAF8AB3RR221754
⚖️
🛎
Торги 11.05.2026г.
BUY NOW 44975$
♦️
⚠️
⚠️
⚠️
Цена в России (с ремонтом) под
🔧
+- 9.0 млн. руб.
🔎
0-44644303
расчёт 07.05.2026г.
💵
77
Теперь и в МАХ
👇"
2236,https://t.me/AutoWorld_Georgia/2236,2026-05-07T06:51:18+00:00,США,на,,2005,SEL+,23000ml,"2.0l, на 147HP",147.0,,CVT,передний,,"качественный текстиль, электронная панель, ассистент водителя...","""спереди справа""",KMHLS4AG8PU446728,07.05.2026,,1850000,,,07.05.2026,https://storage.yandexcloud.net/viiversion-auto-sale-media/cars/autoworld-2236/main-1790168341964-main-1-aa0c544a.jpg | https://storage.yandexcloud.net/viiversion-auto-sale-media/cars/autoworld-2236/other-1790168342892-other-2-226195eb.jpg | https://storage.yandexcloud.net/viiversion-auto-sale-media/cars/autoworld-2236/other-1790168343868-other-3-ba8c5746.jpg | https://storage.yandexcloud.net/viiversion-auto-sale-media/cars/autoworld-2236/other-1790168344991-other-4-f85a8609.jpg | https://storage.yandexcloud.net/viiversion-auto-sale-media/cars/autoworld-2236/other-1790168346120-other-5-fa5283a2.jpg | https://storage.yandexcloud.net/viiversion-auto-sale-media/cars/autoworld-2236/other-1790168347076-other-6-04a13f8e.jpg | https://storage.yandexcloud.net/viiversion-auto-sale-media/cars/autoworld-2236/other-1790168347977-other-7-8f3ef853.jpg | https://storage.yandexcloud.net/viiversion-auto-sale-media/cars/autoworld-2236/other-1790168348580-other-8-881d549f.jpg | https://storage.yandexcloud.net/viiversion-auto-sale-media/cars/autoworld-2236/other-1790168349812-other-9-349f9924.jpg | https://storage.yandexcloud.net/viiversion-auto-sale-media/cars/autoworld-2236/other-1790168350986-other-10-4b3dac93.jpg,"👤
👤
👤
👤
👤
👤
👤
на 07.05
🌟
Hyundai Elantra 10/22г.
🚗
✨
1️⃣
🤩
6️⃣
2️⃣
🔤
🔤
🔤
🔴
🔹
комплектация
SEL+
🔹
Пробег:
23000ml
👍
🔹
Двигатель:
2.0l, на 147HP
🐎
💨
🔹
Коробка:
CVT
🔹
Привод: передний
FWD
🔹
Салон качественный текстиль, электронная панель, ассистент водителя...
🔹
Повреждения
""спереди справа""
📜
История автомобиля
👇
KMHLS4AG8PU446728
⚖️
🛎
Торги 07.05.2026г.
+- 6000
😀
(расчетная ставка)
Цена в России (с ремонтом) под
🔧
+- 1,85 млн. руб.
🔎
1-49562516
расчёт 07.05.2026г.
💵
77
Теперь и в МАХ
👇
https://max.ru/c/-71046904611051/AZ4BN58GOb8"
2246,https://t.me/AutoWorld_Georgia/2246,2026-05-07T14:06:40+00:00,США,на,,2005,GLE-350,26400ml,"2.0l, на 255HP",255.0,,АКПП,полный,"""","кожа, эл.привод, электронная панель, панорама, ассистент водителя...","""царапины""",4JGFB4FB9RB188132,08.05.2026,,6300000,,,07.05.2026,https://storage.yandexcloud.net/viiversion-auto-sale-media/cars/autoworld-2246/main-1790168351901-main-1-85ebdf19.jpg | https://storage.yandexcloud.net/viiversion-auto-sale-media/cars/autoworld-2246/other-1790168352873-other-2-d059aac1.jpg | https://storage.yandexcloud.net/viiversion-auto-sale-media/cars/autoworld-2246/other-1790168354077-other-3-47989c2f.jpg | https://storage.yandexcloud.net/viiversion-auto-sale-media/cars/autoworld-2246/other-1790168355299-other-4-f7ab06a0.jpg | https://storage.yandexcloud.net/viiversion-auto-sale-media/cars/autoworld-2246/other-1790168356379-other-5-36a242de.jpg | https://storage.yandexcloud.net/viiversion-auto-sale-media/cars/autoworld-2246/other-1790168357443-other-6-c9d69a6e.jpg | https://storage.yandexcloud.net/viiversion-auto-sale-media/cars/autoworld-2246/other-1790168358056-other-7-af30b996.jpg | https://storage.yandexcloud.net/viiversion-auto-sale-media/cars/autoworld-2246/other-1790168358624-other-8-2f3d8337.jpg | https://storage.yandexcloud.net/viiversion-auto-sale-media/cars/autoworld-2246/other-1790168359289-other-9-02b5d796.jpg | https://storage.yandexcloud.net/viiversion-auto-sale-media/cars/autoworld-2246/other-1790168360056-other-10-2708f19b.jpg,"👤
👤
👤
👤
👤
👤
👤
на 08.05
🌟
Mercedes-Benz GLE 04/23г.
🚗
✨
6️⃣
🤩
1️⃣
🔤
🔤
🔤
🔹
комплектация
GLE-350
🔹
Пробег:
26400ml
👍
🔹
Двигатель:
2.0l, на 255HP
🐎
💨
🔹
Коробка:
АКПП
🔹
Привод: полный
4MATIK
🔹
Безопасность: ""
завод
""
🛡
🔹
Салон кожа, эл.привод, электронная панель, панорама, ассистент водителя...
🔹
Повреждения
""царапины""
📜
История автомобиля
👇
4JGFB4FB9RB188132
⚖️
🛎
Торги 08.05.2026г.
+- 35000
😀
(расчетная ставка)
Цена в России (с ремонтом) под
🔧
+- 6,3 млн. руб.
🔎
1-50294336
расчёт 07.05.2026г.
💵
77
Теперь и в МАХ
👇
https://max.ru/c/-71046904611051/AZ4CxfRoIag"
2257,https://t.me/AutoWorld_Georgia/2257,2026-05-09T17:44:43+00:00,,Kia,Forte,2021,FE,37000m,2.0l на 147HP,147.0,,CVT,передний,"""",качественный текстиль,,3KPF24AD0NE445365,,,,,,09.05.2026,https://storage.yandexcloud.net/viiversion-auto-sale-media/cars/autoworld-2257/main-1790168361154-main-1-ada120c0.jpg | https://storage.yandexcloud.net/viiversion-auto-sale-media/cars/autoworld-2257/other-1790168362182-other-2-03a9679a.jpg | https://storage.yandexcloud.net/viiversion-auto-sale-media/cars/autoworld-2257/other-1790168363074-other-3-3627a96a.jpg | https://storage.yandexcloud.net/viiversion-auto-sale-media/cars/autoworld-2257/other-1790168363776-other-4-2f4e1c45.jpg | https://storage.yandexcloud.net/viiversion-auto-sale-media/cars/autoworld-2257/other-1790168364817-other-5-860d8c8d.jpg | https://storage.yandexcloud.net/viiversion-auto-sale-media/cars/autoworld-2257/other-1790168365913-other-6-bfaa4d47.jpg | https://storage.yandexcloud.net/viiversion-auto-sale-media/cars/autoworld-2257/other-1790168366615-other-7-2902be4f.jpg | https://storage.yandexcloud.net/viiversion-auto-sale-media/cars/autoworld-2257/other-1790168367170-other-8-41459c26.jpg | https://storage.yandexcloud.net/viiversion-auto-sale-media/cars/autoworld-2257/other-1790168367831-other-9-bb2ed2a7.jpg | https://storage.yandexcloud.net/viiversion-auto-sale-media/cars/autoworld-2257/other-1790168368302-other-10-f489a7d9.jpg,"🔤
🔤
🔤
🔤
🔤
🔤
до
1⃣
6⃣
1⃣
🌟
Kia Forte 12/21г.
🚗
✨
1️⃣
🤩
8️⃣
8️⃣
🔤
🔤
🔤
🔹
комплектация
FE
🔹
Пробег:
37000m
l
👍
🔹
Двигатель:
2.0l на 147HP
🐎
💨
🔹
Коробка:
CVT
🔹
Привод: передний
🔤
🔤
🔤
🔹
Безопасность ""
завод
""
🛡
🔹
Салон качественный текстиль
🛋
, 2 ключа
‼️
📜
История автомобиля
👇
3KPF24AD0NE445365
🔎
0905АРГ1827
расчёт 09.05.2026г.
💵
77
теперь мы и в
МАХ
👈"
2266,https://t.me/AutoWorld_Georgia/2266,2026-05-09T21:41:22+00:00,Грузия,Nissan,Kicks,2023,SR,9800m,1.6l на 125HP,125.0,,CVT,передний,"""",качественный текстиль,,3N1CP5DV0PL513261,,,,,,09.05.2026,https://storage.yandexcloud.net/viiversion-auto-sale-media/cars/autoworld-2266/main-1790168369390-main-1-eb9e6e69.jpg | https://storage.yandexcloud.net/viiversion-auto-sale-media/cars/autoworld-2266/other-1790168370542-other-2-897a3f19.jpg | https://storage.yandexcloud.net/viiversion-auto-sale-media/cars/autoworld-2266/other-1790168371617-other-3-03e5fba9.jpg | https://storage.yandexcloud.net/viiversion-auto-sale-media/cars/autoworld-2266/other-1790168373000-other-4-e4955291.jpg | https://storage.yandexcloud.net/viiversion-auto-sale-media/cars/autoworld-2266/other-1790168374255-other-5-0ff8c8dc.jpg | https://storage.yandexcloud.net/viiversion-auto-sale-media/cars/autoworld-2266/other-1790168375403-other-6-9876be44.jpg | https://storage.yandexcloud.net/viiversion-auto-sale-media/cars/autoworld-2266/other-1790168376282-other-7-83d98d14.jpg | https://storage.yandexcloud.net/viiversion-auto-sale-media/cars/autoworld-2266/other-1790168377161-other-8-e868730b.jpg | https://storage.yandexcloud.net/viiversion-auto-sale-media/cars/autoworld-2266/other-1790168378044-other-9-71a7fcbf.jpg | https://storage.yandexcloud.net/viiversion-auto-sale-media/cars/autoworld-2266/other-1790168378941-other-10-3150c801.jpg,"🤩
🤩
🤩
🤩
🤩
🤩
до
1⃣
6⃣
0⃣
🌟
Nissan Kicks 02/23г.
🚗
✨
1️⃣
🤩
7️⃣
9️⃣
🔤
🔤
🔤
🔹
комплектация
SR
🔹
Пробег:
9800m
l
👍
🔹
Двигатель:
1.6l на 125HP
🐎
💨
🔹
Коробка:
CVT
🔹
Привод: передний
🔤
🔤
🔤
🔹
Безопасность ""
восстановлена
""
🛡
🔹
Салон качественный текстиль
🛋
📜
История автомобиля
👇
3N1CP5DV0PL513261
🔎
0705АРГ1435
расчёт 09.05.2026г.
💵
77
теперь мы и в МАХ
👇
https://max.ru/c/-71046904611051/AZ4RMA4ND_E"
2276,https://t.me/AutoWorld_Georgia/2276,2026-05-09T21:41:46+00:00,Грузия,,,,SPORT,23800m,1.8l на 141HP,141.0,,CVT,полный,"""",качественный текстиль,,3CZRU6H13NM770526,,,,,,09.05.2026,https://storage.yandexcloud.net/viiversion-auto-sale-media/cars/autoworld-2276/main-1790168379699-main-1-c0766897.jpg | https://storage.yandexcloud.net/viiversion-auto-sale-media/cars/autoworld-2276/other-1790168380438-other-2-e5ce6812.jpg | https://storage.yandexcloud.net/viiversion-auto-sale-media/cars/autoworld-2276/other-1790168381211-other-3-53efb941.jpg | https://storage.yandexcloud.net/viiversion-auto-sale-media/cars/autoworld-2276/other-1790168381943-other-4-c1bb390b.jpg | https://storage.yandexcloud.net/viiversion-auto-sale-media/cars/autoworld-2276/other-1790168382695-other-5-832af7b8.jpg | https://storage.yandexcloud.net/viiversion-auto-sale-media/cars/autoworld-2276/other-1790168383464-other-6-e2bd15f7.jpg | https://storage.yandexcloud.net/viiversion-auto-sale-media/cars/autoworld-2276/other-1790168384349-other-8-0d45e6c6.jpg | https://storage.yandexcloud.net/viiversion-auto-sale-media/cars/autoworld-2276/other-1790168385263-other-9-13012c65.jpg | https://storage.yandexcloud.net/viiversion-auto-sale-media/cars/autoworld-2276/other-1790168385802-other-10-ca9fa9a4.jpg,"🤩
🤩
🤩
🤩
🤩
🤩
до
1⃣
6⃣
0⃣
🌟
Honda HR-V
03/22г.
🚗
✨
1️⃣
🤩
9️⃣
8️⃣
🔤
🔤
🔤
🔹
комплектация
SPORT
🔹
Пробег:
23800m
l
👍
🔹
Двигатель:
1.8l на 141HP
🐎
💨
🔹
Коробка:
CVT
🔹
Привод: полный
🔤
🔤
🔤
🔹
Безопасность ""
завод
""
🛡
🔹
Салон качественный текстиль
🛋
📜
История автомобиля
👇
3CZRU6H13NM770526
🔎
0805АРГ1608
расчёт 09.05.2026г.
💵
77
теперь мы и в МАХ
👇
https://max.ru/c/-71046904611051/AZ4RM6lVEpE"
2285,https://t.me/AutoWorld_Georgia/2285,2026-05-09T22:20:44+00:00,США,Trailblazer,2024,2023,LT,25900ml,"1.3l, на 155HP",155.0,,АКПП,передний,,"качественный текстиль, электронная панель, ассистент водителя...","""незначительные""",KL79MPSLXRB101928,15.05.2026,,1600000,,,09.05.2026,https://storage.yandexcloud.net/viiversion-auto-sale-media/cars/autoworld-2285/main-1790168387178-main-1-f9cb67a7.jpg | https://storage.yandexcloud.net/viiversion-auto-sale-media/cars/autoworld-2285/other-1790168388401-other-2-112c3df2.jpg | https://storage.yandexcloud.net/viiversion-auto-sale-media/cars/autoworld-2285/other-1790168389332-other-3-85db6651.jpg | https://storage.yandexcloud.net/viiversion-auto-sale-media/cars/autoworld-2285/other-1790168390611-other-4-1b130219.jpg | https://storage.yandexcloud.net/viiversion-auto-sale-media/cars/autoworld-2285/other-1790168391881-other-5-b2df19f4.jpg | https://storage.yandexcloud.net/viiversion-auto-sale-media/cars/autoworld-2285/other-1790168393007-other-6-b72fcfce.jpg | https://storage.yandexcloud.net/viiversion-auto-sale-media/cars/autoworld-2285/other-1790168393917-other-7-ae596d8f.jpg | https://storage.yandexcloud.net/viiversion-auto-sale-media/cars/autoworld-2285/other-1790168395173-other-8-ec9d8361.jpg | https://storage.yandexcloud.net/viiversion-auto-sale-media/cars/autoworld-2285/other-1790168396048-other-9-d38c89d5.jpg | https://storage.yandexcloud.net/viiversion-auto-sale-media/cars/autoworld-2285/other-1790168396968-other-10-808608cf.jpg,"👤
👤
👤
👤
👤
👤
👤
на 15.05
🌟
🧩
Trailblazer 2024 11/23г.
🚗
✨
🔤
🔤
🔤
🔤
🔤
🔤
🔤
🔤
🔤
🔤
🔤
1️⃣
🤩
3️⃣
8️⃣
🔤
🔤
🔤
🔴
🔹
комплектация
LT
🔹
Пробег:
25900ml
👍
🔹
Двигатель:
1.3l, на 155HP
🐎
💨
🔹
Коробка:
АКПП
🔹
Привод: передний
FWD
🔹
Салон качественный текстиль, электронная панель, ассистент водителя...
🔹
Повреждения
""незначительные""
📜
История автомобиля
👇
KL79MPSLXRB101928
⚖️
🛎
Торги 15.05.2026г.
BUY NOW 6500
😀
♦️
Цена в России (с ремонтом) под
🔧
+- 1,6 млн. руб.
🔎
1-74823645
расчёт 09.05.2026г.
💵
77
Теперь и в МАХ
👇
https://max.ru/c/-71046904611051/AZ4RONPUBP4"
2295,https://t.me/AutoWorld_Georgia/2295,2026-05-09T22:53:38+00:00,США,на,,2005,RS,21200ml,"1.3l, на 155HP",155.0,,АКПП,полный,"""",кожа,"""сзади""",KL79MUSL3PB110952,12.05.2026,,1820000,,,09.05.2026,https://storage.yandexcloud.net/viiversion-auto-sale-media/cars/autoworld-2295/main-1790168398355-main-1-86b4779e.jpg | https://storage.yandexcloud.net/viiversion-auto-sale-media/cars/autoworld-2295/other-1790168399646-other-2-c5926511.jpg | https://storage.yandexcloud.net/viiversion-auto-sale-media/cars/autoworld-2295/other-1790168400871-other-3-6fdce8bd.jpg | https://storage.yandexcloud.net/viiversion-auto-sale-media/cars/autoworld-2295/other-1790168402134-other-4-3f882607.jpg | https://storage.yandexcloud.net/viiversion-auto-sale-media/cars/autoworld-2295/other-1790168403367-other-5-8a726749.jpg | https://storage.yandexcloud.net/viiversion-auto-sale-media/cars/autoworld-2295/other-1790168404699-other-6-b0ff02aa.jpg | https://storage.yandexcloud.net/viiversion-auto-sale-media/cars/autoworld-2295/other-1790168405798-other-7-102398c6.jpg | https://storage.yandexcloud.net/viiversion-auto-sale-media/cars/autoworld-2295/other-1790168406667-other-8-5729ab8f.jpg | https://storage.yandexcloud.net/viiversion-auto-sale-media/cars/autoworld-2295/other-1790168407414-other-9-33685878.jpg | https://storage.yandexcloud.net/viiversion-auto-sale-media/cars/autoworld-2295/other-1790168408357-other-10-5c13d55d.jpg,"👤
👤
👤
👤
👤
👤
👤
на 12.05
🌟
🧩
Trailblazer 01/23г.
🚗
✨
1️⃣
🤩
6️⃣
5️⃣
🔤
🔤
🔤
🔴
🔹
комплектация
RS
🔹
Пробег:
21200ml
👍
🔹
Двигатель:
1.3l, на 155HP
🐎
💨
🔹
Коробка:
АКПП
🔹
Привод: полный
AWD
🔹
Безопасность ""
завод
""
🛡
🔹
Салон кожа
🔹
Повреждения
""сзади""
📜
История автомобиля
👇
KL79MUSL3PB110952
⚖️
🛎
Торги 12.05.2026г.
+- 10000
😀
(расчетная ставка)
♦️
Цена в России (с ремонтом) под
🔧
+- 1,82 млн. руб.
🔎
1-79793565
расчёт 09.05.2026г.
💵
77
Теперь и в МАХ
👇
https://max.ru/c/-71046904611051/AZ4RPRYCH3c"
2305,https://t.me/AutoWorld_Georgia/2305,2026-05-10T18:51:06+00:00,США,KIA,Seltos,2024,S,8200ml,"2.0l, на 149HP",149.0,,CVT,передний,"""",комбинированный,"""сзади""",KNDEU2AA8S7762175,13.05.2026,,2150000,,,10.05.2026,https://storage.yandexcloud.net/viiversion-auto-sale-media/cars/autoworld-2305/main-1790168409243-main-1-74678b59.jpg | https://storage.yandexcloud.net/viiversion-auto-sale-media/cars/autoworld-2305/other-1790168409977-other-2-50519434.jpg | https://storage.yandexcloud.net/viiversion-auto-sale-media/cars/autoworld-2305/other-1790168410716-other-3-bb20271a.jpg | https://storage.yandexcloud.net/viiversion-auto-sale-media/cars/autoworld-2305/other-1790168411446-other-4-34427db4.jpg | https://storage.yandexcloud.net/viiversion-auto-sale-media/cars/autoworld-2305/other-1790168412211-other-5-3239e46b.jpg | https://storage.yandexcloud.net/viiversion-auto-sale-media/cars/autoworld-2305/other-1790168412743-other-6-f275e700.jpg | https://storage.yandexcloud.net/viiversion-auto-sale-media/cars/autoworld-2305/other-1790168413616-other-7-04884f97.jpg | https://storage.yandexcloud.net/viiversion-auto-sale-media/cars/autoworld-2305/other-1790168414695-other-8-dc021257.jpg | https://storage.yandexcloud.net/viiversion-auto-sale-media/cars/autoworld-2305/other-1790168415635-other-9-af4c6949.jpg | https://storage.yandexcloud.net/viiversion-auto-sale-media/cars/autoworld-2305/other-1790168416359-other-10-81f1596b.jpg,"👤
👤
👤
👤
👤
👤
👤
на 13.05
🌟
KIA Seltos 12/24г.
🚗
✨
1️⃣
🤩
9️⃣
3️⃣
🔤
🔤
🔤
🔴
🔹
комплектация
S
🔹
Пробег:
8200ml
👍
🔹
Двигатель:
2.0l, на 149HP
🐎
💨
🔹
Коробка:
CVT
🔹
Привод: передний
FWD
🔹
Безопасность ""
завод
""
🛡
🔹
Салон комбинированный
🔹
Повреждения
""сзади""
📜
История автомобиля
👇
KNDEU2AA8S7762175
⚖️
🛎
Торги 13.05.2026г.
+- 8500
😀
(расчетная ставка)
♦️
Цена в России (с ремонтом) под
🔧
+- 2.15 млн. руб.
🔎
0-44711268
расчёт 10.05.2026г.
💵
77
Теперь и в МАХ
👇
https://max.ru/c/-71046904611051/AZ4TOc1KOj8"
2315,https://t.me/AutoWorld_Georgia/2315,2026-05-10T19:54:34+00:00,США,Subaru,Crosstrek,2024,Premium,10700ml,"2.0l, на 152HP",152.0,,CVT,полный AWD,"""",комбинированный,"""слева""",JF2GUADC3RH381243,13.05.2026,,2200000,,,10.05.2026,https://storage.yandexcloud.net/viiversion-auto-sale-media/cars/autoworld-2315/main-1790168417178-main-1-b23d1911.jpg | https://storage.yandexcloud.net/viiversion-auto-sale-media/cars/autoworld-2315/other-1790168418138-other-2-d0b8c1b9.jpg | https://storage.yandexcloud.net/viiversion-auto-sale-media/cars/autoworld-2315/other-1790168419170-other-3-8d409ad1.jpg | https://storage.yandexcloud.net/viiversion-auto-sale-media/cars/autoworld-2315/other-1790168420200-other-4-5b354e8a.jpg | https://storage.yandexcloud.net/viiversion-auto-sale-media/cars/autoworld-2315/other-1790168421121-other-5-ec2e13db.jpg | https://storage.yandexcloud.net/viiversion-auto-sale-media/cars/autoworld-2315/other-1790168422231-other-6-c8244b63.jpg | https://storage.yandexcloud.net/viiversion-auto-sale-media/cars/autoworld-2315/other-1790168423332-other-7-1313c518.jpg | https://storage.yandexcloud.net/viiversion-auto-sale-media/cars/autoworld-2315/other-1790168424151-other-8-81a542f1.jpg | https://storage.yandexcloud.net/viiversion-auto-sale-media/cars/autoworld-2315/other-1790168425016-other-9-8cc7178c.jpg | https://storage.yandexcloud.net/viiversion-auto-sale-media/cars/autoworld-2315/other-1790168425798-other-10-6c130cf3.jpg,"👤
👤
👤
👤
👤
👤
👤
на 13.05
🌟
Subaru Crosstrek 05/24г.
🚗
✨
2️⃣
🤩
🔤
🔤
🔤
🔤
🔴
🔹
комплектация
Premium
🔹
Пробег:
10700ml
👍
🔹
Двигатель:
2.0l, на 152HP
🐎
💨
🔹
Коробка:
CVT
🔹
Привод:
полный AWD
🔹
Безопасность ""
завод
""
🛡
🔹
Салон комбинированный
🔹
Повреждения
""слева""
📜
История автомобиля
👇
JF2GUADC3RH381243
⚖️
🛎
Торги 13.05.2026г.
+- 8900
😀
(расчетная ставка)
♦️
Цена в России (с ремонтом) под
🔧
+- 2.2 млн. руб.
🔎
0-44716774
расчёт 10.05.2026г.
💵
77
Теперь и в МАХ
👇
https://max.ru/c/-71046904611051/AZ4Tct-NYFY"
2326,https://t.me/AutoWorld_Georgia/2326,2026-05-12T19:43:55+00:00,США,на,,2005,RS,21200ml,"1.3l, на 155HP",155.0,,АКПП,полный AWD,"""завод""",кожа,"""сзади""",,,,,,,,https://storage.yandexcloud.net/viiversion-auto-sale-media/cars/autoworld-2326/main-1790168426314-main-1-10c498a9.jpg,"👤
👤
👤
👤
👤
👤
👤
на 12.05
🌟
🧩
Trailblazer 01/23г.
🚗
✨
1️⃣
🤩
6️⃣
5️⃣
🔤
🔤
🔤
🔴
🔹
комплектация RS
🔹
Пробег:  21200ml
👍
🔹
Двигатель: 1.3l, на 155HP
🐎
💨
🔹
Коробка: АКПП
🔹
Привод: полный AWD
🔹
Безопасность ""завод""
🛡
🔹
Салон кожа
🔹
Повреждения ""сзади""
📜
История автомобиля…"
2327,https://t.me/AutoWorld_Georgia/2327,2026-05-13T07:15:54+00:00,США,,,2025,Laramie,3800km,"3.0l, на 420HP",420.0,,АКПП,полный,"""","кожа, эл.привод...","""справа""",1C6SRFJPXTN255511,13.05.2026,,7100000,,,13.05.2026,,"👤
👤
👤
👤
👤
👤
👤
на 13.05
🌟
RAM 1500
12/25г.
🚗
✨
6️⃣
🤩
8️⃣
1️⃣
🔤
🔤
🔤
🔹
комплектация
Laramie
🔹
Пробег:
3800km
👍
🔹
Двигатель:
3.0l, на 420HP
🐎
💨
🔹
Коробка:
АКПП
🔹
Привод: полный
AWD
🔹
Безопасность: ""
завод
""
🛡
🔹
Салон кожа, эл.привод...
🔹
Повреждения
""справа""
📜
История автомобиля
👇
1C6SRFJPXTN255511
⚖️
🛎
Торги 13.05.2026г.
+- 45000
😀
(расчетная ставка)
Цена в России (с ремонтом) под
🔧
+- 7,1 млн. руб.
🔎
1-50337656
расчёт 13.05.2026г.
💵
76
Теперь и в МАХ
👇
https://max.ru/c/-71046904611051/AZ4gM3ZWBf0"
2336,https://t.me/AutoWorld_Georgia/2336,2026-05-13T19:41:54+00:00,США,,,2021,XLE AWD-E,23300km,"гибрид 1,8l на148HP",148.0,,CVT,полный,"""",кожа,"""слева""",JTDL9MFU3M3028898,14.05.2026,,1950000,,,13.05.2026,,"👤
👤
👤
👤
👤
👤
👤
на 14.05
🌟
Toyota Prius
02/21г.
🚗
✨
1️⃣
🤩
7️⃣
8️⃣
🔤
🔤
🔤
🔹
комплектация
XLE AWD-E
🔹
Пробег:
23300km
👍
🔹
Двигатель:
гибрид 1,8l на148HP
🐎
💨
🔹
Коробка:
CVT
🔹
Привод: полный
AWD
🔹
Безопасность: ""
завод
""
🛡
🔹
Салон кожа
🐄
🔹
Повреждения
""слева""
📜
История автомобиля
👇
JTDL9MFU3M3028898
⚖️
🛎
Торги 14.05.2026г.
+- 7000
😀
(расчетная ставка)
Цена в России (с ремонтом) под
🔧
+- 1.95 млн. руб.
🔎
1-51241956
расчёт 13.05.2026г.
💵
76
Теперь и в МАХ
👇"
2346,https://t.me/AutoWorld_Georgia/2346,2026-05-14T08:03:55+00:00,США,,,2025,M50,800km,"3.0l, на 393HP",393.0,,АКПП,полный,"""","кожа, эл.привод...","""незначительное""",5UX73GP08S9051487,18.05.2026,,8300000,,,14.05.2026,,"👤
👤
👤
👤
👤
👤
👤
на 18.05
🌟
BMW X3
05/25г.
🚗
✨
8️⃣
🤩
🔤
5️⃣
🔤
🔤
🔤
🔹
комплектация
M50
🔹
Пробег:
800km
👍
🔹
Двигатель:
3.0l, на 393HP
🐎
💨
🔹
Коробка:
АКПП
🔹
Привод: полный
AWD
🔹
Безопасность: ""
завод
""
🛡
🔹
Салон кожа, эл.привод...
🔹
Повреждения
""незначительное""
📜
История автомобиля
👇
5UX73GP08S9051487
⚖️
🛎
Торги 18.05.2026г.
+- 35000
😀
(расчетная ставка)
Цена в России (с ремонтом) под
🔧
+- 8,3 млн. руб.
🔎
0-44756689
расчёт 14.05.2026г.
💵
76
Теперь и в МАХ
👇
https://max.ru/c/-71046904611051/AZ4lzg3VK4w"
2356,https://t.me/AutoWorld_Georgia/2356,2026-05-14T09:21:35+00:00,США,,,2024,GLA 250,62600km,"2.0l, на 221HP",221.0,,АКПП,полный,"""","кожа, эл.привод...","""царапины""",W1N4N4GBXSJ638117,18.05.2026,,4450000,,,14.05.2026,,"👤
👤
👤
👤
👤
👤
👤
на 18.05
🌟
Mercedes-Benz GLA-Class
04/24г.
🚗
✨
4️⃣
🤩
3️⃣
7️⃣
🔤
🔤
🔤
🔹
комплектация
GLA 250
🔹
Пробег:
62600km
👍
🔹
Двигатель:
2.0l, на 221HP
🐎
💨
🔹
Коробка:
АКПП
🔹
Привод: полный
AWD
🔹
Безопасность: ""
завод
""
🛡
🔹
Салон кожа, эл.привод...
🔹
Повреждения
""царапины""
📜
История автомобиля
👇
W1N4N4GBXSJ638117
⚖️
🛎
Торги 18.05.2026г.
BUY NOW 20000
😀
♦️
Цена в России (с ремонтом) под
🔧
+- 4,45 млн. руб.
🔎
1-79570965
расчёт 14.05.2026г.
💵
76
Теперь и в МАХ
👇
https://max.ru/c/-71046904611051/AZ4l0cDUUeY"
2366,https://t.me/AutoWorld_Georgia/2366,2026-05-14T10:46:10+00:00,США,,,2025,GLE 350,25100ml,"2.0l, на 255HP",255.0,,АКПП,полный,"""","кожа, эл.привод...",й,4JGFB4FB3SB479537,,,,,,14.05.2026,,"👤
👤
👤
👤
👤
👤
👤
🌟
Mercedes-Benz GLE-Class
06/25г.
🚗
✨
7️⃣
🤩
9️⃣
1️⃣
🔤
🔤
🔤
🔹
комплектация
GLE 350
🔹
Пробег:
25100ml
👍
🔹
Двигатель:
2.0l, на 255HP
🐎
💨
🔹
Коробка:
АКПП
🔹
Привод: полный
4MATIC
🔹
Безопасность: ""
завод
""
🛡
🔹
Салон кожа, эл.привод...
🔹
Автомобиль
без повреждений
с аукциона
МАНХЕЙМ
❗️
VIN
4JGFB4FB3SB479537
⚖️
🛎
Торги по ставке!
BUY NOW 51300
😀
♦️
🔎
1405AK1304
расчёт 14.05.2026г.
💵
76
Теперь и в МАХ
👇"
2378,https://t.me/AutoWorld_Georgia/2378,2026-05-15T14:47:25+00:00,,CHEVROLET,TRAX,2022,LT,12800ml,1.4l на 155HP,155.0,,АКПП,полный,"""завод""",комбинированный,,KL7CJPSMXNB566517,,,,,,15.05.2026,,"😀
😀
😀
😀
😀
😀
до
😀
😀
😀
🌟
CHEVROLET TRAX 11/22г.
🚗
✨
1️⃣
🤩
5️⃣
8️⃣
🔤
🔤
🔤
🔹
комплектация LT
🔹
Пробег:  12800ml
👍
🔹
Двигатель: 1.4l на 155HP
🐎
💨
🔹
Коробка: АКПП
🔹
Привод: полный
😀
😀
😀
🔹
Безопасность ""завод""
🛡
🔹
Салон комбинированный
🛋
, 2 ключа,
📜
История автомобиля
👇
KL7CJPSMXNB566517
🔎
1405АРГ2109
расчёт 15.05.2026г.
💵
76
теперь мы и в МАХ
👇"
2385,https://t.me/AutoWorld_Georgia/2385,2026-05-15T19:51:04+00:00,,CHEVROLET,TRAX,2023,ACTIV,44000ml,1.2l на 138HP,138.0,,АКПП,передний,"""восстановлена""",кожа,,KL77LKE20RC024531,,,,,,15.05.2026,,"😀
😀
😀
😀
😀
😀
до
😀
😀
😀
🌟
CHEVROLET TRAX 03/23г.
🚗
✨
🔤
🔤
🔤
🔤
🔤
🔤
🔤
🔤
🔤
🔤
1️⃣
🤩
8️⃣
4️⃣
🔤
🔤
🔤
🔹
комплектация ACTIV
🔹
Пробег:  44000ml
👍
🔹
Двигатель: 1.2l на 138HP
🐎
💨
🔹
Коробка: АКПП
🔹
Привод: передний
😀
😀
😀
🔹
Безопасность ""восстановлена""
🛡
🔹
Салон кожа
🛋
, панорама
📜
История автомобиля
👇
KL77LKE20RC024531
🔎
1405АРГ1500
расчёт 15.05.2026г.
💵
76
теперь мы и в МАХ
👇
https://max.ru/c/-71046904611051/AZ4tNw-7cOg"
2396,https://t.me/AutoWorld_Georgia/2396,2026-05-16T12:19:30+00:00,США,,,2023,SEL,18700km,"1.6l, на 121HP",121.0,,IVT,передний,"""",качественный текстиль,"""спереди, руль""",KMHRC8A30PU251637,18.05.2026,,1650000,,,16.05.2026,,"👤
👤
👤
👤
👤
👤
👤
на 18.05
🌟
Hyundai Venue
03/23г.
🚗
✨
1️⃣
🤩
5️⃣
2️⃣
🔤
🔤
🔤
🔹
комплектация
SEL
🔹
Пробег:
18700km
👍
🔹
Двигатель:
1.6l, на 121HP
🐎
💨
🔹
Коробка:
IVT
🔹
Привод: передний
FWD
🔹
Безопасность: ""
90% завод
""
🛡
🔹
Салон качественный текстиль
🛋
🔹
Повреждения
""спереди, руль""
📜
История автомобиля
👇
KMHRC8A30PU251637
⚖️
🛎
Торги 18.05.2026г.
+- 6000
😀
(расчетная ставка)
Цена в России (с ремонтом) под
🔧
+- 1,65 млн. руб.
🔎
1-76607994
расчёт 16.05.2026г.
💵
76
Теперь и в МАХ
👇"
2406,https://t.me/AutoWorld_Georgia/2406,2026-05-17T07:12:07+00:00,,Chevrolet,Trailblazer,2024,RS,14000ml,1.3l на 155HP,155.0,,АКПП,полный AWD,"""90% завод""",кожа,,KL79MUSL8RB173774,,,,,,16.05.2026,,"😀
😀
😀
😀
😀
😀
до
😀
😀
😀
🌟
Chevrolet Trailblazer 02/24г.
🚗
✨
🔤
🔤
🔤
🔤
🔤
🔤
🔤
🔤
🔤
🔤
2️⃣
🤩
4️⃣
2️⃣
🔤
🔤
🔤
🔹
комплектация RS
🔹
Пробег:  14000ml
👍
🔹
Двигатель: 1.3l на 155HP
🐎
💨
🔹
Коробка: АКПП
🔹
Привод: полный AWD
🔹
Безопасность ""90% завод""
🛡
🔹
Салон кожа
🛋
📜
История автомобиля
👇
KL79MUSL8RB173774
🔎
1605АРГ2345
расчёт 16.05.2026г.
💵
75
теперь мы и в МАХ
👇"
2452,https://t.me/AutoWorld_Georgia/2452,2026-05-23T05:34:53+00:00,США,,,2022,LE AWD-E,50400ml,"1.8l, на 148HP",148.0,,CVT,полный AWD,"""",качественный текстиль,"""слева""",JTDL9MFU1N3041201,27.05.2026,,1950000,,,23.05.2026,,"👤
👤
👤
👤
👤
👤
👤
на 27.05
🌟
Toyota Prius
11/22г.
🚗
✨
1️⃣
🤩
7️⃣
8️⃣
🔤
🔤
🔤
🔹
комплектация
LE AWD-E
🔹
Пробег:
50400ml
👍
🔹
Двигатель:
1.8l, на 148HP
🐎
💨
🔹
Коробка:
CVT
🔹
Привод:
полный AWD
🔹
Безопасность: ""
завод
""
🛡
🔹
Салон качественный текстиль
🛋
🔹
Повреждения
""слева""
📜
История автомобиля
👇
JTDL9MFU1N3041201
⚖️
🛎
Торги 27.05.2026г.
+- 9000
😀
(расчетная ставка)
Цена в России (с ремонтом) под
🔧
+- 1,95 млн. руб.
🔎
0-44975312
расчёт 23.05.2026г.
💵
73
Теперь и в МАХ
👇
https://max.ru/c/-71046904611051/AZ5TWczCX7c"
2463,https://t.me/AutoWorld_Georgia/2463,2026-05-27T03:09:28+00:00,США,,,2022,EX,28300ml,"1.8l, на 141HP",141.0,,CVT,полный AWD,"""",качественный текстиль,"""сзади""",3CZRU6H5XNM750793,28.05.2026,,1850000,,,27.05.2026,,"👤
👤
👤
👤
👤
👤
👤
на 28.05
🌟
Honda HR-V
01/22г.
🚗
✨
1️⃣
🤩
6️⃣
9️⃣
🔤
🔤
🔤
🔹
комплектация
EX
🔹
Пробег:
28300ml
👍
🔹
Двигатель:
1.8l, на 141HP
🐎
💨
🔹
Коробка:
CVT
🔹
Привод:
полный AWD
🔹
Безопасность: ""
завод
""
🛡
🔹
Салон качественный текстиль
🛋
🔹
Повреждения
""сзади""
📜
История автомобиля
👇
3CZRU6H5XNM750793
⚖️
🛎
Торги 28.05.2026г.
+- 7500
😀
(расчетная ставка)
Цена в России (с ремонтом) под
🔧
+- 1,85 млн. руб.
🔎
1-50804636
расчёт 27.05.2026г.
💵
75
Теперь и в МАХ
👇
https://max.ru/c/-71046904611051/AZ5na_pYPkU"
2473,https://t.me/AutoWorld_Georgia/2473,2026-05-28T04:04:23+00:00,США,на,,2006,4Wd Elevation,11000ml,"2,7l, на 310HP",310.0,,АКПП - 8,полный AWD,"""",комбинированный,"""справа, ходовая""",1GTP6BEK8R1321150,02.06.2026,,4600000,,,28.05.2026,https://storage.yandexcloud.net/viiversion-auto-sale-media/cars/autoworld-2473/main-1790168427668-main-1-a0113c4d.jpg | https://storage.yandexcloud.net/viiversion-auto-sale-media/cars/autoworld-2473/other-1790168428568-other-2-312061d0.jpg | https://storage.yandexcloud.net/viiversion-auto-sale-media/cars/autoworld-2473/other-1790168429485-other-3-30b65a90.jpg | https://storage.yandexcloud.net/viiversion-auto-sale-media/cars/autoworld-2473/other-1790168430233-other-4-a42eb72a.jpg | https://storage.yandexcloud.net/viiversion-auto-sale-media/cars/autoworld-2473/other-1790168430993-other-5-a92f0171.jpg | https://storage.yandexcloud.net/viiversion-auto-sale-media/cars/autoworld-2473/other-1790168431675-other-6-818d70e4.jpg | https://storage.yandexcloud.net/viiversion-auto-sale-media/cars/autoworld-2473/other-1790168432439-other-7-5a89aad1.jpg | https://storage.yandexcloud.net/viiversion-auto-sale-media/cars/autoworld-2473/other-1790168433334-other-8-45fda64c.jpg | https://storage.yandexcloud.net/viiversion-auto-sale-media/cars/autoworld-2473/other-1790168434213-other-9-7ffc16b8.jpg | https://storage.yandexcloud.net/viiversion-auto-sale-media/cars/autoworld-2473/other-1790168434620-other-10-29321e81.jpg,"👤
👤
👤
👤
👤
👤
👤
на 02.06
🌟
GMC CANYON
11/24г.
🛻
✨
4️⃣
🤩
4️⃣
🔤
🔤
🔤
🔹
комплектация
4Wd Elevation
🔹
Пробег:
11000ml
👍
🔹
Двигатель:
2,7l, на 310HP
🐎
💨
🔹
Коробка:
АКПП - 8
🔹
Привод:
полный AWD
🔹
Безопасность: ""
завод
""
🛡
🔹
Салон
комбинированный
🛋
🔹
Повреждения
""справа, ходовая""
📜
История автомобиля
👇
1GTP6BEK8R1321150
⚖️
🛎
Торги 02.06.2026г.
+- 24000
😀
(расчетная ставка)
Цена в России (с ремонтом) под
🔧
+- 4,6 млн. руб.
🔎
0-45001618
расчёт 28.05.2026г.
💵
75
Теперь и в МАХ
👇
https://max.ru/c/-71046904611051/AZ5sw3UvQ4c"
2483,https://t.me/AutoWorld_Georgia/2483,2026-05-28T04:59:32+00:00,США,,,2024,,8400ml,"2,0l, на 255HP",255.0,,АКПП,полный 4MATIC,"""",кожа,"""спереди""",W1KAF4HB1SR241229,28.05.2026,,5600000,,,28.05.2026,,"👤
👤
👤
👤
👤
👤
👤
на 28.05
🌟
🐋
MB C 300
07/24г.
🛻
✨
5️⃣
🤩
3️⃣
7️⃣
🔤
🔤
🔤
🔹
Пробег:
8400ml
👍
🔹
Двигатель:
2,0l, на 255HP
🐎
💨
🔹
Коробка:
АКПП
🔹
Привод:
полный 4MATIC
🔹
Безопасность: ""
завод
""
🛡
🔹
Салон
кожа
🛋
🔹
Повреждения
""спереди""
📜
История автомобиля
👇
W1KAF4HB1SR241229
⚖️
🛎
Торги 28.05.2026г.
+- 30000
😀
(расчетная ставка)
Цена в России (с ремонтом) под
🔧
+- 5,6 млн. руб.
🔎
0-44823126
расчёт 28.05.2026г.
💵
75
Теперь и в МАХ
👇
https://max.ru/c/-71046904611051/AZ5s9z25NN0"
2493,https://t.me/AutoWorld_Georgia/2493,2026-05-29T06:13:05+00:00,США,Honda,HR-V,2022,EX,28300ml,"1.8l, на 141HP",141.0,,CVT,полный AWD,"""завод""",качественный текстиль,"""сзади""…",,,,,,,,,"👤
👤
👤
👤
👤
👤
👤
на 28.05
🌟
Honda HR-V 01/22г.
🚗
✨
1️⃣
🤩
6️⃣
9️⃣
🔤
🔤
🔤
🔹
комплектация EX
🔹
Пробег:  28300ml
👍
🔹
Двигатель: 1.8l, на 141HP
🐎
💨
🔹
Коробка: CVT
🔹
Привод: полный AWD
🔹
Безопасность: ""завод""
🛡
🔹
Салон качественный текстиль
🛋
🔹
Повреждения ""сзади""…"
2495,https://t.me/AutoWorld_Georgia/2495,2026-05-31T14:01:26+00:00,США,на,,2006,,21100ml,"3,0l, на 375HP",375.0,,АКПП,полный AWD,"""",кожа,"""спереди""",5UX33EX06R9S41334,04.06.2026,,9500000,4880000,,31.05.2026,https://storage.yandexcloud.net/viiversion-auto-sale-media/cars/autoworld-2495/main-1790168436008-main-1-cb0ab3bb.jpg | https://storage.yandexcloud.net/viiversion-auto-sale-media/cars/autoworld-2495/other-1790168437214-other-2-dbdd7e52.jpg | https://storage.yandexcloud.net/viiversion-auto-sale-media/cars/autoworld-2495/other-1790168438438-other-3-877095a9.jpg | https://storage.yandexcloud.net/viiversion-auto-sale-media/cars/autoworld-2495/other-1790168439649-other-4-e7411285.jpg | https://storage.yandexcloud.net/viiversion-auto-sale-media/cars/autoworld-2495/other-1790168440567-other-5-76bb74b8.jpg | https://storage.yandexcloud.net/viiversion-auto-sale-media/cars/autoworld-2495/other-1790168441480-other-6-ff818270.jpg | https://storage.yandexcloud.net/viiversion-auto-sale-media/cars/autoworld-2495/other-1790168442041-other-7-cea4052d.jpg | https://storage.yandexcloud.net/viiversion-auto-sale-media/cars/autoworld-2495/other-1790168442681-other-8-d1bc1ba0.jpg | https://storage.yandexcloud.net/viiversion-auto-sale-media/cars/autoworld-2495/other-1790168443331-other-9-74d64986.jpg | https://storage.yandexcloud.net/viiversion-auto-sale-media/cars/autoworld-2495/other-1790168444094-other-10-a5a657e1.jpg,"👤
👤
👤
👤
👤
👤
👤
на 04.06
🌟
BMW X6
05/23г.
🚙
✨
9️⃣
🤩
1️⃣
9️⃣
🔤
🔤
🔤
🔹
Пробег:
21100ml
👍
🔹
Двигатель:
3,0l, на 375HP
🐎
💨
🔹
Коробка:
АКПП
🔹
Привод:
полный AWD
🔹
Безопасность: ""
завод
""
🛡
🔹
Салон
кожа
🛋
🔹
Повреждения
""спереди""
📜
История автомобиля
👇
5UX33EX06R9S41334
⚖️
🛎
Торги 04.06.2026г.
+- 45000
😀
(расчетная ставка)
Цена в России (с ремонтом) под
🔧
+- 9,5 млн. руб.
*
стоимость автомобиля, с учётом таможенных платежей в размере 4,88млн.руб.
🔎
1-50908146
расчёт 31.05.2026г.
💵
75"
2505,https://t.me/AutoWorld_Georgia/2505,2026-06-01T19:18:51+00:00,США,на,,2006,LXS,6045ml,"2,0l, на 147HP",147.0,,CVT,передний FWD,"""",качественный текстиль,"""град""",3KPFT4DE7SE173569,02.06.2026,,1900000,,,01.06.2026,https://storage.yandexcloud.net/viiversion-auto-sale-media/cars/autoworld-2505/main-1790168444981-main-1-2f5485db.jpg | https://storage.yandexcloud.net/viiversion-auto-sale-media/cars/autoworld-2505/other-1790168445846-other-2-4cda87d0.jpg | https://storage.yandexcloud.net/viiversion-auto-sale-media/cars/autoworld-2505/other-1790168446571-other-3-b72c7d4c.jpg | https://storage.yandexcloud.net/viiversion-auto-sale-media/cars/autoworld-2505/other-1790168447304-other-4-a6e63914.jpg | https://storage.yandexcloud.net/viiversion-auto-sale-media/cars/autoworld-2505/other-1790168448160-other-5-82f86312.jpg | https://storage.yandexcloud.net/viiversion-auto-sale-media/cars/autoworld-2505/other-1790168448880-other-6-d11e4554.jpg | https://storage.yandexcloud.net/viiversion-auto-sale-media/cars/autoworld-2505/other-1790168449729-other-7-1736f7e9.jpg | https://storage.yandexcloud.net/viiversion-auto-sale-media/cars/autoworld-2505/other-1790168450438-other-8-a34ed230.jpg | https://storage.yandexcloud.net/viiversion-auto-sale-media/cars/autoworld-2505/other-1790168451290-other-9-d97e7940.jpg | https://storage.yandexcloud.net/viiversion-auto-sale-media/cars/autoworld-2505/other-1790168452015-other-10-eb27dc57.jpg,"👤
👤
👤
👤
👤
👤
👤
на 02.06
🌟
KIA K4
06/25г.
🚙
✨
1️⃣
🤩
7️⃣
9️⃣
🔤
🔤
🔤
🔹
комплектация
LXS
🔹
Пробег:
6045ml
👍
🔹
Двигатель:
2,0l, на 147HP
🐎
💨
🔹
Коробка:
CVT
🔹
Привод:
передний FWD
🔹
Безопасность: ""
завод
""
🛡
🔹
Салон
качественный текстиль
🛋
🔹
Повреждения
""град""
📜
История автомобиля
👇
3KPFT4DE7SE173569
⚖️
🛎
Торги 02.06.2026г.
+- 8700
😀
(расчетная ставка)
Цена в России (с ремонтом) под
🔧
+- 1,9 млн. руб.
🔎
0-45068588
расчёт 01.06.2026г.
💵
75
https://max.ru/c/-71046904611051/AZ6EpR0RPYY"
2515,https://t.me/AutoWorld_Georgia/2515,2026-06-02T12:05:48+00:00,США,на,,2006,EX,Н/Д,"2,0l, на 147HP",147.0,,CVT,передний FWD,"""",качественный текстиль,"""кража, нет ключей""",KNDJ33AU0S7269026,04.06.2026,,1900000,,,02.06.2026,https://storage.yandexcloud.net/viiversion-auto-sale-media/cars/autoworld-2515/main-1790168452577-main-1-9cf16004.jpg | https://storage.yandexcloud.net/viiversion-auto-sale-media/cars/autoworld-2515/other-1790168453344-other-2-c553ffc4.jpg | https://storage.yandexcloud.net/viiversion-auto-sale-media/cars/autoworld-2515/other-1790168453988-other-3-4d2ee088.jpg | https://storage.yandexcloud.net/viiversion-auto-sale-media/cars/autoworld-2515/other-1790168454560-other-4-fa9a560f.jpg | https://storage.yandexcloud.net/viiversion-auto-sale-media/cars/autoworld-2515/other-1790168455168-other-5-574e9d22.jpg | https://storage.yandexcloud.net/viiversion-auto-sale-media/cars/autoworld-2515/other-1790168455775-other-6-08e3d952.jpg | https://storage.yandexcloud.net/viiversion-auto-sale-media/cars/autoworld-2515/other-1790168456708-other-8-634d2e44.jpg | https://storage.yandexcloud.net/viiversion-auto-sale-media/cars/autoworld-2515/other-1790168457656-other-9-e0a8cf3e.jpg | https://storage.yandexcloud.net/viiversion-auto-sale-media/cars/autoworld-2515/other-1790168458288-other-10-977b1ed0.jpg,"👤
👤
👤
👤
👤
👤
👤
на 04.06
🌟
KIA SOUL
03/25г.
🚙
✨
1️⃣
🤩
8️⃣
2️⃣
🔤
🔤
🔤
🔹
комплектация
EX
🔹
Пробег:
Н/Д
🔹
Двигатель:
2,0l, на 147HP
🐎
💨
🔹
Коробка:
CVT
🔹
Привод:
передний FWD
🔹
Безопасность: ""
завод
""
🛡
🔹
Салон
качественный текстиль
🛋
🔹
Повреждения
""кража, нет ключей""
📜
История автомобиля
👇
KNDJ33AU0S7269026
⚖️
🛎
Торги 04.06.2026г.
+- 8000
😀
(расчетная ставка)
Цена в России (с ремонтом) под
🔧
+- 1,9 млн. руб.
🔎
0-45040830
расчёт 02.06.2026г.
💵
76
https://max.ru/c/-71046904611051/AZ6IPECmRGw"
2525,https://t.me/AutoWorld_Georgia/2525,2026-06-02T19:51:22+00:00,США,на,,2006,,32000ml,"3,0l, на 429HP",429.0,,АКПП,полный 4Matic,"""",кожа,"""спереди""",4JGFD6BBXNA778884,03.06.2026,,9300000,5110000,,02.06.2026,https://storage.yandexcloud.net/viiversion-auto-sale-media/cars/autoworld-2525/main-1790168459797-main-1-262199d9.jpg | https://storage.yandexcloud.net/viiversion-auto-sale-media/cars/autoworld-2525/other-1790168461119-other-2-ce1d1fe1.jpg | https://storage.yandexcloud.net/viiversion-auto-sale-media/cars/autoworld-2525/other-1790168462439-other-3-7557b173.jpg | https://storage.yandexcloud.net/viiversion-auto-sale-media/cars/autoworld-2525/other-1790168463761-other-4-524b410c.jpg | https://storage.yandexcloud.net/viiversion-auto-sale-media/cars/autoworld-2525/other-1790168465078-other-5-218666b0.jpg | https://storage.yandexcloud.net/viiversion-auto-sale-media/cars/autoworld-2525/other-1790168466380-other-6-ee7d968a.jpg | https://storage.yandexcloud.net/viiversion-auto-sale-media/cars/autoworld-2525/other-1790168467366-other-7-2dd1bc62.jpg | https://storage.yandexcloud.net/viiversion-auto-sale-media/cars/autoworld-2525/other-1790168468277-other-8-c068c310.jpg | https://storage.yandexcloud.net/viiversion-auto-sale-media/cars/autoworld-2525/other-1790168469128-other-9-ca63c3e5.jpg | https://storage.yandexcloud.net/viiversion-auto-sale-media/cars/autoworld-2525/other-1790168470291-other-10-efe6bbc6.jpg,"👤
👤
👤
👤
👤
👤
👤
на 03.06
🌟
🐋
MB GLE AMG 53
06/22г.
🚙
✨
8️⃣
🤩
9️⃣
5️⃣
🔤
🔤
🔤
*
🔹
Пробег:
32000ml
👍
🔹
Двигатель:
3,0l, на 429HP
🐎
💨
🔹
Коробка:
АКПП
🔹
Привод:
полный 4Matic
🔹
Безопасность: ""
завод
""
🛡
🔹
Салон
кожа
🛋
🔹
Повреждения
""спереди""
📜
История автомобиля
👇
4JGFD6BBXNA778884
⚖️
🛎
Торги 03.06.2026г.
+- 37000
😀
(расчетная ставка)
Цена в России (с ремонтом) под
🔧
+- 9,3 млн. руб.
*
стоимость автомобиля, с учётом таможенных платежей в размере 5,11млн.руб.
🔎
1-50649476
расчёт 02.06.2026г.
💵
76
https://max.ru/c/-71046904611051/AZ6J6L5NKOU"
2535,https://t.me/AutoWorld_Georgia/2535,2026-06-03T07:07:11+00:00,США,на,,2006,BASE,27500ml,"3,0l, на 335HP",335.0,,АКПП,полный AWD,"""",кожа,"""сзади""",WP1AA2AY8PDA02095,03.06.2026,,8950000,4660000,,02.06.2026,https://storage.yandexcloud.net/viiversion-auto-sale-media/cars/autoworld-2535/main-1790168471004-main-1-85a9249a.jpg | https://storage.yandexcloud.net/viiversion-auto-sale-media/cars/autoworld-2535/other-1790168471643-other-2-c41d2e7c.jpg | https://storage.yandexcloud.net/viiversion-auto-sale-media/cars/autoworld-2535/other-1790168472383-other-3-c0359b7c.jpg | https://storage.yandexcloud.net/viiversion-auto-sale-media/cars/autoworld-2535/other-1790168473093-other-4-39373312.jpg | https://storage.yandexcloud.net/viiversion-auto-sale-media/cars/autoworld-2535/other-1790168474187-other-5-1ae9d0d9.jpg | https://storage.yandexcloud.net/viiversion-auto-sale-media/cars/autoworld-2535/other-1790168474940-other-6-b2a2c130.jpg | https://storage.yandexcloud.net/viiversion-auto-sale-media/cars/autoworld-2535/other-1790168475567-other-7-b231f384.jpg | https://storage.yandexcloud.net/viiversion-auto-sale-media/cars/autoworld-2535/other-1790168476380-other-8-62674f48.jpg | https://storage.yandexcloud.net/viiversion-auto-sale-media/cars/autoworld-2535/other-1790168477012-other-9-38a012ae.jpg | https://storage.yandexcloud.net/viiversion-auto-sale-media/cars/autoworld-2535/other-1790168477817-other-10-3dbcbf3a.jpg,"👤
👤
👤
👤
👤
👤
👤
на 03.06
🌟
Porsche Cayenne
08/22г.
🚙
✨
8️⃣
🤩
6️⃣
1️⃣
🔤
🔤
🔤
*
🔹
комплектация
BASE
🔹
Пробег:
27500ml
👍
🔹
Двигатель:
3,0l, на 335HP
🐎
💨
🔹
Коробка:
АКПП
🔹
Привод:
полный AWD
🔹
Безопасность: ""
завод
""
🛡
🔹
Салон
кожа
🛋
🔹
Повреждения
""сзади""
📜
История автомобиля
👇
WP1AA2AY8PDA02095
⚖️
🛎
Торги 03.06.2026г.
BUY NOW
♦️
3⃣
8⃣
5⃣
1⃣
1⃣
😀
Цена в России (с ремонтом) под
🔧
+- 8,95 млн. руб.
*
стоимость автомобиля, с учётом таможенных платежей в размере 4,66млн.руб.
🔎
1-99370865
расчёт 02.06.2026г.
💵
76"
2545,https://t.me/AutoWorld_Georgia/2545,2026-06-03T19:24:35+00:00,США,на,,2006,,85000ml,"3,0l, на 335HP",335.0,,АКПП,полный AWD,"""",кожа,"""незначительные""",WP1BA2AY6PDA25539,05.06.2026,,9500000,4660000,,03.06.2026,https://storage.yandexcloud.net/viiversion-auto-sale-media/cars/autoworld-2545/main-1790168478997-main-1-c176bb3e.jpg | https://storage.yandexcloud.net/viiversion-auto-sale-media/cars/autoworld-2545/other-1790168480326-other-2-6e38bac9.jpg | https://storage.yandexcloud.net/viiversion-auto-sale-media/cars/autoworld-2545/other-1790168481690-other-3-4c150f6e.jpg | https://storage.yandexcloud.net/viiversion-auto-sale-media/cars/autoworld-2545/other-1790168483141-other-4-db8c2d84.jpg | https://storage.yandexcloud.net/viiversion-auto-sale-media/cars/autoworld-2545/other-1790168484404-other-5-ac51c301.jpg | https://storage.yandexcloud.net/viiversion-auto-sale-media/cars/autoworld-2545/other-1790168485658-other-6-97116640.jpg | https://storage.yandexcloud.net/viiversion-auto-sale-media/cars/autoworld-2545/other-1790168486872-other-7-f38a653f.jpg | https://storage.yandexcloud.net/viiversion-auto-sale-media/cars/autoworld-2545/other-1790168488214-other-8-677ed9aa.jpg | https://storage.yandexcloud.net/viiversion-auto-sale-media/cars/autoworld-2545/other-1790168489578-other-9-4ce54db7.jpg | https://storage.yandexcloud.net/viiversion-auto-sale-media/cars/autoworld-2545/other-1790168490568-other-10-098cac87.jpg,"👤
👤
👤
👤
👤
👤
👤
на 05.06
🌟
Porsche Cayenne Coupe
09/22г.
🚙
✨
9️⃣
🤩
3️⃣
8️⃣
🔤
🔤
🔤
*
🔹
Пробег:
85000ml
👍
🔹
Двигатель:
3,0l, на 335HP
🐎
💨
🔹
Коробка:
АКПП
🔹
Привод:
полный AWD
🔹
Безопасность: ""
завод
""
🛡
🔹
Салон
кожа
🛋
🔹
Повреждения
""незначительные""
📜
История автомобиля
👇
WP1BA2AY6PDA25539
⚖️
🛎
Торги 05.06.2026г.
BUY NOW
♦️
4⃣
7⃣
9⃣
1⃣
1⃣
😀
Цена в России (с ремонтом) под
🔧
+- 9,5 млн. руб.
*
стоимость автомобиля, с учётом таможенных платежей в размере 4,66млн.руб.
🔎
1-55097076
расчёт 03.06.2026г.
💵
77
https://max.ru/c/-71046904611051/AZ6O9Se_KVE"
2555,https://t.me/AutoWorld_Georgia/2555,2026-06-03T19:57:41+00:00,США,на,,2006,,15300ml,"3,0l, на 429HP",429.0,,АКПП,полный 4Matic,"""",кожа,"""слева",4JGFD6BB8NA599789,08.06.2026,,9550000,5120000,,03.06.2026,https://storage.yandexcloud.net/viiversion-auto-sale-media/cars/autoworld-2555/main-1790168491893-main-1-d4d179e8.jpg | https://storage.yandexcloud.net/viiversion-auto-sale-media/cars/autoworld-2555/other-1790168493237-other-2-50c09210.jpg | https://storage.yandexcloud.net/viiversion-auto-sale-media/cars/autoworld-2555/other-1790168494588-other-3-8ed52a12.jpg | https://storage.yandexcloud.net/viiversion-auto-sale-media/cars/autoworld-2555/other-1790168495897-other-4-3f72a4f9.jpg | https://storage.yandexcloud.net/viiversion-auto-sale-media/cars/autoworld-2555/other-1790168497244-other-5-022d99cd.jpg | https://storage.yandexcloud.net/viiversion-auto-sale-media/cars/autoworld-2555/other-1790168498576-other-6-ac62a742.jpg | https://storage.yandexcloud.net/viiversion-auto-sale-media/cars/autoworld-2555/other-1790168499484-other-7-d7b9987d.jpg | https://storage.yandexcloud.net/viiversion-auto-sale-media/cars/autoworld-2555/other-1790168500202-other-8-f8da7f26.jpg | https://storage.yandexcloud.net/viiversion-auto-sale-media/cars/autoworld-2555/other-1790168500997-other-9-a4e3259a.jpg | https://storage.yandexcloud.net/viiversion-auto-sale-media/cars/autoworld-2555/other-1790168501840-other-10-10104e2f.jpg,"👤
👤
👤
👤
👤
👤
👤
на 08.06
🌟
🐋
MB GLE AMG 53
10/21г.
🚙
✨
9️⃣
🤩
2️⃣
5️⃣
🔤
🔤
🔤
🔹
Пробег:
15300ml
👍
🔹
Двигатель:
3,0l, на 429HP
🐎
💨
🔹
Коробка:
АКПП
🔹
Привод:
полный 4Matic
🔹
Безопасность: ""
завод
""
🛡
🔹
Салон
кожа
🛋
🔹
Повреждения
""слева
""
📜
История автомобиля
👇
4JGFD6BB8NA599789
⚖️
🛎
Торги 08.06.2026г.
+- 40000
😀
(расчетная ставка)
Цена в России (с ремонтом) под
🔧
+- 9,55 млн. руб.
*
стоимость автомобиля, с учётом таможенных платежей в размере 5,12млн.руб.
🔎
1-54885076
расчёт 03.06.2026г.
💵
77"
2565,https://t.me/AutoWorld_Georgia/2565,2026-06-04T06:27:18+00:00,Грузия,,,,SPORT,23800m,1.8l на 141HP,141.0,,CVT,полный,"""",качественный текстиль,,3CZRU6H13NM770526,,,,,,04.06.2026,https://storage.yandexcloud.net/viiversion-auto-sale-media/cars/autoworld-2565/main-1790168502687-main-1-88208bfd.jpg | https://storage.yandexcloud.net/viiversion-auto-sale-media/cars/autoworld-2565/other-1790168503564-other-2-ecc0f9d3.jpg | https://storage.yandexcloud.net/viiversion-auto-sale-media/cars/autoworld-2565/other-1790168504552-other-3-49e077f1.jpg | https://storage.yandexcloud.net/viiversion-auto-sale-media/cars/autoworld-2565/other-1790168505591-other-4-7b2b6ff8.jpg | https://storage.yandexcloud.net/viiversion-auto-sale-media/cars/autoworld-2565/other-1790168506471-other-5-ee944660.jpg | https://storage.yandexcloud.net/viiversion-auto-sale-media/cars/autoworld-2565/other-1790168507306-other-6-35e0fd4f.jpg | https://storage.yandexcloud.net/viiversion-auto-sale-media/cars/autoworld-2565/other-1790168508154-other-7-de30f7cb.jpg | https://storage.yandexcloud.net/viiversion-auto-sale-media/cars/autoworld-2565/other-1790168508993-other-8-1a7a2348.jpg | https://storage.yandexcloud.net/viiversion-auto-sale-media/cars/autoworld-2565/other-1790168509842-other-9-1c69fa4d.jpg | https://storage.yandexcloud.net/viiversion-auto-sale-media/cars/autoworld-2565/other-1790168510312-other-10-1b40d0b3.jpg,"🤩
🤩
🤩
🤩
🤩
🤩
до
1⃣
6⃣
0⃣
🌟
Honda HR-V
03/22г.
🚗
✨
1️⃣
🤩
9️⃣
7️⃣
🔤
🔤
🔤
🔹
комплектация
SPORT
🔹
Пробег:
23800m
l
👍
🔹
Двигатель:
1.8l на 141HP
🐎
💨
🔹
Коробка:
CVT
🔹
Привод: полный
🔤
🔤
🔤
🔹
Безопасность ""
завод
""
🛡
🔹
Салон качественный текстиль
🛋
📜
История автомобиля
👇
3CZRU6H13NM770526
🔎
0306АРГ1608
расчёт 04.06.2026г.
💵
77
теперь мы и в МАХ
👇
https://max.ru/c/-71046904611051/AZ6RUrWdEpE"
2574,https://t.me/AutoWorld_Georgia/2574,2026-06-04T19:05:31+00:00,США,на,,2006,RAPTOR,10700ml,"3,5l, на 450HP",450.0,,АКПП,полный AWD,"""",кожа,"""незначительные""",1FTFW1RG9SFB70680,08.06.2026,,7300000,2530000,,04.06.2026,https://storage.yandexcloud.net/viiversion-auto-sale-media/cars/autoworld-2574/main-1790168511236-main-1-dfa5c566.jpg | https://storage.yandexcloud.net/viiversion-auto-sale-media/cars/autoworld-2574/other-1790168512076-other-2-80513c82.jpg | https://storage.yandexcloud.net/viiversion-auto-sale-media/cars/autoworld-2574/other-1790168513036-other-3-3d8ce04a.jpg | https://storage.yandexcloud.net/viiversion-auto-sale-media/cars/autoworld-2574/other-1790168514517-other-4-864a0ad3.jpg | https://storage.yandexcloud.net/viiversion-auto-sale-media/cars/autoworld-2574/other-1790168515464-other-5-7db3f66b.jpg | https://storage.yandexcloud.net/viiversion-auto-sale-media/cars/autoworld-2574/other-1790168516208-other-6-f37e2b02.jpg | https://storage.yandexcloud.net/viiversion-auto-sale-media/cars/autoworld-2574/other-1790168517028-other-7-cab55fce.jpg | https://storage.yandexcloud.net/viiversion-auto-sale-media/cars/autoworld-2574/other-1790168517952-other-8-3117992b.jpg | https://storage.yandexcloud.net/viiversion-auto-sale-media/cars/autoworld-2574/other-1790168518908-other-9-7d3bfb3a.jpg | https://storage.yandexcloud.net/viiversion-auto-sale-media/cars/autoworld-2574/other-1790168520060-other-10-152d9cf5.jpg,"👤
👤
👤
👤
👤
👤
👤
на 08.06
🌟
FORD F-150
08/25г.
🚙
✨
7️⃣
🤩
🔤
3️⃣
🔤
🔤
🔤
*
🔹
комплектация
RAPTOR
🔹
Пробег:
10700ml
👍
🔹
Двигатель:
3,5l, на 450HP
🐎
💨
🔹
Коробка:
АКПП
🔹
Привод:
полный AWD
🔹
Безопасность: ""
завод
""
🛡
🔹
Салон
кожа
🛋
🔹
Повреждения
""незначительные""
📜
История автомобиля
👇
1FTFW1RG9SFB70680
⚖️
🛎
Торги 08.06.2026г.
+- 45000
😀
(расчетная ставка)
Цена в России (с ремонтом) под
🔧
+- 7,3 млн. руб.
*
стоимость автомобиля, с учётом таможенных платежей в размере 2,53млн.руб.
🔎
0-45025186
расчёт 04.06.2026г.
💵
77
https://max.ru/c/-71046904611051/AZ6UCykKC4Q"
2584,https://t.me/AutoWorld_Georgia/2584,2026-06-04T19:57:17+00:00,Грузия,Chevrolet,Trax,2022,LT,20500ml,1.4l на 155HP,155.0,,АКПП,полный,"""",качественный текстиль,,KL7CJNSM5NB549208,,,,,,04.06.2026,https://storage.yandexcloud.net/viiversion-auto-sale-media/cars/autoworld-2584/main-1790168521258-main-1-69f85f69.jpg | https://storage.yandexcloud.net/viiversion-auto-sale-media/cars/autoworld-2584/other-1790168522283-other-2-73011433.jpg | https://storage.yandexcloud.net/viiversion-auto-sale-media/cars/autoworld-2584/other-1790168523160-other-3-6121bd3a.jpg | https://storage.yandexcloud.net/viiversion-auto-sale-media/cars/autoworld-2584/other-1790168524027-other-4-9f55b684.jpg | https://storage.yandexcloud.net/viiversion-auto-sale-media/cars/autoworld-2584/other-1790168524520-other-5-d5230bbd.jpg,"🤩
🤩
🤩
🤩
🤩
🤩
до
1⃣
6⃣
0⃣
🌟
Chevrolet Trax 07/22г.
🚗
✨
1️⃣
🤩
4️⃣
5️⃣
🔤
🔤
🔤
🔹
комплектация
LT
🔹
Пробег:
20500ml
👍
🔹
Двигатель:
1.4l на 155HP
🐎
💨
🔹
Коробка:
АКПП
🔹
Привод: полный
AWD
🔹
Безопасность ""
90% завод
""
🛡
🔹
Салон качественный текстиль
🛋
📜
История автомобиля
👇
KL7CJNSM5NB549208
🔎
0406АРГ1208
расчёт 04.06.2026г.
💵
77
теперь мы и в МАХ
👇"
2588,https://t.me/AutoWorld_Georgia/2588,2026-06-04T21:10:55+00:00,Грузия,Hyundai,Elantra,2022,SEL,33000ml,"2,0l на 147HP",147.0,,CVT,передний FWD,"""90% завод""",качественный текстиль,,KMHLM4AG6PU453333,,,,,,04.06.2026,https://storage.yandexcloud.net/viiversion-auto-sale-media/cars/autoworld-2588/main-1790168525682-main-1-78acfc2b.jpg | https://storage.yandexcloud.net/viiversion-auto-sale-media/cars/autoworld-2588/other-1790168526882-other-2-5640b279.jpg | https://storage.yandexcloud.net/viiversion-auto-sale-media/cars/autoworld-2588/other-1790168527931-other-3-061bd260.jpg | https://storage.yandexcloud.net/viiversion-auto-sale-media/cars/autoworld-2588/other-1790168528814-other-4-39f86e26.jpg | https://storage.yandexcloud.net/viiversion-auto-sale-media/cars/autoworld-2588/other-1790168529707-other-5-59fa31e4.jpg | https://storage.yandexcloud.net/viiversion-auto-sale-media/cars/autoworld-2588/other-1790168530581-other-6-15e64224.jpg | https://storage.yandexcloud.net/viiversion-auto-sale-media/cars/autoworld-2588/other-1790168531486-other-7-700ff8b6.jpg | https://storage.yandexcloud.net/viiversion-auto-sale-media/cars/autoworld-2588/other-1790168532374-other-8-88d5ef4d.jpg | https://storage.yandexcloud.net/viiversion-auto-sale-media/cars/autoworld-2588/other-1790168533583-other-9-6848ab31.jpg | https://storage.yandexcloud.net/viiversion-auto-sale-media/cars/autoworld-2588/other-1790168535195-other-10-fa23695a.jpg,"🤩
🤩
🤩
🤩
🤩
🤩
до
1⃣
6⃣
0⃣
🌟
Hyundai Elantra 10/22г.
🚗
✨
1️⃣
🤩
9️⃣
1️⃣
🔤
🔤
🔤
🔹
комплектация SEL
🔹
Пробег:  33000ml
👍
🔹
Двигатель: 2,0l на 147HP
🐎
💨
🔹
Коробка: CVT
🔹
Привод: передний FWD
🔹
Безопасность ""90% завод""
🛡
🔹
Салон качественный текстиль
🛋
📜
История автомобиля
👇
KMHLM4AG6PU453333
🔎
0406АРГ1758
расчёт 04.06.2026г.
💵
77"
2598,https://t.me/AutoWorld_Georgia/2598,2026-06-06T08:13:55+00:00,Грузия,Ford,EcoSport,2021,S,43300km,"1,0l на 123HP",123.0,,АКПП-6,передний FWD,"""90% завод""",качественный текстиль,,MAJ3S2FE5MC440845,,,,,,06.06.2026,https://storage.yandexcloud.net/viiversion-auto-sale-media/cars/autoworld-2598/main-1790168536194-main-1-1cef4706.jpg | https://storage.yandexcloud.net/viiversion-auto-sale-media/cars/autoworld-2598/other-1790168537389-other-2-756614ed.jpg | https://storage.yandexcloud.net/viiversion-auto-sale-media/cars/autoworld-2598/other-1790168538153-other-3-c62528b7.jpg | https://storage.yandexcloud.net/viiversion-auto-sale-media/cars/autoworld-2598/other-1790168539082-other-4-8d31ec33.jpg | https://storage.yandexcloud.net/viiversion-auto-sale-media/cars/autoworld-2598/other-1790168539952-other-5-44844842.jpg | https://storage.yandexcloud.net/viiversion-auto-sale-media/cars/autoworld-2598/other-1790168540837-other-6-cc1f87df.jpg | https://storage.yandexcloud.net/viiversion-auto-sale-media/cars/autoworld-2598/other-1790168541725-other-7-e2b27f11.jpg | https://storage.yandexcloud.net/viiversion-auto-sale-media/cars/autoworld-2598/other-1790168542581-other-8-ad6aaef3.jpg | https://storage.yandexcloud.net/viiversion-auto-sale-media/cars/autoworld-2598/other-1790168543492-other-9-04044e86.jpg | https://storage.yandexcloud.net/viiversion-auto-sale-media/cars/autoworld-2598/other-1790168543964-other-10-50b56976.jpg,"🤩
🤩
🤩
🤩
🤩
🤩
до
1⃣
6⃣
0⃣
🌟
Ford EcoSport 09/21г.
🚗
✨
1️⃣
🤩
2️⃣
6️⃣
🔤
🔤
🔤
🔹
комплектация S
🔹
Пробег:  43300km
👍
🔹
Двигатель: 1,0l на 123HP
🐎
💨
🔹
Коробка: АКПП-6
🔹
Привод: передний FWD
🔹
Безопасность ""90% завод""
🛡
🔹
Салон качественный текстиль
🛋
📜
История автомобиля
👇
MAJ3S2FE5MC440845
🔎
79MA8503121
расчёт 06.06.2026г.
💵
77
https://max.ru/c/-71046904611051/AZ6cAfsDBYc"
2617,https://t.me/AutoWorld_Georgia/2617,2026-06-06T08:36:01+00:00,Грузия,,,,SЕ,73600km,"1,0l на 123HP",123.0,,АКПП-6,передний,,качественный текстиль,,,,,,,,06.06.2026,https://storage.yandexcloud.net/viiversion-auto-sale-media/cars/autoworld-2617/main-1790168544882-main-1-55928406.jpg | https://storage.yandexcloud.net/viiversion-auto-sale-media/cars/autoworld-2617/other-1790168545777-other-2-feddf62c.jpg | https://storage.yandexcloud.net/viiversion-auto-sale-media/cars/autoworld-2617/other-1790168546524-other-3-c03a888e.jpg | https://storage.yandexcloud.net/viiversion-auto-sale-media/cars/autoworld-2617/other-1790168547254-other-4-2e0fbe8d.jpg | https://storage.yandexcloud.net/viiversion-auto-sale-media/cars/autoworld-2617/other-1790168547928-other-5-f1e0bec2.jpg | https://storage.yandexcloud.net/viiversion-auto-sale-media/cars/autoworld-2617/other-1790168548671-other-6-7e83b4ff.jpg | https://storage.yandexcloud.net/viiversion-auto-sale-media/cars/autoworld-2617/other-1790168549711-other-7-7a68e941.jpg | https://storage.yandexcloud.net/viiversion-auto-sale-media/cars/autoworld-2617/other-1790168550646-other-8-088a7810.jpg | https://storage.yandexcloud.net/viiversion-auto-sale-media/cars/autoworld-2617/other-1790168551763-other-9-ac2bd0b4.jpg | https://storage.yandexcloud.net/viiversion-auto-sale-media/cars/autoworld-2617/other-1790168552702-other-10-2c565d08.jpg,"🤩
🤩
🤩
🤩
🤩
🤩
до
1⃣
6⃣
0⃣
🌟
Ford EcoSport 2021г.
🚗
✨
1️⃣
🤩
3️⃣
5️⃣
🔤
🔤
🔤
🔹
комплектация
SЕ
🔹
Пробег:
73600km
👍
🔹
Двигатель:
1,0l на 123HP
🐎
💨
🔹
Коробка:
АКПП-6
🔹
Привод: передний
FWD
🔹
Салон качественный текстиль
🛋
🔎
80MA6453121
расчёт 06.06.2026г.
💵
77
https://max.ru/c/-71046904611051/AZ6cFSJ7YE4"
2627,https://t.me/AutoWorld_Georgia/2627,2026-06-06T09:02:54+00:00,США,на,,2006,SE,61700ml,"1,0l, на 123HP",123.0,,АКПП-6,передний FWD,"""",надежный текстиль,"""незначительные""",MAJ3S2GE3MC446674,11.06.2026,,1180000,138000,,06.06.2026,https://storage.yandexcloud.net/viiversion-auto-sale-media/cars/autoworld-2627/main-1790168553601-main-1-f3731561.jpg | https://storage.yandexcloud.net/viiversion-auto-sale-media/cars/autoworld-2627/other-1790168554417-other-2-348b76dd.jpg | https://storage.yandexcloud.net/viiversion-auto-sale-media/cars/autoworld-2627/other-1790168555109-other-3-c09ff427.jpg | https://storage.yandexcloud.net/viiversion-auto-sale-media/cars/autoworld-2627/other-1790168555957-other-4-01cb887c.jpg | https://storage.yandexcloud.net/viiversion-auto-sale-media/cars/autoworld-2627/other-1790168556728-other-5-07b142da.jpg | https://storage.yandexcloud.net/viiversion-auto-sale-media/cars/autoworld-2627/other-1790168557372-other-6-9c0f724c.jpg | https://storage.yandexcloud.net/viiversion-auto-sale-media/cars/autoworld-2627/other-1790168558201-other-7-8e798c16.jpg | https://storage.yandexcloud.net/viiversion-auto-sale-media/cars/autoworld-2627/other-1790168559145-other-8-89eda938.jpg | https://storage.yandexcloud.net/viiversion-auto-sale-media/cars/autoworld-2627/other-1790168560092-other-9-f913cb9c.jpg | https://storage.yandexcloud.net/viiversion-auto-sale-media/cars/autoworld-2627/other-1790168560716-other-10-faafb089.jpg,"👤
👤
👤
👤
👤
👤
👤
на 11.06
🌟
FORD EcoSport 10/21г.
🚙
✨
1️⃣
🤩
🔤
3️⃣
🔤
🔤
🔤
*
🔹
комплектация
SE
🔹
Пробег:
61700ml
👍
🔹
Двигатель:
1,0l, на 123HP
🐎
💨
🔹
Коробка:
АКПП-6
🔹
Привод:
передний FWD
🔹
Безопасность: ""
90% завод
""
🛡
🔹
Салон
надежный текстиль
🛋
,
2 ключа
🔺
🔹
Повреждения
""незначительные""
📜
История автомобиля
👇
MAJ3S2GE3MC446674
⚖️
🛎
Торги 11.06.2026г.
+- 2500
😀
(расчетная ставка)
Цена в России (с ремонтом) под
🔧
+- 1,18 млн. руб.
*
стоимость автомобиля, с учётом таможенных платежей в размере 138тыс.руб.
🔎
0-44935000
расчёт 06.06.2026г.
💵
77
https://max.ru/c/-71046904611051/AZ6cMB9hO9M"
2636,https://t.me/AutoWorld_Georgia/2636,2026-06-06T10:48:07+00:00,США,на,,2006,1LT,35200ml,"1,4l, на 155HP",155.0,,АКПП-6,полный AWD,"""",комбинированный,"""незначительные""",KL7CJPSM0NB523028,10.06.2026,,1400000,,,06.06.2026,https://storage.yandexcloud.net/viiversion-auto-sale-media/cars/autoworld-2636/main-1790168562103-main-1-d3112529.jpg | https://storage.yandexcloud.net/viiversion-auto-sale-media/cars/autoworld-2636/other-1790168563319-other-2-faf30059.jpg | https://storage.yandexcloud.net/viiversion-auto-sale-media/cars/autoworld-2636/other-1790168564657-other-3-c8c376cf.jpg | https://storage.yandexcloud.net/viiversion-auto-sale-media/cars/autoworld-2636/other-1790168565994-other-4-d0b4d9f9.jpg | https://storage.yandexcloud.net/viiversion-auto-sale-media/cars/autoworld-2636/other-1790168567507-other-5-91af98c9.jpg | https://storage.yandexcloud.net/viiversion-auto-sale-media/cars/autoworld-2636/other-1790168568896-other-6-dae12bb3.jpg | https://storage.yandexcloud.net/viiversion-auto-sale-media/cars/autoworld-2636/other-1790168569889-other-7-4b2b0643.jpg | https://storage.yandexcloud.net/viiversion-auto-sale-media/cars/autoworld-2636/other-1790168570771-other-8-6879aad2.jpg | https://storage.yandexcloud.net/viiversion-auto-sale-media/cars/autoworld-2636/other-1790168571677-other-9-c001dfb3.jpg | https://storage.yandexcloud.net/viiversion-auto-sale-media/cars/autoworld-2636/other-1790168572888-other-10-c99ef279.jpg,"👤
👤
👤
👤
👤
👤
👤
на 10.06
🌟
Chevrolet Trax 02/22г.
🚙
✨
1️⃣
🤩
2️⃣
3️⃣
🔤
🔤
🔤
*
🔹
комплектация
1LT
🔹
Пробег:
35200ml
👍
🔹
Двигатель:
1,4l, на 155HP
🐎
💨
🔹
Коробка:
АКПП-6
🔹
Привод:
полный AWD
🔹
Безопасность: ""
90% завод
""
🛡
🔹
Салон
комбинированный
🛋
электропривод
🔹
Повреждения
""незначительные""
📜
История автомобиля
👇
KL7CJPSM0NB523028
⚖️
🛎
Торги 10.06.2026г.
+- 4000
😀
(расчетная ставка)
Цена в России (с ремонтом) под
🔧
+- 1,4 млн. руб.
*
стоимость автомобиля,
с учётом таможенных платежей
в размере
214тыс.руб.
🔎
1-47892886
расчёт 06.06.2026г.
💵
77
https://max.ru/c/-71046904611051/AZ6cjql5BtM"
2646,https://t.me/AutoWorld_Georgia/2646,2026-06-06T11:22:10+00:00,Грузия,Chevrolet,Trax,2022,1LT,35500ml,1.4l на 155HP,155.0,,АКПП-6,полный,"""",комбинированный,,KL7CJPSM6NB561752,,,,,,06.06.2026,https://storage.yandexcloud.net/viiversion-auto-sale-media/cars/autoworld-2646/main-1790168573918-main-1-ecdf2126.jpg | https://storage.yandexcloud.net/viiversion-auto-sale-media/cars/autoworld-2646/other-1790168574797-other-2-51ce30c4.jpg | https://storage.yandexcloud.net/viiversion-auto-sale-media/cars/autoworld-2646/other-1790168575687-other-3-4b5abd5d.jpg | https://storage.yandexcloud.net/viiversion-auto-sale-media/cars/autoworld-2646/other-1790168576560-other-4-eae2a8c7.jpg | https://storage.yandexcloud.net/viiversion-auto-sale-media/cars/autoworld-2646/other-1790168577462-other-5-59fe1e27.jpg | https://storage.yandexcloud.net/viiversion-auto-sale-media/cars/autoworld-2646/other-1790168578370-other-6-036b1235.jpg | https://storage.yandexcloud.net/viiversion-auto-sale-media/cars/autoworld-2646/other-1790168579257-other-7-21287db8.jpg | https://storage.yandexcloud.net/viiversion-auto-sale-media/cars/autoworld-2646/other-1790168580148-other-8-137d4e0d.jpg | https://storage.yandexcloud.net/viiversion-auto-sale-media/cars/autoworld-2646/other-1790168581063-other-9-77085f47.jpg | https://storage.yandexcloud.net/viiversion-auto-sale-media/cars/autoworld-2646/other-1790168581536-other-10-c5c361c6.jpg,"🤩
🤩
🤩
🤩
🤩
🤩
до
1⃣
6⃣
0⃣
🌟
Chevrolet Trax 10/22г.
🚗
✨
1️⃣
🤩
5️⃣
7️⃣
🔤
🔤
🔤
🔹
комплектация
1LT
🔹
Пробег:
35500ml
👍
🔹
Двигатель:
1.4l на 155HP
🐎
💨
🔹
Коробка:
АКПП-6
🔹
Привод: полный
AWD
🔹
Безопасность ""
завод
""
🛡
🔹
Салон комбинированный
🛋
📜
История автомобиля
👇
KL7CJPSM6NB561752
🔎
49MA0781221
расчёт 06.06.2026г.
💵
77
https://max.ru/c/-71046904611051/AZ6crSbIHOw"
2655,https://t.me/AutoWorld_Georgia/2655,2026-06-06T20:06:32+00:00,США,на,,2006,LE,26000ml,"1,8l, на 149HP",149.0,,CVT,передний FWD,"""",кожа,"""незначительные""",JTDKAMFU3N3189689,08.06.2026,,2000000,,,06.06.2026,https://storage.yandexcloud.net/viiversion-auto-sale-media/cars/autoworld-2655/main-1790168582950-main-1-c2b6a436.jpg | https://storage.yandexcloud.net/viiversion-auto-sale-media/cars/autoworld-2655/other-1790168584323-other-2-c598a21a.jpg | https://storage.yandexcloud.net/viiversion-auto-sale-media/cars/autoworld-2655/other-1790168585658-other-3-38a48175.jpg | https://storage.yandexcloud.net/viiversion-auto-sale-media/cars/autoworld-2655/other-1790168586988-other-4-91da4b44.jpg | https://storage.yandexcloud.net/viiversion-auto-sale-media/cars/autoworld-2655/other-1790168588002-other-5-cef9ece8.jpg | https://storage.yandexcloud.net/viiversion-auto-sale-media/cars/autoworld-2655/other-1790168589268-other-6-28e88fbc.jpg | https://storage.yandexcloud.net/viiversion-auto-sale-media/cars/autoworld-2655/other-1790168589976-other-7-1b5a8bbf.jpg | https://storage.yandexcloud.net/viiversion-auto-sale-media/cars/autoworld-2655/other-1790168590863-other-8-57962075.jpg | https://storage.yandexcloud.net/viiversion-auto-sale-media/cars/autoworld-2655/other-1790168591743-other-9-1983fc1b.jpg | https://storage.yandexcloud.net/viiversion-auto-sale-media/cars/autoworld-2655/other-1790168593049-other-10-0f4a6b0d.jpg,"👤
👤
👤
👤
👤
👤
👤
на 08.06
🌟
Toyota Prius 11/22г.
🚙
✨
1️⃣
🤩
7️⃣
5️⃣
🔤
🔤
🔤
*
🔹
комплектация
LE
🔹
Пробег:
26000ml
👍
🔹
Двигатель:
1,8l, на 149HP
🐎
💨
🔹
Коробка:
CVT
🔹
Привод:
передний FWD
🔹
Безопасность: ""
90% завод
""
🛡
🔹
Салон
кожа
🛋
🔹
Повреждения
""незначительные""
📜
История автомобиля
👇
JTDKAMFU3N3189689
⚖️
🛎
Торги 08.06.2026г.
+- 8000
😀
(расчетная ставка)
Цена в России (с ремонтом) под
🔧
+- 2,0 млн. руб.
*
стоимость автомобиля,
с учётом таможенных платежей
в размере
396тыс.руб.
🔎
1-54654746
расчёт 06.06.2026г.
💵
77
https://max.ru/c/-71046904611051/AZ6ejzuFTPs"
2665,https://t.me/AutoWorld_Georgia/2665,2026-06-07T15:24:01+00:00,США,на,,2006,Base,23500ml,"2.0l, на 152HP",152.0,,CVT,полный АWD,"""",надежный текстиль,"""ГРАД""",4S3GKAB64N3608898,09.06.2026,,1750000,,,07.06.2026,https://storage.yandexcloud.net/viiversion-auto-sale-media/cars/autoworld-2665/main-1790168594016-main-1-ce44bddc.jpg | https://storage.yandexcloud.net/viiversion-auto-sale-media/cars/autoworld-2665/other-1790168594977-other-2-5dcf00d2.jpg | https://storage.yandexcloud.net/viiversion-auto-sale-media/cars/autoworld-2665/other-1790168595933-other-3-4fa81869.jpg | https://storage.yandexcloud.net/viiversion-auto-sale-media/cars/autoworld-2665/other-1790168596889-other-4-5a83346d.jpg | https://storage.yandexcloud.net/viiversion-auto-sale-media/cars/autoworld-2665/other-1790168597833-other-5-3ff0ed91.jpg | https://storage.yandexcloud.net/viiversion-auto-sale-media/cars/autoworld-2665/other-1790168598709-other-6-1d34a657.jpg | https://storage.yandexcloud.net/viiversion-auto-sale-media/cars/autoworld-2665/other-1790168599685-other-7-629b545e.jpg | https://storage.yandexcloud.net/viiversion-auto-sale-media/cars/autoworld-2665/other-1790168600585-other-8-05f88af0.jpg | https://storage.yandexcloud.net/viiversion-auto-sale-media/cars/autoworld-2665/other-1790168601413-other-9-451f78a9.jpg | https://storage.yandexcloud.net/viiversion-auto-sale-media/cars/autoworld-2665/other-1790168602361-other-10-f8eacaa5.jpg,"👤
👤
👤
👤
👤
👤
👤
на 09.06
🌟
Subaru Impreza 05/22г.
🚙
✨
1️⃣
🤩
6️⃣
5️⃣
🔤
🔤
🔤
*
🔹
комплектация
Base
🔹
Пробег:
23500ml
👍
🔹
Двигатель:
2.0l, на 152HP
🐎
💨
🔹
Коробка:
CVT
🔹
Привод:
полный АWD
🔹
Безопасность: ""
завод
""
🛡
🔹
Салон
надежный текстиль
🛋
🔹
Повреждения
""ГРАД""
📜
История автомобиля
👇
4S3GKAB64N3608898
⚖️
🛎
Торги 09.06.2026г.
+- 5500
😀
(расчетная ставка)
Цена в России (с ремонтом) под
🔧
+- 1,75 млн. руб.
*
стоимость автомобиля,
с учётом таможенных платежей
в размере
475тыс.руб.
🔎
0-45157465
расчёт 07.06.2026г.
💵
77
https://max.ru/c/-71046904611051/AZ6itADtSTw"
2675,https://t.me/AutoWorld_Georgia/2675,2026-06-07T16:25:23+00:00,США,на,,2006,Sport,30800ml,"2.0l, на 152HP",152.0,,РКПП,полный АWD,"""",надежный текстиль,"""ГРАД""",4S3GTAJ69N1723507,10.06.2026,,1700000,,,06.06.2026,https://storage.yandexcloud.net/viiversion-auto-sale-media/cars/autoworld-2675/main-1790168603517-main-1-35fdf739.jpg | https://storage.yandexcloud.net/viiversion-auto-sale-media/cars/autoworld-2675/other-1790168604665-other-2-a28f4f5c.jpg | https://storage.yandexcloud.net/viiversion-auto-sale-media/cars/autoworld-2675/other-1790168605801-other-3-14e35689.jpg | https://storage.yandexcloud.net/viiversion-auto-sale-media/cars/autoworld-2675/other-1790168606703-other-4-740c4174.jpg | https://storage.yandexcloud.net/viiversion-auto-sale-media/cars/autoworld-2675/other-1790168607358-other-5-45a3e02b.jpg | https://storage.yandexcloud.net/viiversion-auto-sale-media/cars/autoworld-2675/other-1790168608193-other-6-0584d732.jpg | https://storage.yandexcloud.net/viiversion-auto-sale-media/cars/autoworld-2675/other-1790168609149-other-7-45f6e8b5.jpg | https://storage.yandexcloud.net/viiversion-auto-sale-media/cars/autoworld-2675/other-1790168610285-other-8-9830dd01.jpg | https://storage.yandexcloud.net/viiversion-auto-sale-media/cars/autoworld-2675/other-1790168611254-other-9-a9e13930.jpg | https://storage.yandexcloud.net/viiversion-auto-sale-media/cars/autoworld-2675/other-1790168612205-other-10-523d90df.jpg,"👤
👤
👤
👤
👤
👤
👤
на 10.06
🌟
Subaru Impreza 05/22г.
🚙
✨
1️⃣
🤩
6️⃣
🔤
🔤
🔤
*
🔹
комплектация
Sport
🔹
Пробег:
30800ml
👍
🔹
Двигатель:
2.0l, на 152HP
🐎
💨
🔹
Коробка:
РКПП
♦️
🔹
Привод:
полный АWD
🔹
Безопасность: ""
завод
""
🛡
🔹
Салон
надежный текстиль
🛋
🔹
Повреждения
""ГРАД""
📜
История автомобиля
👇
4S3GTAJ69N1723507
⚖️
🛎
Торги 10.06.2026г.
+- 5000
😀
(расчетная ставка)
Цена в России (с ремонтом) под
🔧
+- 1,7 млн. руб.
*
стоимость автомобиля,
с учётом таможенных платежей
в размере
475тыс.руб.
🔎
0-45258431
расчёт 06.06.2026г.
💵
77
https://max.ru/c/-71046904611051/AZ6i6sdFFAQ"
2685,https://t.me/AutoWorld_Georgia/2685,2026-06-07T17:35:40+00:00,США,на,,2006,XLT,30400ml,"6.7l, на 475HP",475.0,,AКПП-10,полный АWD,"""",надежный текстиль,"""механич.""",1FT8W3BT6SED72720,08.06.2026,,6430000,,,06.06.2026,https://storage.yandexcloud.net/viiversion-auto-sale-media/cars/autoworld-2685/main-1790168613719-main-1-cebbe3cd.jpg | https://storage.yandexcloud.net/viiversion-auto-sale-media/cars/autoworld-2685/other-1790168615072-other-2-ca415ddf.jpg | https://storage.yandexcloud.net/viiversion-auto-sale-media/cars/autoworld-2685/other-1790168616291-other-3-5bff8668.jpg | https://storage.yandexcloud.net/viiversion-auto-sale-media/cars/autoworld-2685/other-1790168617630-other-4-79be8bb0.jpg | https://storage.yandexcloud.net/viiversion-auto-sale-media/cars/autoworld-2685/other-1790168619030-other-5-a467331c.jpg | https://storage.yandexcloud.net/viiversion-auto-sale-media/cars/autoworld-2685/other-1790168620222-other-6-724299a0.jpg | https://storage.yandexcloud.net/viiversion-auto-sale-media/cars/autoworld-2685/other-1790168621252-other-7-298a06a5.jpg | https://storage.yandexcloud.net/viiversion-auto-sale-media/cars/autoworld-2685/other-1790168622160-other-8-026131e2.jpg | https://storage.yandexcloud.net/viiversion-auto-sale-media/cars/autoworld-2685/other-1790168622864-other-9-d15680a3.jpg | https://storage.yandexcloud.net/viiversion-auto-sale-media/cars/autoworld-2685/other-1790168624066-other-10-9a872491.jpg,"👤
👤
👤
👤
👤
👤
👤
на 08.06
🌟
FORD F350 Super Duty 05/25г.
🚙
✨
6️⃣
🤩
1️⃣
3️⃣
🔤
🔤
🔤
*
🔹
комплектация
XLT
🔹
Пробег:
30400ml
👍
🔹
Двигатель:
6.7l, на 475HP
🐎
💨
🔹
Коробка:
AКПП-10
♦️
🔹
Привод:
полный АWD
🔹
Безопасность: ""
завод
""
🛡
🔹
Салон
надежный текстиль
🛋
🔹
Повреждения
""механич.""
📜
История автомобиля
👇
1FT8W3BT6SED72720
⚖️
🛎
Торги 08.06.2026г.
+- 35000
😀
(расчетная ставка)
Цена в России (с ремонтом) под
🔧
+- 6,43 млн. руб.
*
стоимость автомобиля,
с учётом таможенных платежей
в размере
2300тыс.руб.
🔎
1-54961826
расчёт 06.06.2026г.
💵
77
https://max.ru/c/-71046904611051/AZ6jK6aQfbM"
2695,https://t.me/AutoWorld_Georgia/2695,2026-06-07T19:22:31+00:00,США,на,,2006,,28100ml,"2,0l, на 255HP",255.0,,AКПП-9,полный 4MATIC,"""",кожа,"""",4JGFB4FB1SB479133,08.06.2026,,,,,07.06.2026,https://storage.yandexcloud.net/viiversion-auto-sale-media/cars/autoworld-2695/main-1790168625082-main-1-c9b9e640.jpg | https://storage.yandexcloud.net/viiversion-auto-sale-media/cars/autoworld-2695/other-1790168625827-other-2-55ca104c.jpg | https://storage.yandexcloud.net/viiversion-auto-sale-media/cars/autoworld-2695/other-1790168626443-other-3-be8336cb.jpg | https://storage.yandexcloud.net/viiversion-auto-sale-media/cars/autoworld-2695/other-1790168627129-other-4-9381bb2c.jpg | https://storage.yandexcloud.net/viiversion-auto-sale-media/cars/autoworld-2695/other-1790168627761-other-5-63a56848.jpg | https://storage.yandexcloud.net/viiversion-auto-sale-media/cars/autoworld-2695/other-1790168628396-other-6-3a629e4d.jpg | https://storage.yandexcloud.net/viiversion-auto-sale-media/cars/autoworld-2695/other-1790168628982-other-7-14e5a372.jpg | https://storage.yandexcloud.net/viiversion-auto-sale-media/cars/autoworld-2695/other-1790168629648-other-8-c6e63557.jpg | https://storage.yandexcloud.net/viiversion-auto-sale-media/cars/autoworld-2695/other-1790168630228-other-9-6deecf20.jpg | https://storage.yandexcloud.net/viiversion-auto-sale-media/cars/autoworld-2695/other-1790168630836-other-10-8a1d671a.jpg,"👤
👤
👤
👤
👤
👤
👤
на 08.06
🌟
Mercedes-Benz GLE 350 2025г.
🚙
✨
7️⃣
🤩
8️⃣
4️⃣
🔤
🔤
🔤
*
🔹
Пробег:
28100ml
👍
🔹
Двигатель:
2,0l, на 255HP
🐎
💨
🔹
Коробка:
AКПП-9
🔹
Привод:
полный 4MATIC
🔹
Безопасность: ""
завод
""
🛡
🔹
Салон
кожа
🛋
🔹
Повреждения ""
ЦЕЛЫЙ
""
🔺
(автомобиль с MANHEIM)
📜
История автомобиля
4JGFB4FB1SB479133
⚖️
🛎
Торги 08.06.2026г.
BUY NOW
♦️
4⃣
9⃣
5⃣
1⃣
1⃣
😀
*
стоимость автомобиля,
с учётом таможенных платежей
в размере
3000 тыс.руб.
🔎
0406AK2356
расчёт 07.06.2026г.
💵
77"
2704,https://t.me/AutoWorld_Georgia/2704,2026-06-08T06:05:21+00:00,Грузия,Buick,Encore GX,2022,Select,35500ml,1.3l на 155HP,155.0,,CVT,передний  FWD,"""90% завод""",комбинированный,,KL4MMDSL3PB079287,,,,,,08.06.2026,https://storage.yandexcloud.net/viiversion-auto-sale-media/cars/autoworld-2704/main-1790168632019-main-1-4efbe486.jpg | https://storage.yandexcloud.net/viiversion-auto-sale-media/cars/autoworld-2704/other-1790168633244-other-2-cf4512a6.jpg | https://storage.yandexcloud.net/viiversion-auto-sale-media/cars/autoworld-2704/other-1790168634308-other-3-f5aaa57a.jpg | https://storage.yandexcloud.net/viiversion-auto-sale-media/cars/autoworld-2704/other-1790168635188-other-4-cc5d054e.jpg | https://storage.yandexcloud.net/viiversion-auto-sale-media/cars/autoworld-2704/other-1790168635817-other-5-ca10658b.jpg | https://storage.yandexcloud.net/viiversion-auto-sale-media/cars/autoworld-2704/other-1790168636682-other-6-7647e474.jpg | https://storage.yandexcloud.net/viiversion-auto-sale-media/cars/autoworld-2704/other-1790168637570-other-7-51879333.jpg | https://storage.yandexcloud.net/viiversion-auto-sale-media/cars/autoworld-2704/other-1790168638453-other-8-3047084a.jpg | https://storage.yandexcloud.net/viiversion-auto-sale-media/cars/autoworld-2704/other-1790168639703-other-9-bd161c47.jpg | https://storage.yandexcloud.net/viiversion-auto-sale-media/cars/autoworld-2704/other-1790168640357-other-10-a8acb2dc.jpg,"🤩
🤩
🤩
🤩
🤩
🤩
до
1⃣
6⃣
🤩
🌟
Buick Encore GX 11/22г.
🚗
✨
1️⃣
🤩
7️⃣
7️⃣
🔤
🔤
🔤
🔹
комплектация
Select
🔹
Пробег:  35500ml
👍
🔹
Двигатель: 1.3l на 155HP
🐎
💨
🔹
Коробка: CVT
🔹
Привод: передний  FWD
🔹
Безопасность ""90% завод""
🛡
🔹
Салон комбинированный
🛋
📜
История автомобиля
👇
KL4MMDSL3PB079287
🔎
0706АИА0937
расчёт 08.06.2026г.
💵
77"
2713,https://t.me/AutoWorld_Georgia/2713,2026-06-08T11:35:13+00:00,США,на,,2006,SE,25400ml,"1,5L на 152HP",152.0,,CVT,полный АWD,"""",кожа,"""незначительные""",JA4ATWAA2PZ049786,09.06.2026,,2000000,,,08.06.2026,https://storage.yandexcloud.net/viiversion-auto-sale-media/cars/autoworld-2713/main-1790168642224-main-1-3d8243c6.jpg | https://storage.yandexcloud.net/viiversion-auto-sale-media/cars/autoworld-2713/other-1790168643572-other-2-8663df94.jpg | https://storage.yandexcloud.net/viiversion-auto-sale-media/cars/autoworld-2713/other-1790168645096-other-3-f20336f4.jpg | https://storage.yandexcloud.net/viiversion-auto-sale-media/cars/autoworld-2713/other-1790168646838-other-4-fb7aefda.jpg | https://storage.yandexcloud.net/viiversion-auto-sale-media/cars/autoworld-2713/other-1790168648512-other-5-f85c25f3.jpg | https://storage.yandexcloud.net/viiversion-auto-sale-media/cars/autoworld-2713/other-1790168649759-other-6-7e1bf82f.jpg | https://storage.yandexcloud.net/viiversion-auto-sale-media/cars/autoworld-2713/other-1790168650970-other-7-a887252f.jpg | https://storage.yandexcloud.net/viiversion-auto-sale-media/cars/autoworld-2713/other-1790168651982-other-8-8dbf3db2.jpg | https://storage.yandexcloud.net/viiversion-auto-sale-media/cars/autoworld-2713/other-1790168652865-other-9-a12f2e10.jpg | https://storage.yandexcloud.net/viiversion-auto-sale-media/cars/autoworld-2713/other-1790168654191-other-10-b8e5e6fd.jpg,"👤
👤
👤
👤
👤
👤
👤
на 09.06
🌟
Mitsubishi Eclipse 03/23г.
🚙
✨
1️⃣
🤩
8️⃣
7️⃣
🔤
🔤
🔤
*
🔹
комплектация
SE
🔹
Пробег:
25400ml
👍
🔹
Двигатель:
1,5L на 152HP
🐎
💨
🔹
Коробка:
CVT
🔹
Привод:
полный АWD
🔹
Безопасность: ""
90% завод
""
🛡
🔹
Салон
кожа
🛋
🔹
Повреждения
""незначительные""
📜
История автомобиля
👇
JA4ATWAA2PZ049786
⚖️
🛎
Торги 09.06.2026г.
+- 11000
😀
(расчетная ставка)
Цена в России (с ремонтом) под
🔧
+- 2.0 млн. руб.
*
стоимость автомобиля,
с учётом таможенных платежей
в размере
230тыс.руб.
🔎
1-51207186
расчёт 08.06.2026г.
💵
77
https://max.ru/c/-71046904611051/AZ6nBtSWNP8"
2724,https://t.me/AutoWorld_Georgia/2724,2026-06-09T09:46:13+00:00,США,на,,2006,XLT,30400ml,"6.7l, на 475HP",475.0,,AКПП-10,полный АWD,"""завод""",надежный текстиль,…,,,,,,,,https://storage.yandexcloud.net/viiversion-auto-sale-media/cars/autoworld-2724/main-1790168654792-main-1-e79ad4e2.jpg,"👤
👤
👤
👤
👤
👤
👤
на 08.06
🌟
FORD F350 Super Duty 05/25г.
🚙
✨
6️⃣
🤩
1️⃣
3️⃣
🔤
🔤
🔤
*
🔹
комплектация XLT
🔹
Пробег: 30400ml
👍
🔹
Двигатель: 6.7l, на 475HP
🐎
💨
🔹
Коробка: AКПП-10
♦️
🔹
Привод: полный АWD
🔹
Безопасность: ""завод""
🛡
🔹
Салон надежный текстиль
🛋
🔹
Повреждения…"
2725,https://t.me/AutoWorld_Georgia/2725,2026-06-09T09:48:13+00:00,США,на,,2006,LE,26000ml,"1,8l, на 149HP",149.0,,CVT,передний FWD,"""90% завод""",кожа,"""незначительные""…",,,,,,,,https://storage.yandexcloud.net/viiversion-auto-sale-media/cars/autoworld-2725/main-1790168655476-main-1-b6c7acb8.jpg,"👤
👤
👤
👤
👤
👤
👤
на 08.06
🌟
Toyota Prius 11/22г.
🚙
✨
1️⃣
🤩
7️⃣
5️⃣
🔤
🔤
🔤
*
🔹
комплектация LE
🔹
Пробег: 26000ml
👍
🔹
Двигатель: 1,8l, на 149HP
🐎
💨
🔹
Коробка: CVT
🔹
Привод: передний FWD
🔹
Безопасность: ""90% завод""
🛡
🔹
Салон кожа
🛋
🔹
Повреждения ""незначительные""…"
2726,https://t.me/AutoWorld_Georgia/2726,2026-06-09T12:05:16+00:00,США,на,,2006,,30900ml,"3,0l, на 429HP",429.0,,AКПП-9,полный 4MATIC,"""",кожа,"""",4JGFD6BBXRB088424,11.06.2026,,10500000,,,09.06.2026,https://storage.yandexcloud.net/viiversion-auto-sale-media/cars/autoworld-2726/main-1790168657017-main-1-fc0d0061.jpg | https://storage.yandexcloud.net/viiversion-auto-sale-media/cars/autoworld-2726/other-1790168658422-other-2-afd82b9b.jpg | https://storage.yandexcloud.net/viiversion-auto-sale-media/cars/autoworld-2726/other-1790168659756-other-3-a8ff4937.jpg | https://storage.yandexcloud.net/viiversion-auto-sale-media/cars/autoworld-2726/other-1790168661123-other-4-746372b5.jpg | https://storage.yandexcloud.net/viiversion-auto-sale-media/cars/autoworld-2726/other-1790168662451-other-5-4f136e39.jpg | https://storage.yandexcloud.net/viiversion-auto-sale-media/cars/autoworld-2726/other-1790168663504-other-6-5eb3fc50.jpg | https://storage.yandexcloud.net/viiversion-auto-sale-media/cars/autoworld-2726/other-1790168664699-other-7-fb167777.jpg | https://storage.yandexcloud.net/viiversion-auto-sale-media/cars/autoworld-2726/other-1790168665904-other-8-7155161c.jpg | https://storage.yandexcloud.net/viiversion-auto-sale-media/cars/autoworld-2726/other-1790168666933-other-9-16f1418e.jpg | https://storage.yandexcloud.net/viiversion-auto-sale-media/cars/autoworld-2726/other-1790168667413-other-10-c2fb3c55.jpg,"👤
👤
👤
👤
👤
👤
👤
на 11.06
🌟
Mercedes-Benz GLE Coupe 09/23г.
🚙
✨
1️⃣
🔤
🤩
3️⃣
4️⃣
🔤
🔤
🔤
*
🔹
Пробег:
30900ml
👍
🔹
Двигатель:
3,0l, на 429HP
🐎
💨
🔹
Коробка:
AКПП-9
🔹
Привод:
полный 4MATIC
🔹
Безопасность: ""
завод
""
🛡
🔹
Салон
кожа
🛋
🔹
Повреждения ""
спереди
""
📜
История автомобиля
4JGFD6BBXRB088424
⚖️
🛎
Торги 11.06.2026г.
+- 55000
😀
(расчетная ставка)
Цена в России (с ремонтом) под
🔧
+- 10.5 млн. руб.
*
стоимость автомобиля,
с учётом таможенных платежей
в размере
5120 тыс.руб.
🔎
1-56791666
расчёт 09.06.2026г.
💵
76
https://max.ru/c/-71046904611051/AZ6sSEkKKfM"
2735,https://t.me/AutoWorld_Georgia/2735,2026-06-11T07:23:54+00:00,США,Toyota,Prius,2022,Nightshade,23800ml,"Hibrid1,8l на 96HP",96.0,,CVT,передний FWD,"""завод",кожа,"""сзади""",JTDKAMFUXN3168516,15.06.2026,,2000000,,,11.06.2026,https://storage.yandexcloud.net/viiversion-auto-sale-media/cars/autoworld-2735/main-1790168668922-main-1-755a7944.jpg | https://storage.yandexcloud.net/viiversion-auto-sale-media/cars/autoworld-2735/other-1790168670294-other-2-8acbaac6.jpg | https://storage.yandexcloud.net/viiversion-auto-sale-media/cars/autoworld-2735/other-1790168671662-other-3-a02cbcc0.jpg | https://storage.yandexcloud.net/viiversion-auto-sale-media/cars/autoworld-2735/other-1790168672725-other-4-70528940.jpg | https://storage.yandexcloud.net/viiversion-auto-sale-media/cars/autoworld-2735/other-1790168673954-other-5-dc533044.jpg | https://storage.yandexcloud.net/viiversion-auto-sale-media/cars/autoworld-2735/other-1790168675277-other-6-351de0e7.jpg | https://storage.yandexcloud.net/viiversion-auto-sale-media/cars/autoworld-2735/other-1790168676309-other-7-43f136c6.jpg | https://storage.yandexcloud.net/viiversion-auto-sale-media/cars/autoworld-2735/other-1790168677350-other-8-ff254fde.jpg | https://storage.yandexcloud.net/viiversion-auto-sale-media/cars/autoworld-2735/other-1790168678281-other-9-217da2d2.jpg | https://storage.yandexcloud.net/viiversion-auto-sale-media/cars/autoworld-2735/other-1790168679490-other-10-de1953cc.jpg,"👤
👤
👤
👤
👤
👤
👤
на 15.06
🌟
Toyota Prius 01/22г.
🚙
✨
1️⃣
🤩
7️⃣
6️⃣
🔤
🔤
🔤
*
🔹
комплектация
Nightshade
🔹
Пробег:
23800ml
👍
🔹
Двигатель:
Hibrid1,8l на 96HP
🐎
💨
🔹
Коробка:
CVT
🔹
Привод:
передний FWD
🔹
Безопасность:
""завод
""
🛡
🔹
Салон
кожа
🛋
🔹
Повреждения
""сзади""
📜
История автомобиля
👇
JTDKAMFUXN3168516
⚖️
🛎
Торги 15.06.2026г.
+- 8000
😀
(расчетная ставка)
Цена в России (с ремонтом) под
🔧
+- 2,0 млн. руб.
*
стоимость автомобиля,
с учётом таможенных платежей
в размере
385тыс.руб.
🔎
1-52475016
расчёт 11.06.2026г.
💵
76
https://max.ru/c/-71046904611051/AZ61kyP9EVc"
2745,https://t.me/AutoWorld_Georgia/2745,2026-06-11T08:14:56+00:00,США,Toyota,Prius,2021,XLE AWD-E,40200ml,"Hibrid1,8l на 96HP",96.0,"топлива 3,5л",CVT,полный AWD,"""завод",кожа,"""сзади""",JTDL9MFU4N3035196,18.06.2026,,2049999,,,11.06.2026,https://storage.yandexcloud.net/viiversion-auto-sale-media/cars/autoworld-2745/main-1790168680508-main-1-51ce9aa1.jpg | https://storage.yandexcloud.net/viiversion-auto-sale-media/cars/autoworld-2745/other-1790168681405-other-2-097478f4.jpg | https://storage.yandexcloud.net/viiversion-auto-sale-media/cars/autoworld-2745/other-1790168682737-other-4-98010363.jpg | https://storage.yandexcloud.net/viiversion-auto-sale-media/cars/autoworld-2745/other-1790168683752-other-5-884fe88b.jpg | https://storage.yandexcloud.net/viiversion-auto-sale-media/cars/autoworld-2745/other-1790168684644-other-6-18005635.jpg | https://storage.yandexcloud.net/viiversion-auto-sale-media/cars/autoworld-2745/other-1790168685869-other-7-cc754f7b.jpg | https://storage.yandexcloud.net/viiversion-auto-sale-media/cars/autoworld-2745/other-1790168687000-other-8-a67198c5.jpg | https://storage.yandexcloud.net/viiversion-auto-sale-media/cars/autoworld-2745/other-1790168688036-other-9-5117ae45.jpg | https://storage.yandexcloud.net/viiversion-auto-sale-media/cars/autoworld-2745/other-1790168688901-other-10-93f91e08.jpg,"👤
👤
👤
👤
👤
👤
👤
на 18.06
🌟
Toyota Prius 12/21г.
🚙
✨
1️⃣
🤩
8️⃣
5️⃣
🔤
🔤
🔤
*
🔹
комплектация
XLE AWD-E
🔹
Пробег:
40200ml
👍
🔹
Двигатель:
Hibrid1,8l на 96HP
🐎
💨
🔹
Коробка:
CVT
🔹
Привод:
полный AWD
🔹
Безопасность:
""завод
""
🛡
🔹
Салон
кожа
🛋
🔹
2 ключа
❗️
расход топлива 3,5л
‼️
🔹
Повреждения
""сзади""
📜
История автомобиля
👇
JTDL9MFU4N3035196
⚖️
🛎
Торги 18.06.2026г.
+- 8000
😀
(расчетная ставка)
Цена в России (с ремонтом) под
🔧
+- 2,05 млн. руб.
*
стоимость автомобиля,
с учётом таможенных платежей
в размере
385тыс.руб.
🔎
0-44239579
расчёт 11.06.2026г.
💵
76
https://max.ru/c/-71046904611051/AZ61wm50CLg"
2755,https://t.me/AutoWorld_Georgia/2755,2026-06-11T09:07:46+00:00,США,на,,2006,LE,16600ml,"1,8l на 139HP",139.0,,CVT,передний FWD,"""завод",текстиль,"""сзади""",5YFEPMAE7NP389221,11.06.2026,,1800000,,,11.06.2026,https://storage.yandexcloud.net/viiversion-auto-sale-media/cars/autoworld-2755/main-1790168690363-main-1-c7845574.jpg | https://storage.yandexcloud.net/viiversion-auto-sale-media/cars/autoworld-2755/other-1790168691586-other-2-ff62bf73.jpg | https://storage.yandexcloud.net/viiversion-auto-sale-media/cars/autoworld-2755/other-1790168692953-other-3-ba5e2e42.jpg | https://storage.yandexcloud.net/viiversion-auto-sale-media/cars/autoworld-2755/other-1790168694312-other-4-add4e734.jpg | https://storage.yandexcloud.net/viiversion-auto-sale-media/cars/autoworld-2755/other-1790168695639-other-5-08fb6e69.jpg | https://storage.yandexcloud.net/viiversion-auto-sale-media/cars/autoworld-2755/other-1790168696842-other-6-7d63f043.jpg | https://storage.yandexcloud.net/viiversion-auto-sale-media/cars/autoworld-2755/other-1790168697882-other-7-f4f7ed27.jpg | https://storage.yandexcloud.net/viiversion-auto-sale-media/cars/autoworld-2755/other-1790168698762-other-8-fce3738b.jpg | https://storage.yandexcloud.net/viiversion-auto-sale-media/cars/autoworld-2755/other-1790168699649-other-9-839374a2.jpg | https://storage.yandexcloud.net/viiversion-auto-sale-media/cars/autoworld-2755/other-1790168701014-other-10-d2880c4b.jpg,"👤
👤
👤
👤
👤
👤
👤
на 11.06
🌟
Toyota Corolla 11/22г.
🚙
✨
1️⃣
🤩
6️⃣
5️⃣
🔤
🔤
🔤
*
🔹
комплектация
LE
🔹
Пробег:
16600ml
👍
🔹
Двигатель:
1,8l на 139HP
🐎
💨
🔹
Коробка:
CVT
🔹
Привод:
передний FWD
🔹
Безопасность:
""завод
""
🛡
🔹
Салон текстиль
🛋
🔹
Повреждения
""сзади""
📜
История автомобиля
👇
5YFEPMAE7NP389221
⚖️
🛎
Торги 11.06.2026г.
+- 6000
😀
(расчетная ставка)
Цена в России (с ремонтом) под
🔧
+- 1,8 млн. руб.
*
стоимость автомобиля,
с учётом таможенных платежей
в размере
385тыс.руб.
🔎
1-54175026
расчёт 11.06.2026г.
💵
76
https://max.ru/c/-71046904611051/AZ6182jGAq8"
2766,https://t.me/AutoWorld_Georgia/2766,2026-06-12T11:33:51+00:00,США,Chevrolet,Trailblazer,2023,RS,31100ml,"1,35l на 155HP",155.0,,CVT,передний FWD,"""завод",кожа,"""град""",KL79MTSL6RB081766,15.06.2026,,2049999,,,12.06.2026,https://storage.yandexcloud.net/viiversion-auto-sale-media/cars/autoworld-2766/main-1790168702395-main-1-26516223.jpg | https://storage.yandexcloud.net/viiversion-auto-sale-media/cars/autoworld-2766/other-1790168703775-other-2-f231363f.jpg | https://storage.yandexcloud.net/viiversion-auto-sale-media/cars/autoworld-2766/other-1790168705122-other-3-85da3381.jpg | https://storage.yandexcloud.net/viiversion-auto-sale-media/cars/autoworld-2766/other-1790168706447-other-4-3db7f4ae.jpg | https://storage.yandexcloud.net/viiversion-auto-sale-media/cars/autoworld-2766/other-1790168707773-other-5-fa5bfc22.jpg | https://storage.yandexcloud.net/viiversion-auto-sale-media/cars/autoworld-2766/other-1790168708802-other-6-8415c371.jpg | https://storage.yandexcloud.net/viiversion-auto-sale-media/cars/autoworld-2766/other-1790168709695-other-7-06e48d01.jpg | https://storage.yandexcloud.net/viiversion-auto-sale-media/cars/autoworld-2766/other-1790168710585-other-8-81af39eb.jpg | https://storage.yandexcloud.net/viiversion-auto-sale-media/cars/autoworld-2766/other-1790168711147-other-9-fca6c2c4.jpg | https://storage.yandexcloud.net/viiversion-auto-sale-media/cars/autoworld-2766/other-1790168712535-other-10-e3f47ad1.jpg,"👤
👤
👤
👤
👤
👤
👤
на 15.06
🌟
Chevrolet Trailblazer 10/23г.
🚙
✨
1️⃣
🤩
9️⃣
6️⃣
🔤
🔤
🔤
*
🔹
комплектация
RS
🔹
Пробег:
31100ml
👍
🔹
Двигатель:
1,35l на 155HP
🐎
💨
🔹
Коробка:
CVT
🔹
Привод:
передний FWD
🔹
Безопасность:
""завод
""
🛡
🔹
Салон кожа
🛋
🔹
Повреждения
""град""
📜
История автомобиля
👇
KL79MTSL6RB081766
⚖️
🛎
Торги 15.06.2026г.
+- 12000
😀
(расчетная ставка)
Цена в России (с ремонтом) под
🔧
+- 2.05 млн. руб.
*
стоимость автомобиля,
с учётом таможенных платежей
в размере
201тыс.руб.
🔎
1-53161246
расчёт 12.06.2026г.
💵
76
https://max.ru/c/-71046904611051/AZ67mofhVpA"
2776,https://t.me/AutoWorld_Georgia/2776,2026-06-14T07:01:44+00:00,США,Hyundai,Kona,2025,SE,3200ml,"2,0l на 147HP",147.0,,CVT,передний FWD,"""завод",текстиль,"""незначительные""",KM8HA3AB7TU352938,15.06.2026,,1960000,,45078001,14.06.2026,,"👤
👤
👤
👤
👤
👤
👤
на 15.06
🌟
Hyundai Kona 06/25г.
🚙
✨
1️⃣
🤩
8️⃣
6️⃣
🔤
🔤
🔤
*
🔹
комплектация
SE
🔹
Пробег:
3200ml
👍
🔹
Двигатель:
2,0l на 147HP
🐎
💨
🔹
Коробка:
CVT
🔹
Привод:
передний FWD
🔹
Безопасность:
""завод
""
🛡
🔹
Салон текстиль
🛋
🔹
Повреждения
""незначительные""
📜
История автомобиля
👇
KM8HA3AB7TU352938
⚖️
🛎
Торги 15.06.2026г.
+- 8000
😀
(расчетная ставка)
Цена в России (с ремонтом) под
🔧
+- 1.96 млн. руб.
*
стоимость автомобиля,
с учётом таможенных платежей
в размере
425тыс.руб.
🔎
👹
45078001
расчёт 14.06.2026г.
💵
76"
2786,https://t.me/AutoWorld_Georgia/2786,2026-06-14T07:57:53+00:00,США,Hyundai,Kona,2025,SEL,3300ml,"2,0l на 147HP",147.0,,CVT,полный AWD,"""завод",текстиль,"""сзади""",KM8HBCAB9SU319063,15.06.2026,,2080000,,51812366,14.06.2026,,"👤
👤
👤
👤
👤
👤
👤
на 15.06
🌟
Hyundai Kona 04/25г.
🚙
✨
1️⃣
🤩
8️⃣
8️⃣
🔤
🔤
🔤
*
🔹
комплектация
SEL
🔹
Пробег:
3300ml
👍
🔹
Двигатель:
2,0l на 147HP
🐎
💨
🔹
Коробка:
CVT
🔹
Привод:
полный AWD
🔹
Безопасность:
""завод
""
🛡
🔹
Салон текстиль
🛋
🔹
Повреждения
""сзади""
📜
История автомобиля
👇
KM8HBCAB9SU319063
⚖️
🛎
Торги 15.06.2026г.
+- 8500
😀
(расчетная ставка)
Цена в России (с ремонтом) под
🔧
+- 2.08 млн. руб.
*
стоимость автомобиля,
с учётом таможенных платежей
в размере
425тыс.руб.
🔎
👾
51812366
расчёт 14.06.2026г.
💵
76
https://max.ru/c/-71046904611051/AZ7FJcUpKKo"
2796,https://t.me/AutoWorld_Georgia/2796,2026-06-14T10:35:38+00:00,США,Chevrolet,Trailblazer,2023,RS,36300ml,"1,3l на 155HP",155.0,,CVT,передний FWD,"""90% завод",кожа,"""незначительные""",KL79MTSLXPB127015,19.06.2026,,1820000,,44957053,14.06.2026,,"👤
👤
👤
👤
👤
👤
👤
на 19.06
🌟
Chevrolet Trailblazer 01/23г.
🚙
✨
1️⃣
🤩
7️⃣
2️⃣
🔤
🔤
🔤
*
🔹
комплектация
RS
🔹
Пробег:
36300ml
👍
🔹
Двигатель:
1,3l на 155HP
🐎
💨
🔹
Коробка:
CVT
🔹
Привод:
передний FWD
🔹
Безопасность:
""90% завод
""
🛡
🔹
Салон кожа
🛋
🔹
Повреждения
""незначительные""
📜
История автомобиля
👇
KL79MTSLXPB127015
⚖️
🛎
Торги 19.06.2026г.
BUY NOW
♦️
9⃣
3⃣
1⃣
1⃣
😀
Цена в России (с ремонтом) под
🔧
+- 1.82 млн. руб.
*
стоимость автомобиля,
с учётом таможенных платежей
в размере
201тыс.руб.
🔎
👹
44957053
расчёт 14.06.2026г.
💵
76
https://max.ru/c/-71046904611051/AZ7FuUskegg"
2806,https://t.me/AutoWorld_Georgia/2806,2026-06-14T11:14:04+00:00,США,Chevrolet,Trailblazer,2024,LT,55000ml,"1,3l на 155HP",155.0,,АКПП-9,полный АWD,"""завод",надежный текстиль,"""незначительные""",KL79MRSL1RB150351,16.06.2026,,1910000,,45012394,14.06.2026,,"👤
👤
👤
👤
👤
👤
👤
на 16.06
🌟
Chevrolet Trailblazer 01/24г.
🚙
✨
1️⃣
🤩
8️⃣
1️⃣
🔤
🔤
🔤
*
🔹
комплектация
LT
🔹
Пробег:
55000ml
👍
🔹
Двигатель:
1,3l на 155HP
🐎
💨
🔹
Коробка:
АКПП-9
❗️
🔹
Привод:
полный АWD
🔹
Безопасность:
""завод
""
🛡
🔹
Салон надежный текстиль
🛋
🔹
Повреждения
""незначительные""
📜
История автомобиля
👇
KL79MRSL1RB150351
⚖️
🛎
Торги 16.06.2026г.
BUY NOW
♦️
8⃣
1⃣
1⃣
1⃣
😀
Цена в России (с ремонтом) под
🔧
+- 1.91 млн. руб.
*
стоимость автомобиля,
с учётом таможенных платежей
в размере
370 тыс.руб.
🔎
👹
45012394
расчёт 14.06.2026г.
💵
76"
2816,https://t.me/AutoWorld_Georgia/2816,2026-06-14T12:50:02+00:00,США,GMC,SIERRA,2024,C1500 SLT,2200ml,"5,3l, на 355HP",355.0,,AКПП-10,полный АWD,"""",кожа,"""незначительные""",1GTPHDED6SZ182831,15.06.2026,,5500000,,53467066,14.06.2026,,"👤
👤
👤
👤
👤
👤
👤
на 15.06
🌟
GMC SIERRA 12/24г.
🚙
✨
5️⃣
🤩
3️⃣
3️⃣
🔤
🔤
🔤
*
🔹
комплектация
C1500 SLT
🔹
Пробег:
2200ml
👍
🔹
Двигатель:
5,3l, на 355HP
🐎
💨
🔹
Коробка:
AКПП-10
♦️
🔹
Привод:
полный АWD
🔹
Безопасность: ""
завод
""
🛡
🔹
Салон
кожа
🛋
🔹
Повреждения
""незначительные""
📜
История автомобиля
👇
1GTPHDED6SZ182831
⚖️
🛎
Торги 15.06.2026г.
+- 30000
😀
(расчетная ставка)
Цена в России (с ремонтом) под
🔧
+- 5,5 млн. руб.
*
стоимость автомобиля,
с учётом таможенных платежей
в размере
1950тыс.руб.
🔎
👾
53467066
расчёт 14.06.2026г.
💵
76
https://max.ru/c/-71046904611051/AZ7GMl-eV4o"
2826,https://t.me/AutoWorld_Georgia/2826,2026-06-17T11:40:20+00:00,США,,,2022,BASE,42500ml,"3,0l, на 335HP",335.0,,АКПП,полный AWD,"""",кожа,"""слева""",WP1AA2AY4PDA05561,18.06.2026,,8600000,,50704226,17.06.2026,,"👤
👤
👤
👤
👤
👤
👤
на 18.06
🌟
Porsche Cayenne
11/22г.
🚙
✨
8️⃣
🤩
3️⃣
8️⃣
🔤
🔤
🔤
*
🔹
комплектация
BASE
🔹
Пробег:
42500ml
👍
🔹
Двигатель:
3,0l, на 335HP
🐎
💨
🔹
Коробка:
АКПП
🔹
Привод:
полный AWD
🔹
Безопасность: ""
завод
""
🛡
🔹
Салон
кожа
🛋
🔹
Повреждения
""слева""
📜
История автомобиля
👇
WP1AA2AY4PDA05561
⚖️
🛎
Торги 18.06.2026г.
+- 36000
😀
(расчетная ставка)
Цена в России (с ремонтом) под
🔧
+- 8,6 млн. руб.
*
стоимость автомобиля,
с учётом таможенных платежей
в размере
4,65млн.руб.
🔎
👾
50704226
расчёт 17.06.2026г.
💵
77
https://max.ru/c/-71046904611051/AZ7VYSwLMHs"
2836,https://t.me/AutoWorld_Georgia/2836,2026-06-17T12:05:05+00:00,США,,,2023,BASE,29400ml,"2,0l, на 261HP",261.0,,АКПП,полный AWD,"""",кожа,"""незначительные""",WP1AA2A5XRLB03718,18.06.2026,,5400000,,75949045,17.06.2026,,"👤
👤
👤
👤
👤
👤
👤
на 18.06
🌟
Porsche MACAN
08/23г.
🚙
✨
5️⃣
🤩
2️⃣
8️⃣
🔤
🔤
🔤
*
🔹
комплектация
BASE
🔹
Пробег:
29400ml
👍
🔹
Двигатель:
2,0l, на 261HP
🐎
💨
🔹
Коробка:
АКПП
🔹
Привод:
полный AWD
🔹
Безопасность: ""
завод
""
🛡
🔹
Салон
кожа
🛋
🔹
Повреждения
""незначительные""
📜
История автомобиля
👇
WP1AA2A5XRLB03718
⚖️
🛎
Торги 18.06.2026г.
+- 27000
😀
(расчетная ставка)
Цена в России (с ремонтом) под
🔧
+- 5,4 млн. руб.
*
стоимость автомобиля,
с учётом таможенных платежей
в размере
2,31млн.руб.
🔎
👾
75949045
расчёт 17.06.2026г.
💵
77
https://max.ru/c/-71046904611051/AZ7VevjMDRw"
2846,https://t.me/AutoWorld_Georgia/2846,2026-06-20T10:45:27+00:00,США,,,2023,Xdrive40I,37400ml,"3,0l, на 335HP",335.0,,АКПП,полный AWD,"""",кожа,"""справа""",5UXCY6C03P9R26675,24.06.2026,,9000000,,45350326,20.06.2026,,"👤
👤
👤
👤
👤
👤
👤
на 24.06
🌟
BMW X6
01/23г.
🤩
🤩
✨
8️⃣
🤩
7️⃣
3️⃣
🔤
🔤
🔤
*
🔹
комплектация
Xdrive40I
🔹
Пробег:
37400ml
👍
🔹
Двигатель:
3,0l, на 335HP
🐎
💨
🔹
Коробка:
АКПП
🔹
Привод:
полный AWD
🔹
Безопасность: ""
завод
""
🛡
🔹
Салон
кожа
🛋
🔹
Повреждения
""справа""
📜
История автомобиля
👇
5UXCY6C03P9R26675
⚖️
🛎
Торги 24.06.2026г.
BUY NOW
♦️
3⃣
8⃣
7⃣
5⃣
1⃣
😀
Цена в России (с ремонтом) под
🔧
+- 9,0 млн. руб.
*
стоимость автомобиля,
с учётом таможенных платежей
в размере
4,65млн.руб.
🔎
👹
45350326
расчёт 20.06.2026г.
💵
77
https://max.ru/c/-71046904611051/AZ7kpmCha-U"
2856,https://t.me/AutoWorld_Georgia/2856,2026-06-20T11:17:04+00:00,США,Mercedes-Benz,GLE Coupe,2023,AMG 53,39500ml,"3,0l, на 429HP",429.0,,AКПП-9,полный 4MATIC,"""",кожа,"""",4JGFD6BB8RA997834,22.06.2026,,10800000,,45212598,20.06.2026,,"👤
👤
👤
👤
👤
👤
👤
на 22.06
🌟
Mercedes-Benz GLE Coupe 05/23г.
🤩
🤩
✨
1️⃣
🔤
🤩
4️⃣
9️⃣
🔤
🔤
🔤
*
🔹
комплектация
AMG 53
🔹
Пробег:
39500ml
👍
🔹
Двигатель:
3,0l, на 429HP
🐎
💨
🔹
Коробка:
AКПП-9
🔹
Привод:
полный 4MATIC
🔹
Безопасность: ""
завод
""
🛡
🔹
Салон
кожа
🛋
🔹
Повреждения ""
справа
""
📜
История автомобиля
4JGFD6BB8RA997834
⚖️
🛎
Торги 22.06.2026г.
+- 55000
😀
(расчетная ставка)
Цена в России (с ремонтом) под
🔧
+- 10.8 млн. руб.
*
стоимость автомобиля,
с учётом таможенных платежей
в размере
5120 тыс.руб.
🔎
👹
45212598
расчёт 20.06.2026г.
💵
77
https://max.ru/c/-71046904611051/AZ7kwuA2bws"
2876,https://t.me/AutoWorld_Georgia/2876,2026-06-29T04:10:30+00:00,Грузия,KIA,FORTE,2022,LX,32600ml,"2,0l на 147HP",147.0,,CVT,передний  FWD,"""80% завод""",надёжный текстиль,,3KPF24AD2PE517783,,,,,,29.06.2026,,"🤩
🤩
🤩
🤩
🤩
🤩
до
1⃣
6⃣
🤩
🌟
KIA FORTE 07/22г.
🚗
✨
1️⃣
🤩
8️⃣
1️⃣
🔤
🔤
🔤
🔹
комплектация LX
🔹
Пробег:  32600ml
👍
🔹
Двигатель: 2,0l на 147HP
🐎
💨
🔹
Коробка: CVT
🔹
Привод: передний  FWD
🔹
Безопасность ""80% завод""
🛡
🔹
Салон надёжный текстиль
🛋
📜
История автомобиля
👇
3KPF24AD2PE517783
🔎
2806ГТ0937
расчёт 29.06.2026г.
💵
82"
2893,https://t.me/AutoWorld_Georgia/2893,2026-07-05T12:28:45+00:00,Грузия,Nissan,Sentra,2023,SR Xtronic,45300км,"2,0l на 149HP",149.0,,CVT,передний  FWD,"""востановлена""",кожа,,3N1AB8DV9PY244266,,,,,,05.07.2026,https://storage.yandexcloud.net/viiversion-auto-sale-media/cars/autoworld-2893/main-1790168713891-main-1-b78269a0.jpg | https://storage.yandexcloud.net/viiversion-auto-sale-media/cars/autoworld-2893/other-1790168714907-other-2-9fc9678b.jpg | https://storage.yandexcloud.net/viiversion-auto-sale-media/cars/autoworld-2893/other-1790168715774-other-3-2065eb44.jpg | https://storage.yandexcloud.net/viiversion-auto-sale-media/cars/autoworld-2893/other-1790168716663-other-4-db99253a.jpg | https://storage.yandexcloud.net/viiversion-auto-sale-media/cars/autoworld-2893/other-1790168717549-other-5-dbd6299a.jpg | https://storage.yandexcloud.net/viiversion-auto-sale-media/cars/autoworld-2893/other-1790168718797-other-6-355eaa80.jpg | https://storage.yandexcloud.net/viiversion-auto-sale-media/cars/autoworld-2893/other-1790168720265-other-7-cbe8e26b.jpg | https://storage.yandexcloud.net/viiversion-auto-sale-media/cars/autoworld-2893/other-1790168721782-other-8-33477784.jpg | https://storage.yandexcloud.net/viiversion-auto-sale-media/cars/autoworld-2893/other-1790168723123-other-9-fd98161a.jpg | https://storage.yandexcloud.net/viiversion-auto-sale-media/cars/autoworld-2893/other-1790168724615-other-10-af0b3724.jpg,"🤩
🤩
🤩
🤩
🤩
🤩
до
1⃣
6⃣
🤩
🌟
Nissan Sentra 02/23г.
🚗
✨
2️⃣
🤩
1️⃣
9️⃣
🔤
🔤
🔤
🔹
комплектация SR Xtronic
🔹
Пробег:  45300км
👍
🔹
Двигатель: 2,0l на 149HP
🐎
💨
🔹
Коробка: CVT
🔹
Привод: передний  FWD
🔹
Безопасность ""востановлена""
🔹
Салон кожа
🛋
, камеры 360, люк, Bi-LED оптика
📜
История автомобиля
👇
3N1AB8DV9PY244266
🔎
САТ
расчёт 05.07.2026г.
💵
81"
2903,https://t.me/AutoWorld_Georgia/2903,2026-07-06T10:02:22+00:00,Грузия,Hyundai,Kona,2023,SEL,29700км,"2,0l на 147HP",147.0,,CVT,передний  FWD,"""завод""",надёжный текстиль,,KM8K62AB4PU060039,,,,,0572035,06.07.2026,https://storage.yandexcloud.net/viiversion-auto-sale-media/cars/autoworld-2903/main-1790168725695-main-1-2fe6ecf1.jpg | https://storage.yandexcloud.net/viiversion-auto-sale-media/cars/autoworld-2903/other-1790168727034-other-2-df5fdc20.jpg | https://storage.yandexcloud.net/viiversion-auto-sale-media/cars/autoworld-2903/other-1790168728416-other-3-f454f894.jpg | https://storage.yandexcloud.net/viiversion-auto-sale-media/cars/autoworld-2903/other-1790168729820-other-4-a82d3a6b.jpg | https://storage.yandexcloud.net/viiversion-auto-sale-media/cars/autoworld-2903/other-1790168730863-other-5-832d76bc.jpg | https://storage.yandexcloud.net/viiversion-auto-sale-media/cars/autoworld-2903/other-1790168731422-other-6-60a72e18.jpg | https://storage.yandexcloud.net/viiversion-auto-sale-media/cars/autoworld-2903/other-1790168732617-other-7-4bcde320.jpg | https://storage.yandexcloud.net/viiversion-auto-sale-media/cars/autoworld-2903/other-1790168733675-other-8-7301e2d3.jpg | https://storage.yandexcloud.net/viiversion-auto-sale-media/cars/autoworld-2903/other-1790168734297-other-9-49df1aa0.jpg,"🤩
🤩
🤩
🤩
🤩
🤩
до
1⃣
6⃣
🤩
🌟
Hyundai Kona 07/23г.
🚗
✨
1️⃣
🤩
9️⃣
9️⃣
🔤
🔤
🔤
🔹
комплектация SEL
🔹
Пробег:  29700км
👍
🔹
Двигатель: 2,0l на 147HP
🐎
💨
🔹
Коробка: CVT
🔹
Привод: передний  FWD
🔹
Безопасность ""завод""
🔹
Салон надёжный текстиль
🛋
📜
История автомобиля
👇
KM8K62AB4PU060039
🔎
АИАКГ0572035
расчёт 06.07.2026г.
💵
80"
2911,https://t.me/AutoWorld_Georgia/2911,2026-07-06T10:27:16+00:00,Грузия,Volkswagen,Jetta,2021,SEL,130000км,"1,4l на 147HP",147.0,,АКПП-8,передний  FWD,"""завод""",кожа,,3VWE57BU2MM077548,,,,,0670935,06.07.2026,https://storage.yandexcloud.net/viiversion-auto-sale-media/cars/autoworld-2911/main-1790168735670-main-1-563ef282.jpg | https://storage.yandexcloud.net/viiversion-auto-sale-media/cars/autoworld-2911/other-1790168737009-other-2-19f1126f.jpg | https://storage.yandexcloud.net/viiversion-auto-sale-media/cars/autoworld-2911/other-1790168738334-other-3-e5afaf33.jpg | https://storage.yandexcloud.net/viiversion-auto-sale-media/cars/autoworld-2911/other-1790168739711-other-4-d0d5562e.jpg | https://storage.yandexcloud.net/viiversion-auto-sale-media/cars/autoworld-2911/other-1790168740720-other-5-e33f1f5a.jpg | https://storage.yandexcloud.net/viiversion-auto-sale-media/cars/autoworld-2911/other-1790168741911-other-6-3dc93ada.jpg | https://storage.yandexcloud.net/viiversion-auto-sale-media/cars/autoworld-2911/other-1790168742911-other-7-fdff336c.jpg | https://storage.yandexcloud.net/viiversion-auto-sale-media/cars/autoworld-2911/other-1790168744112-other-8-890cb8ca.jpg | https://storage.yandexcloud.net/viiversion-auto-sale-media/cars/autoworld-2911/other-1790168745331-other-9-52e3d2a6.jpg | https://storage.yandexcloud.net/viiversion-auto-sale-media/cars/autoworld-2911/other-1790168745954-other-10-d4cb31c9.jpg,"🤩
🤩
🤩
🤩
🤩
🤩
до
1⃣
6⃣
🤩
🌟
Volkswagen Jetta 08/21г.
🚗
✨
1⃣
🤩
8⃣
1⃣
🔤
🔤
🔤
🔹
комплектация SEL
🔹
Пробег:  130000км
👍
🔹
Двигатель: 1,4l на 147HP
🐎
💨
🔹
Коробка: АКПП-8
🔹
Привод: передний  FWD
🔹
Безопасность ""завод""
🔹
Салон кожа
🛋
📜
История автомобиля
👇
3VWE57BU2MM077548
🔎
АИАКГ0670935
расчёт 06.07.2026г.
💵
80"
2920,https://t.me/AutoWorld_Georgia/2920,2026-07-06T18:56:16+00:00,США,на,,2007,Limited,62200ml,"2.5l, на 281HP",281.0,,РКПП - 8,полный AWD,"""",кожа,"""",5NTJEDAF6PH063652,07.07.2026,,3700000,,45236129,06.07.2026,https://storage.yandexcloud.net/viiversion-auto-sale-media/cars/autoworld-2920/main-1790168746942-main-1-9ec8077e.jpg | https://storage.yandexcloud.net/viiversion-auto-sale-media/cars/autoworld-2920/other-1790168748050-other-2-530f8a9b.jpg | https://storage.yandexcloud.net/viiversion-auto-sale-media/cars/autoworld-2920/other-1790168748995-other-3-13dcb500.jpg | https://storage.yandexcloud.net/viiversion-auto-sale-media/cars/autoworld-2920/other-1790168750550-other-4-2c6f74f9.jpg | https://storage.yandexcloud.net/viiversion-auto-sale-media/cars/autoworld-2920/other-1790168751366-other-5-8aceff5d.jpg | https://storage.yandexcloud.net/viiversion-auto-sale-media/cars/autoworld-2920/other-1790168751858-other-6-86ec118d.jpg | https://storage.yandexcloud.net/viiversion-auto-sale-media/cars/autoworld-2920/other-1790168752686-other-7-9660fde6.jpg | https://storage.yandexcloud.net/viiversion-auto-sale-media/cars/autoworld-2920/other-1790168753534-other-8-240bf124.jpg | https://storage.yandexcloud.net/viiversion-auto-sale-media/cars/autoworld-2920/other-1790168754174-other-9-7bf66d5b.jpg | https://storage.yandexcloud.net/viiversion-auto-sale-media/cars/autoworld-2920/other-1790168755002-other-10-0a02f98f.jpg,"👤
👤
👤
👤
👤
👤
👤
на 07.07
🌟
Hyundai Santa Cruz 02/23г.
✨
3️⃣
🤩
4️⃣
8️⃣
🔤
🔤
🔤
*
🔹
комплектация
Limited
🔹
Пробег:
62200ml
👍
🔹
Двигатель:
2.5l, на 281HP
🐎
💨
🔹
Коробка
: РКПП - 8
🔹
Привод:
полный AWD
🔹
Безопасность: ""
завод
""
🛡
🔹
Салон
кожа
🛋
цифровая панель, 2 ключа!!!
🔹
Повреждения ""
сзади
""
📜
История автомобиля
5NTJEDAF6PH063652
⚖️
🛎
Торги 07.07.2026г.
+- 9000
😀
(расчетная ставка)
Цена в России (с ремонтом) под
🔧
+- 3,7 млн. руб.
*
стоимость автомобиля,
с учётом таможенных платежей
в размере
1780 тыс.руб.
🔎
👹
45236129
расчёт 06.07.2026г.
💵
81
https://max.ru/c/-71046904611051/AZ84zT-Hfpc"
2930,https://t.me/AutoWorld_Georgia/2930,2026-07-07T05:57:21+00:00,Грузия,Nissan,Sentra,2023,SR Xtronic,45300км,"2,0l на 149HP",149.0,,CVT,передний  FWD,"""востановлена""",кожа,,3N1AB8DV9PY244266,,,,,,05.07.2026,https://storage.yandexcloud.net/viiversion-auto-sale-media/cars/autoworld-2930/main-1790168756096-main-1-5b40db41.jpg | https://storage.yandexcloud.net/viiversion-auto-sale-media/cars/autoworld-2930/other-1790168756894-other-2-6823857c.jpg | https://storage.yandexcloud.net/viiversion-auto-sale-media/cars/autoworld-2930/other-1790168757688-other-3-fe0f2d1d.jpg | https://storage.yandexcloud.net/viiversion-auto-sale-media/cars/autoworld-2930/other-1790168758516-other-4-7f85274b.jpg | https://storage.yandexcloud.net/viiversion-auto-sale-media/cars/autoworld-2930/other-1790168759346-other-5-4ad28007.jpg | https://storage.yandexcloud.net/viiversion-auto-sale-media/cars/autoworld-2930/other-1790168760131-other-6-3f244760.jpg | https://storage.yandexcloud.net/viiversion-auto-sale-media/cars/autoworld-2930/other-1790168760912-other-7-5cbed74c.jpg | https://storage.yandexcloud.net/viiversion-auto-sale-media/cars/autoworld-2930/other-1790168761527-other-8-f222bd63.jpg | https://storage.yandexcloud.net/viiversion-auto-sale-media/cars/autoworld-2930/other-1790168761960-other-9-3c3a198b.jpg | https://storage.yandexcloud.net/viiversion-auto-sale-media/cars/autoworld-2930/other-1790168762729-other-10-5f743747.jpg,"🤩
🤩
🤩
🤩
🤩
🤩
до
1⃣
6⃣
🤩
🌟
Nissan Sentra 02/23г.
🚗
✨
2️⃣
🤩
1️⃣
9️⃣
🔤
🔤
🔤
🔹
комплектация SR Xtronic
🔹
Пробег:  45300км
👍
🔹
Двигатель: 2,0l на 149HP
🐎
💨
🔹
Коробка: CVT
🔹
Привод: передний  FWD
🔹
Безопасность ""востановлена""
🔹
Салон кожа
🛋
, камеры 360, люк, Bi-LED оптика
📜
История автомобиля
👇
3N1AB8DV9PY244266
🔎
САТ
расчёт 05.07.2026г.
💵
81"
2941,https://t.me/AutoWorld_Georgia/2941,2026-07-09T01:21:13+00:00,США,,,,T,24100ml,"2.0l, на 261HP",261.0,,AКПП,полный AWD,"""",кожа,"""",WP1AA2A58PLB11426,13.07.2026,,5700000,,44625535,09.07.2026,https://storage.yandexcloud.net/viiversion-auto-sale-media/cars/autoworld-2941/main-1790168763250-main-1-869b31cc.jpg | https://storage.yandexcloud.net/viiversion-auto-sale-media/cars/autoworld-2941/other-1790168763807-other-2-11ceb5bd.jpg | https://storage.yandexcloud.net/viiversion-auto-sale-media/cars/autoworld-2941/other-1790168764634-other-3-57870366.jpg | https://storage.yandexcloud.net/viiversion-auto-sale-media/cars/autoworld-2941/other-1790168765279-other-4-3fe7440c.jpg | https://storage.yandexcloud.net/viiversion-auto-sale-media/cars/autoworld-2941/other-1790168765954-other-5-4a3f9352.jpg | https://storage.yandexcloud.net/viiversion-auto-sale-media/cars/autoworld-2941/other-1790168766634-other-6-7b00ec04.jpg | https://storage.yandexcloud.net/viiversion-auto-sale-media/cars/autoworld-2941/other-1790168767138-other-7-9b8082d1.jpg | https://storage.yandexcloud.net/viiversion-auto-sale-media/cars/autoworld-2941/other-1790168767998-other-8-242d10f0.jpg | https://storage.yandexcloud.net/viiversion-auto-sale-media/cars/autoworld-2941/other-1790168768827-other-9-2fd9e021.jpg | https://storage.yandexcloud.net/viiversion-auto-sale-media/cars/autoworld-2941/other-1790168769790-other-10-81aeed1f.jpg,"👤
👤
👤
👤
👤
👤
👤
на 13.07
🌟
Porsche Macan 2023г.
✨
5️⃣
🤩
5️⃣
3️⃣
🔤
🔤
🔤
*
🔹
комплектация
T
🔹
Пробег:
24100ml
👍
🔹
Двигатель:
2.0l, на 261HP
🐎
💨
🔹
Коробка
: AКПП
🔹
Привод:
полный AWD
🔹
Безопасность: ""
завод
""
🛡
🔹
Салон
кожа
🛋
,
панорама
🔹
Повреждения ""
слева
""
📜
История автомобиля
WP1AA2A58PLB11426
⚖️
🛎
Торги 13.07.2026г.
+- 29000
😀
(расчетная ставка)
Цена в России (с ремонтом) под
🔧
+- 5,7 млн. руб.
*
стоимость автомобиля,
с учётом таможенных платежей
в размере
2330 тыс.руб.
🔎
👹
44625535
расчёт 09.07.2026г.
💵
80
https://max.ru/c/-71046904611051/AZ9Eex6OQm4"
2951,https://t.me/AutoWorld_Georgia/2951,2026-07-09T02:23:20+00:00,США,Honda,CR-V,2026,Exl,1000ml,"1.5l, на 190HP",190.0,,CVT,полный AWD,"""",кожа,"""",5J6RS3H77TL008596,14.07.2026,,4500000,,52322116,09.07.2026,https://storage.yandexcloud.net/viiversion-auto-sale-media/cars/autoworld-2951/main-1790168771207-main-1-961e0ab6.jpg | https://storage.yandexcloud.net/viiversion-auto-sale-media/cars/autoworld-2951/other-1790168772508-other-2-58342fab.jpg | https://storage.yandexcloud.net/viiversion-auto-sale-media/cars/autoworld-2951/other-1790168773649-other-3-e2499414.jpg | https://storage.yandexcloud.net/viiversion-auto-sale-media/cars/autoworld-2951/other-1790168774558-other-4-ad6e648d.jpg | https://storage.yandexcloud.net/viiversion-auto-sale-media/cars/autoworld-2951/other-1790168775327-other-5-b30c6873.jpg | https://storage.yandexcloud.net/viiversion-auto-sale-media/cars/autoworld-2951/other-1790168776101-other-6-ffa4bd52.jpg | https://storage.yandexcloud.net/viiversion-auto-sale-media/cars/autoworld-2951/other-1790168776889-other-7-f4fd2487.jpg | https://storage.yandexcloud.net/viiversion-auto-sale-media/cars/autoworld-2951/other-1790168777527-other-8-a858c9fe.jpg | https://storage.yandexcloud.net/viiversion-auto-sale-media/cars/autoworld-2951/other-1790168778155-other-9-f6b6c6f7.jpg | https://storage.yandexcloud.net/viiversion-auto-sale-media/cars/autoworld-2951/other-1790168778938-other-10-e9f49561.jpg,"👤
👤
👤
👤
👤
👤
👤
на 14.07
🌟
Honda CR-V 02/26г.
✨
4️⃣
🤩
3️⃣
6️⃣
🔤
🔤
🔤
*
🔹
комплектация
Exl
🔹
Пробег:
1000ml
👍
🔹
Двигатель:
1.5l, на 190HP
🐎
💨
🔹
Коробка
: CVT
🔹
Привод:
полный AWD
🔹
Безопасность: ""
завод
""
🛡
🔹
Салон
кожа
🛋
,
люк
,
эл.привод
🔹
Повреждения ""
сзади
""
📜
История автомобиля
5J6RS3H77TL008596
⚖️
🛎
Торги 14.07.2026г.
+- 20000
😀
(расчетная ставка)
Цена в России (с ремонтом) под
🔧
+- 4,5 млн. руб.
*
стоимость автомобиля,
с учётом таможенных платежей
в размере
1890 тыс.руб.
🔎
👾
52322116
расчёт 09.07.2026г.
💵
80"
2961,https://t.me/AutoWorld_Georgia/2961,2026-07-09T02:59:06+00:00,Грузия,KIA,Seltos,2023,EX,41300ml,"2,0l на 147HP",147.0,,CVT,полный  AWD,"""завод""",кожа,,KNDERCAA8R7497470,,,,,,09.07.2026,https://storage.yandexcloud.net/viiversion-auto-sale-media/cars/autoworld-2961/main-1790168779792-main-1-a1710dbf.jpg | https://storage.yandexcloud.net/viiversion-auto-sale-media/cars/autoworld-2961/other-1790168780693-other-2-23e80527.jpg | https://storage.yandexcloud.net/viiversion-auto-sale-media/cars/autoworld-2961/other-1790168781502-other-3-dc08a81d.jpg | https://storage.yandexcloud.net/viiversion-auto-sale-media/cars/autoworld-2961/other-1790168782266-other-4-2f9496b1.jpg | https://storage.yandexcloud.net/viiversion-auto-sale-media/cars/autoworld-2961/other-1790168782893-other-5-e989c516.jpg | https://storage.yandexcloud.net/viiversion-auto-sale-media/cars/autoworld-2961/other-1790168783326-other-6-6cd9f9fb.jpg | https://storage.yandexcloud.net/viiversion-auto-sale-media/cars/autoworld-2961/other-1790168784097-other-7-073219db.jpg | https://storage.yandexcloud.net/viiversion-auto-sale-media/cars/autoworld-2961/other-1790168784615-other-8-a92dd64a.jpg | https://storage.yandexcloud.net/viiversion-auto-sale-media/cars/autoworld-2961/other-1790168785363-other-9-7ad6f913.jpg | https://storage.yandexcloud.net/viiversion-auto-sale-media/cars/autoworld-2961/other-1790168786126-other-10-fb42ead1.jpg,"🤩
🤩
🤩
🤩
🤩
🤩
до
1⃣
6⃣
🤩
🌟
KIA Seltos 04/23г.
🚗
✨
2️⃣
🤩
5️⃣
🔤
🔤
🔤
🔹
комплектация
EX
🔹
Пробег:  41300ml
👍
🔹
Двигатель: 2,0l на 147HP
🐎
💨
🔹
Коробка: CVT
🔹
Привод: полный  AWD
🔹
Безопасность ""завод""
🔹
Салон кожа
🛋
, люк, эл.панель
📜
История автомобиля
👇
KNDERCAA8R7497470
🔎
27MA6636221
расчёт 09.07.2026г.
💵
80"
2971,https://t.me/AutoWorld_Georgia/2971,2026-07-11T10:18:18+00:00,Грузия,,,,Sport,62000км,"2,0l на 152HP",152.0,,CVT,полный,"""",качественный текстиль,,,,,,,,11.07.2026,https://storage.yandexcloud.net/viiversion-auto-sale-media/cars/autoworld-2971/main-1790168786888-main-1-2049e514.jpg | https://storage.yandexcloud.net/viiversion-auto-sale-media/cars/autoworld-2971/other-1790168787707-other-2-762d4941.jpg | https://storage.yandexcloud.net/viiversion-auto-sale-media/cars/autoworld-2971/other-1790168788556-other-3-a029dae4.jpg | https://storage.yandexcloud.net/viiversion-auto-sale-media/cars/autoworld-2971/other-1790168789416-other-4-db4fac3d.jpg | https://storage.yandexcloud.net/viiversion-auto-sale-media/cars/autoworld-2971/other-1790168790192-other-5-81c59061.jpg | https://storage.yandexcloud.net/viiversion-auto-sale-media/cars/autoworld-2971/other-1790168790621-other-6-fbd19eec.jpg | https://storage.yandexcloud.net/viiversion-auto-sale-media/cars/autoworld-2971/other-1790168791396-other-7-9711aeaf.jpg | https://storage.yandexcloud.net/viiversion-auto-sale-media/cars/autoworld-2971/other-1790168792178-other-8-e50707ae.jpg | https://storage.yandexcloud.net/viiversion-auto-sale-media/cars/autoworld-2971/other-1790168792952-other-9-8e12ce9f.jpg | https://storage.yandexcloud.net/viiversion-auto-sale-media/cars/autoworld-2971/other-1790168793568-other-10-84ecb098.jpg,"🤩
🤩
🤩
🤩
🤩
🤩
до
1⃣
6⃣
🤩
🌟
Subaru Impreza
02/23г.
🚗
✨
2️⃣
🤩
🔤
🔤
🔤
🔤
🔹
комплектация
Sport
🔹
Пробег:
62000км
👍
🔹
Двигатель:
2,0l на 152HP
🐎
💨
🔹
Коробка:
CVT
🔹
Привод: полный
AWD
🔹
Безопасность ""
завод
""
🔹
Салон качественный текстиль
🛋
🔎
55MA5774221
расчёт 11.07.2026г.
💵
80
https://max.ru/c/-71046904611051/AZ9Q4rzRNv4"
2981,https://t.me/AutoWorld_Georgia/2981,2026-07-11T11:03:11+00:00,США,RAM,1500,2025,Rebel 4X4 5'7 Box,12300ml,"3,0l, на 420HP",420.0,,АКПП,полный AWD,"""",кожа,"""",1C6SRFLP9SN672811,13.07.2026,,6260000,,44884202,11.07.2026,https://storage.yandexcloud.net/viiversion-auto-sale-media/cars/autoworld-2981/main-1790168794115-main-1-754f435a.jpg | https://storage.yandexcloud.net/viiversion-auto-sale-media/cars/autoworld-2981/other-1790168794975-other-2-f0f4d536.jpg | https://storage.yandexcloud.net/viiversion-auto-sale-media/cars/autoworld-2981/other-1790168795838-other-3-e437d89f.jpg | https://storage.yandexcloud.net/viiversion-auto-sale-media/cars/autoworld-2981/other-1790168796563-other-4-2361a6df.jpg | https://storage.yandexcloud.net/viiversion-auto-sale-media/cars/autoworld-2981/other-1790168797211-other-5-5471775d.jpg | https://storage.yandexcloud.net/viiversion-auto-sale-media/cars/autoworld-2981/other-1790168797850-other-6-70ff7ff5.jpg | https://storage.yandexcloud.net/viiversion-auto-sale-media/cars/autoworld-2981/other-1790168798684-other-7-34d491c5.jpg | https://storage.yandexcloud.net/viiversion-auto-sale-media/cars/autoworld-2981/other-1790168799538-other-8-eb3dfe1d.jpg | https://storage.yandexcloud.net/viiversion-auto-sale-media/cars/autoworld-2981/other-1790168800451-other-9-8127940e.jpg | https://storage.yandexcloud.net/viiversion-auto-sale-media/cars/autoworld-2981/other-1790168801283-other-10-59427dbd.jpg,"👤
👤
👤
👤
👤
👤
👤
на 13.07
🌟
RAM 1500 01/25г.
✨
6️⃣
🤩
🔤
6️⃣
🔤
🔤
🔤
*
🔹
комплектация
Rebel 4X4 5'7 Box
🔹
Пробег:
12300ml
👍
🔹
Двигатель:
3,0l, на 420HP
🐎
💨
🔹
Коробка
: АКПП
🔹
Привод:
полный AWD
🔹
Безопасность: ""
завод
""
🛡
🔹
Салон
кожа
🛋
, панорама, эл.привод.
🔹
Повреждения ""
сзади
""
📜
История автомобиля
1C6SRFLP9SN672811
⚖️
🛎
Торги 13.07.2026г.
+- 35000
😀
(расчетная ставка)
Цена в России (с ремонтом) под
🔧
+- 6,26 млн. руб.
*
стоимость автомобиля,
с учётом таможенных платежей
в размере
2150 тыс.руб.
🔎
👹
44884202
расчёт 11.07.2026г.
💵
80
https://max.ru/c/-71046904611051/AZ9Q4EFAIKo"
2991,https://t.me/AutoWorld_Georgia/2991,2026-07-11T11:43:06+00:00,США,Hyundai,Santa Cruz,2024,Sel Activity,31100ml,"2.5l, на 191HP",191.0,,АКПП - 8,полный AWD,"""",кожа,"""",5NTJCDDE2SH127199,16.07.2026,,3420000,,44753635,11.07.2026,https://storage.yandexcloud.net/viiversion-auto-sale-media/cars/autoworld-2991/main-1790168801991-main-1-10e1bc4b.jpg | https://storage.yandexcloud.net/viiversion-auto-sale-media/cars/autoworld-2991/other-1790168802658-other-2-31271e72.jpg | https://storage.yandexcloud.net/viiversion-auto-sale-media/cars/autoworld-2991/other-1790168803495-other-3-b55be737.jpg | https://storage.yandexcloud.net/viiversion-auto-sale-media/cars/autoworld-2991/other-1790168804139-other-4-b517d837.jpg | https://storage.yandexcloud.net/viiversion-auto-sale-media/cars/autoworld-2991/other-1790168804778-other-5-8de4fda6.jpg | https://storage.yandexcloud.net/viiversion-auto-sale-media/cars/autoworld-2991/other-1790168805306-other-6-ddc597a5.jpg | https://storage.yandexcloud.net/viiversion-auto-sale-media/cars/autoworld-2991/other-1790168806147-other-7-9c3d01e6.jpg | https://storage.yandexcloud.net/viiversion-auto-sale-media/cars/autoworld-2991/other-1790168806967-other-8-3198436f.jpg | https://storage.yandexcloud.net/viiversion-auto-sale-media/cars/autoworld-2991/other-1790168807955-other-9-ae65f23d.jpg | https://storage.yandexcloud.net/viiversion-auto-sale-media/cars/autoworld-2991/other-1790168809091-other-10-f455af06.jpg,"👤
👤
👤
👤
👤
👤
👤
на 16.07
🌟
Hyundai Santa Cruz 08/24г.
✨
3️⃣
🤩
1️⃣
2️⃣
🔤
🔤
🔤
*
🔹
комплектация
Sel Activity
🔹
Пробег:
31100ml
👍
🔹
Двигатель:
2.5l, на 191HP
🐎
💨
🔹
Коробка
: АКПП - 8
🔹
Привод:
полный AWD
🔹
Безопасность: ""
завод
""
🛡
🔹
Салон
кожа
🛋
цифровая панель
🔹
Повреждения ""
слева
""
📜
История автомобиля
5NTJCDDE2SH127199
⚖️
🛎
Торги 16.07.2026г.
BUY NOW
♦️
9⃣
3⃣
1⃣
1⃣
😀
Цена в России (с ремонтом) под
🔧
+- 3,42 млн. руб.
*
стоимость автомобиля,
с учётом таможенных платежей
в размере
1360 тыс.руб.
🔎
👹
44753635
расчёт 11.07.2026г.
💵
80
https://max.ru/c/-71046904611051/AZ9RATPxdio"
3001,https://t.me/AutoWorld_Georgia/3001,2026-07-11T14:29:27+00:00,США,Toyota,Tacoma,2025,Double Cab Prerunner,9300ml,"2.4l, на 278HP",278.0,,АКПП,полный AWD,"""",надежный текстиль,"""",3TMLB5JN4SM162325,13.07.2026,,5260000,,60490006,11.07.2026,https://storage.yandexcloud.net/viiversion-auto-sale-media/cars/autoworld-3001/main-1790168810540-main-1-2b2ea0bd.jpg | https://storage.yandexcloud.net/viiversion-auto-sale-media/cars/autoworld-3001/other-1790168811696-other-2-3e5909d6.jpg | https://storage.yandexcloud.net/viiversion-auto-sale-media/cars/autoworld-3001/other-1790168812639-other-3-bcd86d46.jpg | https://storage.yandexcloud.net/viiversion-auto-sale-media/cars/autoworld-3001/other-1790168813428-other-4-44187f1e.jpg | https://storage.yandexcloud.net/viiversion-auto-sale-media/cars/autoworld-3001/other-1790168814248-other-5-05fa1982.jpg | https://storage.yandexcloud.net/viiversion-auto-sale-media/cars/autoworld-3001/other-1790168814872-other-6-4fe5e554.jpg | https://storage.yandexcloud.net/viiversion-auto-sale-media/cars/autoworld-3001/other-1790168815638-other-7-f305adf9.jpg | https://storage.yandexcloud.net/viiversion-auto-sale-media/cars/autoworld-3001/other-1790168816253-other-8-872394c4.jpg | https://storage.yandexcloud.net/viiversion-auto-sale-media/cars/autoworld-3001/other-1790168816683-other-9-f1043cb6.jpg | https://storage.yandexcloud.net/viiversion-auto-sale-media/cars/autoworld-3001/other-1790168817442-other-10-e1fa28ec.jpg,"👤
👤
👤
👤
👤
👤
👤
на 13.07
🌟
Toyota Tacoma 07/25г.
✨
4️⃣
🤩
9️⃣
6️⃣
🔤
🔤
🔤
*
🔹
комплектация
Double Cab Prerunner
🔹
Пробег:
9300ml
👍
🔹
Двигатель:
2.4l, на 278HP
🐎
💨
🔹
Коробка
: АКПП
🔹
Привод:
полный AWD
🔹
Безопасность: ""
завод
""
🛡
🔹
Салон надежный текстиль
🛋
🔹
Повреждения ""
справа
""
📜
История автомобиля
3TMLB5JN4SM162325
⚖️
🛎
Торги 13.07.2026г.
+- 25000
😀
(расчетная ставка)
Цена в России (с ремонтом) под
🔧
+- 5,26 млн. руб.
*
стоимость автомобиля,
с учётом таможенных платежей
в размере
1940 тыс.руб.
🔎
👾
60490006
расчёт 11.07.2026г.
💵
80
https://max.ru/c/-71046904611051/AZ9Rl7ZhI-Q"
3011,https://t.me/AutoWorld_Georgia/3011,2026-07-11T15:02:11+00:00,США,Toyota,Tundra,2024,SR5,8300ml,"3.4l, на 389HP",389.0,,АКПП,полный AWD,"""",кожа,"""механическое""",5TFLA5DB2SX272188,14.07.2026,,6200000,,46040016,11.07.2026,https://storage.yandexcloud.net/viiversion-auto-sale-media/cars/autoworld-3011/main-1790168818214-main-1-ece54b93.jpg | https://storage.yandexcloud.net/viiversion-auto-sale-media/cars/autoworld-3011/other-1790168819189-other-2-53cc39e8.jpg | https://storage.yandexcloud.net/viiversion-auto-sale-media/cars/autoworld-3011/other-1790168819993-other-3-3172e9a6.jpg | https://storage.yandexcloud.net/viiversion-auto-sale-media/cars/autoworld-3011/other-1790168820856-other-4-e304764e.jpg | https://storage.yandexcloud.net/viiversion-auto-sale-media/cars/autoworld-3011/other-1790168821860-other-5-40834b2a.jpg | https://storage.yandexcloud.net/viiversion-auto-sale-media/cars/autoworld-3011/other-1790168822783-other-6-e46749e2.jpg | https://storage.yandexcloud.net/viiversion-auto-sale-media/cars/autoworld-3011/other-1790168823587-other-7-e42d2431.jpg | https://storage.yandexcloud.net/viiversion-auto-sale-media/cars/autoworld-3011/other-1790168824437-other-8-5fde5365.jpg | https://storage.yandexcloud.net/viiversion-auto-sale-media/cars/autoworld-3011/other-1790168825246-other-9-ad9c876b.jpg | https://storage.yandexcloud.net/viiversion-auto-sale-media/cars/autoworld-3011/other-1790168825702-other-10-4f4a68c3.jpg,"👤
👤
👤
👤
👤
👤
👤
на 14.07
🌟
Toyota Tundra 12/24г.
✨
6️⃣
🤩
1️⃣
🔤
🔤
🔤
*
🔹
комплектация
SR5
🔹
Пробег:
8300ml
👍
🔹
Двигатель:
3.4l, на 389HP
🐎
💨
🔹
Коробка
: АКПП
🔹
Привод:
полный AWD
🔹
Безопасность: ""
завод
""
🛡
🔹
Салон кожа
🛋
🔹
Повреждения ""механическое""
📜
История автомобиля
👇
5TFLA5DB2SX272188
⚖️
🛎
Торги 14.07.2026г.
+- 35000
😀
(расчетная ставка)
Цена в России (с ремонтом) под
🔧
+- 6,2 млн. руб.
*
стоимость автомобиля,
с учётом таможенных платежей
в размере
2150 тыс.руб.
🔎
👾
46040016
расчёт 11.07.2026г.
💵
80
https://max.ru/c/-71046904611051/AZ9Rtj3FSx8"
3021,https://t.me/AutoWorld_Georgia/3021,2026-07-12T06:33:31+00:00,Грузия,KIA,SOUL,2023,LX,34000км,"2,0l на 147HP",147.0,,CVT,передний,"""",качественный текстиль,,KNDJ23AU3P7894711,,,,,,12.07.2026,https://storage.yandexcloud.net/viiversion-auto-sale-media/cars/autoworld-3021/main-1790168826488-main-1-4ad08d6a.jpg | https://storage.yandexcloud.net/viiversion-auto-sale-media/cars/autoworld-3021/other-1790168827309-other-2-92d3369a.jpg | https://storage.yandexcloud.net/viiversion-auto-sale-media/cars/autoworld-3021/other-1790168828126-other-3-a182ca2e.jpg | https://storage.yandexcloud.net/viiversion-auto-sale-media/cars/autoworld-3021/other-1790168828926-other-4-0af8b035.jpg | https://storage.yandexcloud.net/viiversion-auto-sale-media/cars/autoworld-3021/other-1790168829768-other-5-c86c4263.jpg | https://storage.yandexcloud.net/viiversion-auto-sale-media/cars/autoworld-3021/other-1790168830891-other-6-6a375bf4.jpg | https://storage.yandexcloud.net/viiversion-auto-sale-media/cars/autoworld-3021/other-1790168832112-other-7-4caab4c0.jpg | https://storage.yandexcloud.net/viiversion-auto-sale-media/cars/autoworld-3021/other-1790168833051-other-8-772d2612.jpg | https://storage.yandexcloud.net/viiversion-auto-sale-media/cars/autoworld-3021/other-1790168833820-other-9-275fc1cf.jpg | https://storage.yandexcloud.net/viiversion-auto-sale-media/cars/autoworld-3021/other-1790168834243-other-10-577eae9e.jpg,"🤩
🤩
🤩
🤩
🤩
🤩
до
1⃣
6⃣
🤩
🌟
KIA SOUL 06/23г.
🚗
✨
2️⃣
🤩
🔤
8️⃣
🔤
🔤
🔤
🔹
комплектация
LX
🔹
Пробег:
34000км
👍
🔹
Двигатель:
2,0l на 147HP
🐎
💨
🔹
Коробка:
CVT
🔹
Привод: передний
FWD
🔹
Безопасность ""
90% завод
""
🔹
Салон качественный текстиль
🛋
📜
История автомобиля
👇
KNDJ23AU3P7894711
🔎
02MA7671221
расчёт 12.07.2026г.
💵
80
https://max.ru/c/-71046904611051/AZ9VCd4_Wwo"
3031,https://t.me/AutoWorld_Georgia/3031,2026-07-12T11:00:14+00:00,Грузия,,,,SP,53600км,"1,2l на 137HP",137.0,,АКПП-6,передний,"""",качественный текстиль,,KL77LFE28RC019679,,,,,,12.07.2026,https://storage.yandexcloud.net/viiversion-auto-sale-media/cars/autoworld-3031/main-1790168835006-main-1-48ba8fc3.jpg | https://storage.yandexcloud.net/viiversion-auto-sale-media/cars/autoworld-3031/other-1790168835650-other-2-12846d38.jpg | https://storage.yandexcloud.net/viiversion-auto-sale-media/cars/autoworld-3031/other-1790168836454-other-3-544a01e0.jpg | https://storage.yandexcloud.net/viiversion-auto-sale-media/cars/autoworld-3031/other-1790168837227-other-4-6bb2917b.jpg | https://storage.yandexcloud.net/viiversion-auto-sale-media/cars/autoworld-3031/other-1790168837992-other-5-fe0f015e.jpg | https://storage.yandexcloud.net/viiversion-auto-sale-media/cars/autoworld-3031/other-1790168838649-other-6-b72efa38.jpg | https://storage.yandexcloud.net/viiversion-auto-sale-media/cars/autoworld-3031/other-1790168839269-other-7-3888bb6f.jpg | https://storage.yandexcloud.net/viiversion-auto-sale-media/cars/autoworld-3031/other-1790168840041-other-8-957a9b5f.jpg | https://storage.yandexcloud.net/viiversion-auto-sale-media/cars/autoworld-3031/other-1790168840850-other-9-a216b9b1.jpg | https://storage.yandexcloud.net/viiversion-auto-sale-media/cars/autoworld-3031/other-1790168841326-other-10-50063440.jpg,"🤩
🤩
🤩
🤩
🤩
🤩
до
1⃣
6⃣
🤩
🌟
Chevrolet Trax
03/23г.
🚗
✨
1️⃣
🤩
7️⃣
5️⃣
🔤
🔤
🔤
🔹
комплектация
SP
🔹
Пробег:
53600км
👍
🔹
Двигатель:
1,2l на 137HP
🐎
💨
🔹
Коробка:
АКПП-6
🔹
Привод: передний
FWD
🔹
Безопасность ""
80% завод
""
🔹
Салон качественный текстиль
🛋
📜
История автомобиля
👇
KL77LFE28RC019679
🔎
20MA5296221
расчёт 12.07.2026г.
💵
80
https://max.ru/c/-71046904611051/AZ9WNT4mEdg"
3040,https://t.me/AutoWorld_Georgia/3040,2026-07-12T11:30:27+00:00,Грузия,,,,SEL +,65800км,2.0l на 147HP,147.0,,CVT,передний,"""",качественный текстиль,,5NPLS4AG6PH113023,,,,,,12.07.2026,https://storage.yandexcloud.net/viiversion-auto-sale-media/cars/autoworld-3040/main-1790168842078-main-1-3f4fbfa3.jpg | https://storage.yandexcloud.net/viiversion-auto-sale-media/cars/autoworld-3040/other-1790168842851-other-2-ac08fefb.jpg | https://storage.yandexcloud.net/viiversion-auto-sale-media/cars/autoworld-3040/other-1790168843610-other-3-8a1971a1.jpg | https://storage.yandexcloud.net/viiversion-auto-sale-media/cars/autoworld-3040/other-1790168844370-other-4-1aad98f7.jpg | https://storage.yandexcloud.net/viiversion-auto-sale-media/cars/autoworld-3040/other-1790168844875-other-5-3b6133a1.jpg | https://storage.yandexcloud.net/viiversion-auto-sale-media/cars/autoworld-3040/other-1790168845638-other-6-4e8482ee.jpg | https://storage.yandexcloud.net/viiversion-auto-sale-media/cars/autoworld-3040/other-1790168846430-other-7-a8fc30f9.jpg | https://storage.yandexcloud.net/viiversion-auto-sale-media/cars/autoworld-3040/other-1790168847205-other-8-bc2129cc.jpg | https://storage.yandexcloud.net/viiversion-auto-sale-media/cars/autoworld-3040/other-1790168847984-other-9-d1df1af5.jpg | https://storage.yandexcloud.net/viiversion-auto-sale-media/cars/autoworld-3040/other-1790168848447-other-10-fd7c8214.jpg,"🤩
🤩
🤩
🤩
🤩
🤩
до
1⃣
6⃣
🤩
🌟
Hyundai Elantra
03/23г.
🚗
✨
2️⃣
🤩
🔤
5️⃣
🔤
🔤
🔤
🔹
комплектация
SEL +
🔹
Пробег:
65800км
👍
🔹
Двигатель:
2.0l на 147HP
🐎
💨
🔹
Коробка:
CVT
🔹
Привод: передний
FWD
🔹
Безопасность ""
завод
""
🔹
Салон качественный текстиль
🛋
📜
История автомобиля
👇
5NPLS4AG6PH113023
🔎
70MA9056221
расчёт 12.07.2026г.
💵
80"
3049,https://t.me/AutoWorld_Georgia/3049,2026-07-12T11:42:46+00:00,Грузия,,,,S,67000км,2.0l на 147HP,147.0,,CVT,полный,"""",комбинированный,,KNDEUCAA4R7525330,,,,,,12.07.2026,https://storage.yandexcloud.net/viiversion-auto-sale-media/cars/autoworld-3049/main-1790168849214-main-1-ba7b7123.jpg | https://storage.yandexcloud.net/viiversion-auto-sale-media/cars/autoworld-3049/other-1790168850023-other-2-728a0c74.jpg | https://storage.yandexcloud.net/viiversion-auto-sale-media/cars/autoworld-3049/other-1790168850781-other-3-6686aea9.jpg | https://storage.yandexcloud.net/viiversion-auto-sale-media/cars/autoworld-3049/other-1790168851560-other-4-e46d33f1.jpg | https://storage.yandexcloud.net/viiversion-auto-sale-media/cars/autoworld-3049/other-1790168852373-other-5-4c493191.jpg | https://storage.yandexcloud.net/viiversion-auto-sale-media/cars/autoworld-3049/other-1790168853191-other-6-5644f2fe.jpg | https://storage.yandexcloud.net/viiversion-auto-sale-media/cars/autoworld-3049/other-1790168853947-other-7-399a6b08.jpg | https://storage.yandexcloud.net/viiversion-auto-sale-media/cars/autoworld-3049/other-1790168854776-other-8-cd632b72.jpg | https://storage.yandexcloud.net/viiversion-auto-sale-media/cars/autoworld-3049/other-1790168855533-other-9-ae1e8fd1.jpg | https://storage.yandexcloud.net/viiversion-auto-sale-media/cars/autoworld-3049/other-1790168856304-other-10-21f6069f.jpg,"🤩
🤩
🤩
🤩
🤩
🤩
до
1⃣
6⃣
🤩
🌟
KIA Seltos
06/23г.
🚗
✨
2️⃣
🤩
4️⃣
🔤
🔤
🔤
🔹
комплектация
S
🔹
Пробег:
67000км
👍
🔹
Двигатель:
2.0l на 147HP
🐎
💨
🔹
Коробка:
CVT
🔹
Привод: полный
AWD
🔹
Безопасность ""
завод
""
🔹
Салон комбинированный
🛋
📜
История автомобиля
👇
KNDEUCAA4R7525330
🔎
12MA8466221
расчёт 12.07.2026г.
💵
80
https://max.ru/c/-71046904611051/AZ9WPvyCL88"
3060,https://t.me/AutoWorld_Georgia/3060,2026-07-13T18:48:52+00:00,США,RAM,1500,2025,Rebel 4X4 5'7 Box,12300ml,"3,0l, на 420HP",420.0,,АКПП,полный AWD,"""завод""",кожа,…,,,,,,,,,"👤
👤
👤
👤
👤
👤
👤
на 13.07
🌟
RAM 1500 01/25г.
✨
6️⃣
🤩
🔤
6️⃣
🔤
🔤
🔤
*
🔹
комплектация Rebel 4X4 5'7 Box
🔹
Пробег: 12300ml
👍
🔹
Двигатель: 3,0l, на 420HP
🐎
💨
🔹
Коробка: АКПП
🔹
Привод: полный AWD
🔹
Безопасность: ""завод""
🛡
🔹
Салон кожа
🛋
, панорама, эл.привод.
🔹
Повреждения…"
3061,https://t.me/AutoWorld_Georgia/3061,2026-07-13T18:55:15+00:00,США,Toyota,Tacoma,2025,Double Cab Prerunner,9300ml,"2.4l, на 278HP",278.0,,АКПП,полный AWD,"""завод""",надежный текстиль,…,,,,,,,,,"👤
👤
👤
👤
👤
👤
👤
на 13.07
🌟
Toyota Tacoma 07/25г.
✨
4️⃣
🤩
9️⃣
6️⃣
🔤
🔤
🔤
*
🔹
комплектация Double Cab Prerunner
🔹
Пробег: 9300ml
👍
🔹
Двигатель: 2.4l, на 278HP
🐎
💨
🔹
Коробка: АКПП
🔹
Привод: полный AWD
🔹
Безопасность: ""завод""
🛡
🔹
Салон надежный текстиль
🛋
🔹
Повреждения…"
3062,https://t.me/AutoWorld_Georgia/3062,2026-07-16T13:26:52+00:00,США,Ford,Bronco,2025,Big Bend,10500ml,"2,3l, на 275HP",275.0,,АКПП-10,полный AWD,"""",кожа,"""сзади""",1FMDE7BH5SLA77684,21.07.2026,,6900000,,45387249,16.07.2026,,"👤
👤
👤
👤
👤
👤
👤
на 21.07
🌟
Ford Bronco 05/25г.
✨
6️⃣
🤩
6️⃣
3️⃣
🔤
🔤
🔤
*
🔹
комплектация
Big Bend
🔹
Пробег:
10500ml
👍
🔹
Двигатель:
2,3l, на 275HP
🐎
💨
🔹
Коробка
: АКПП-10
🔹
Привод:
полный AWD
🔹
Безопасность: ""
завод
""
🛡
🔹
Салон кожа
🛋
🔹
Повреждения ""сзади""
📜
История автомобиля
👇
1FMDE7BH5SLA77684
⚖️
🛎
Торги 21.07.2026г.
BUY NOW
♦️
2⃣
3⃣
9⃣
2⃣
5⃣
😀
Цена в России (с ремонтом) под
🔧
+- 6,9 млн. руб.
*
стоимость автомобиля,
с учётом таможенных платежей
в размере
3660 тыс.руб.
🔎
👹
45387249
расчёт 16.07.2026г.
💵
80
https://max.ru/c/-71046904611051/AZ9rHcpVP2o"
3072,https://t.me/AutoWorld_Georgia/3072,2026-07-16T13:55:28+00:00,Грузия,,,,Badlands,28000км,2.7l на 310HP,310.0,,АКПП-10,полный,,кожа,,,,,,,,16.07.2026,,"🤩
🤩
🤩
🤩
🤩
🤩
🌟
Ford Bronco 2023г.
🚗
✨
7️⃣
🤩
8️⃣
🔤
🔤
🔤
*
🔹
комплектация
Badlands
🔹
Пробег:
28000км
👍
🔹
Двигатель:
2.7l на 310HP
🐎
💨
🔹
Коробка:
АКПП-10
🔹
Привод: полный
AWD
🔹
Салон кожа
🛋
*стоимость автомобиля,
с учётом таможенных платежей
в размере
4615 тыс.руб.
🔎
51MA9435221
расчёт 16.07.2026г.
💵
80"
3081,https://t.me/AutoWorld_Georgia/3081,2026-07-18T04:51:07+00:00,Грузия,,,,S,19500км,2.0l на 147HP,147.0,,CVT,полный,"""",комбинированный,,KNDEUCAA3R7540238,,,,,,18.07.2026,,"🤩
🤩
🤩
🤩
🤩
🤩
до
1⃣
6⃣
🤩
🌟
KIA Seltos
07/23г.
🚗
✨
2️⃣
🤩
6️⃣
2️⃣
🔤
🔤
🔤
🔹
комплектация
S
🔹
Пробег:
19500км
👍
🔹
Двигатель:
2.0l на 147HP
🐎
💨
🔹
Коробка:
CVT
🔹
Привод: полный
AWD
🔹
Безопасность ""
завод
""
🔹
Салон комбинированный
🛋
📜
История автомобиля
👇
KNDEUCAA3R7540238
🔎
26MA2047221
расчёт 18.07.2026г.
💵
81"
3089,https://t.me/AutoWorld_Georgia/3089,2026-07-18T05:19:35+00:00,Грузия,,,,SEL+,61900км,2.0l на 147HP,147.0,,CVT,передний,"""",надежный текстиль,,KMHLS4AG6PU572795,,,,,,18.07.2026,,"🤩
🤩
🤩
🤩
🤩
🤩
до
1⃣
6⃣
🤩
🌟
Hyundai Elantra
04/23г.
🚗
✨
1️⃣
🤩
8️⃣
9️⃣
🔤
🔤
🔤
🔹
комплектация
SEL+
🔹
Пробег:
61900км
👍
🔹
Двигатель:
2.0l на 147HP
🐎
💨
🔹
Коробка:
CVT
🔹
Привод: передний
FWD
🔹
Безопасность ""
завод
""
🔹
Салон надежный текстиль
🛋
📜
История автомобиля
👇
KMHLS4AG6PU572795
🔎
05MA4422221
расчёт 18.07.2026г.
💵
81"
3099,https://t.me/AutoWorld_Georgia/3099,2026-07-19T04:36:44+00:00,США,Nissan,Sentra,2023,SV,41800ml,"2.0l, на 149HP",149.0,,CVT,передний FWD,"""",надежный текстиль,"""незначительные""",3N1AB8CV8PY291094,20.07.2026,,1850000,,57702176,19.07.2026,,"👤
👤
👤
👤
👤
👤
👤
на 20.07
🌟
Nissan Sentra 05/23г.
✨
1️⃣
🤩
6️⃣
9️⃣
🔤
🔤
🔤
*
🔹
комплектация
SV
🔹
Пробег:
41800ml
👍
🔹
Двигатель:
2.0l, на 149HP
🐎
💨
🔹
Коробка
: CVT
🔹
Привод:
передний FWD
🔹
Безопасность: ""
завод
""
🛡
🔹
Салон надежный текстиль
🛋
🔹
Повреждения ""незначительные""
📜
История автомобиля
👇
3N1AB8CV8PY291094
⚖️
🛎
Торги 20.07.2026г.
+- 5000
😀
(расчетная ставка)
Цена в России (с ремонтом) под
🔧
+- 1,85 млн. руб.
*
стоимость автомобиля,
с учётом таможенных платежей
в размере
500 тыс.руб.
🔎
👾
57702176
расчёт 19.07.2026г.
💵
81
https://max.ru/c/-71046904611051/AZ94rCSJRXQ"
3109,https://t.me/AutoWorld_Georgia/3109,2026-07-19T05:48:16+00:00,США,Nissan,Sentra,2026,SR,5800ml,"2.0l, на 149HP",149.0,,CVT,передний FWD,"""",надежный текстиль,"""незначительные""",3N1AB9DV6TY277189,20.07.2026,,3000000,,58329716,19.07.2026,,"👤
👤
👤
👤
👤
👤
👤
на 20.07
🌟
Nissan Sentra 04/26г.
✨
2️⃣
🤩
8️⃣
2️⃣
🔤
🔤
🔤
*
🔹
комплектация
SR
🔹
Пробег:
5800ml
👍
🔹
Двигатель:
2.0l, на 149HP
🐎
💨
🔹
Коробка
: CVT
🔹
Привод:
передний FWD
🔹
Безопасность: ""
завод
""
🛡
🔹
Салон надежный текстиль
🛋
🔹
Повреждения ""незначительные""
📜
История автомобиля
👇
3N1AB9DV6TY277189
⚖️
🛎
Торги 20.07.2026г.
+- 15000
😀
(расчетная ставка)
Цена в России (с ремонтом) под
🔧
+- 3,0 млн. руб.
*
стоимость автомобиля,
с учётом таможенных платежей
в размере
732 тыс.руб.
🔎
👾
58329716
расчёт 19.07.2026г.
💵
81"
3119,https://t.me/AutoWorld_Georgia/3119,2026-07-19T07:01:23+00:00,США,Subaru,Impreza,2024,Sport,22700ml,"2.0l, на 152HP",152.0,,CVT,полный AWD,"""",надежный текстиль,"""слева""",JF1GUAFC7S8201706,21.07.2026,,2000000,,45656936,19.07.2026,,"👤
👤
👤
👤
👤
👤
👤
на 21.07
🌟
Subaru Impreza 11/24г.
✨
1️⃣
🤩
7️⃣
3️⃣
🔤
🔤
🔤
*
🔹
комплектация
Sport
🔹
Пробег:
22700ml
👍
🔹
Двигатель:
2.0l, на 152HP
🐎
💨
🔹
Коробка
: CVT
🔹
Привод:
полный AWD
🔹
Безопасность: ""
завод
""
🛡
🔹
Салон надежный текстиль
🛋
🔹
Повреждения ""слева""
📜
История автомобиля
👇
JF1GUAFC7S8201706
⚖️
🛎
Торги 21.07.2026г.
+- 5500
😀
(расчетная ставка)
Цена
в России (
с ремонтом
) под
🔧
+- 2,0 млн. руб.
*
стоимость автомобиля,
с учётом таможенных платежей
в размере
460 тыс.руб.
🔎
👾
45656936
расчёт 19.07.2026г.
💵
81
https://max.ru/c/-71046904611051/AZ95MYlbfIo"
3129,https://t.me/AutoWorld_Georgia/3129,2026-07-19T11:57:17+00:00,США,KIA,Forte,2023,GT-Line,10100ml,"2.0l, на 147HP",147.0,,CVT,передний FWD,"""",кожа,"""сзади""",3KPF54AD9RE720129,20.07.2026,,2300000,,55617886,19.07.2026,,"👤
👤
👤
👤
👤
👤
👤
на 20.07
🌟
KIA Forte 11/23г.
✨
2️⃣
🤩
1️⃣
9️⃣
🔤
🔤
🔤
*
🔹
комплектация
GT-Line
🔹
Пробег:
10100ml
👍
🔹
Двигатель:
2.0l, на 147HP
🐎
💨
🔹
Коробка
: CVT
🔹
Привод:
передний FWD
🔹
Безопасность: ""
завод
""
🛡
🔹
Салон кожа
🛋
🔹
Повреждения ""сзади""
📜
История автомобиля
👇
3KPF54AD9RE720129
⚖️
🛎
Торги 20.07.2026г.
+- 11000
😀
(расчетная ставка)
Цена в России (с ремонтом) под
🔧
+- 2,3 млн. руб.
*
стоимость автомобиля,
с учётом таможенных платежей
в размере
500 тыс.руб.
🔎
👾
55617886
расчёт 19.07.2026г.
💵
81
https://max.ru/c/-71046904611051/AZ96P4tYMmY"
3140,https://t.me/AutoWorld_Georgia/3140,2026-07-21T05:20:26+00:00,США,KIA,Forte,2023,GT-Line,10100ml,"2.0l, на 147HP",147.0,,CVT,передний FWD,"""завод""",кожа,"""сзади"" …",,,,,,,,,"👤
👤
👤
👤
👤
👤
👤
на 20.07
🌟
KIA Forte 11/23г.
✨
2️⃣
🤩
1️⃣
9️⃣
🔤
🔤
🔤
*
🔹
комплектация GT-Line
🔹
Пробег: 10100ml
👍
🔹
Двигатель: 2.0l, на 147HP
🐎
💨
🔹
Коробка: CVT
🔹
Привод: передний FWD
🔹
Безопасность: ""завод""
🛡
🔹
Салон кожа
🛋
🔹
Повреждения ""сзади"" …"
3141,https://t.me/AutoWorld_Georgia/3141,2026-07-21T05:23:40+00:00,США,Nissan,Sentra,2026,SR,5800ml,"2.0l, на 149HP",149.0,,CVT,передний FWD,"""завод""",надежный текстиль,"""незначительные""…",,,,,,,,,"👤
👤
👤
👤
👤
👤
👤
на 20.07
🌟
Nissan Sentra 04/26г.
✨
2️⃣
🤩
8️⃣
2️⃣
🔤
🔤
🔤
*
🔹
комплектация SR
🔹
Пробег: 5800ml
👍
🔹
Двигатель: 2.0l, на 149HP
🐎
💨
🔹
Коробка: CVT
🔹
Привод: передний FWD
🔹
Безопасность: ""завод""
🛡
🔹
Салон надежный текстиль
🛋
🔹
Повреждения ""незначительные""…"
3142,https://t.me/AutoWorld_Georgia/3142,2026-07-21T05:24:37+00:00,США,Nissan,Sentra,2023,SV,41800ml,"2.0l, на 149HP",149.0,,CVT,передний FWD,"""завод""",надежный текстиль,"""незначительные""…",,,,,,,,,"👤
👤
👤
👤
👤
👤
👤
на 20.07
🌟
Nissan Sentra 05/23г.
✨
1️⃣
🤩
6️⃣
9️⃣
🔤
🔤
🔤
*
🔹
комплектация SV
🔹
Пробег: 41800ml
👍
🔹
Двигатель: 2.0l, на 149HP
🐎
💨
🔹
Коробка: CVT
🔹
Привод: передний FWD
🔹
Безопасность: ""завод""
🛡
🔹
Салон надежный текстиль
🛋
🔹
Повреждения ""незначительные""…"
3143,https://t.me/AutoWorld_Georgia/3143,2026-07-21T07:35:03+00:00,Грузия,,,,LT,72500км,1.3l на 155HP,155.0,,АКПП-9,полный,"""",надежный текстиль,,KL79MRSL4PB144301,,,,,,21.07.2026,,"🤩
🤩
🤩
🤩
🤩
🤩
до
1⃣
6⃣
🤩
🌟
Chevrolet Trailblazer
02/23г.
🚗
✨
1️⃣
🤩
8️⃣
1️⃣
🔤
🔤
🔤
🔹
комплектация
LT
🔹
Пробег:
72500км
👍
🔹
Двигатель:
1.3l на 155HP
🐎
💨
🔹
Коробка:
АКПП-9
🔹
Привод: полный
AWD
🔹
Безопасность ""
90% завод
""
🔹
Салон надежный текстиль
🛋
📜
История автомобиля
👇
KL79MRSL4PB144301
🔎
14MA6187221
расчёт 21.07.2026г.
💵
81"
3152,https://t.me/AutoWorld_Georgia/3152,2026-07-21T07:53:57+00:00,Грузия,,,,1RS,51800км,1.2l на 137HP,137.0,,АКПП-6,передний F,"""",надежный текстиль,,KL77LGE21RC032862,,,,,,21.07.2026,,"🤩
🤩
🤩
🤩
🤩
🤩
до
1⃣
6⃣
🤩
🌟
Chevrolet Trax
04/23г.
🚗
✨
1️⃣
🤩
9️⃣
6️⃣
🔤
🔤
🔤
🔹
комплектация
1RS
🔹
Пробег:
51800км
👍
🔹
Двигатель:
1.2l на 137HP
🐎
💨
🔹
Коробка:
АКПП-6
🔹
Привод: передний F
WD
🔹
Безопасность ""
завод
""
🔹
Салон надежный текстиль
🛋
📜
История автомобиля
👇
KL77LGE21RC032862
🔎
51MA3495221
расчёт 21.07.2026г.
💵
81"
3161,https://t.me/AutoWorld_Georgia/3161,2026-07-21T13:41:56+00:00,,Outlander,Sport (ASX),2023,SЕ,71800км,"2,0l на 148HP",148.0,,CVT,полный,"""",кожа,,JA4ARUAU5PU015819,,,,,,21.07.2026,,"🐶
Outlander Sport (ASX) 07/23г.
🚗
2️⃣
🤩
🔤
6️⃣
🔤
🔤
🔤
🔹
комплектация
SЕ
🔹
Пробег:
71800км
👍
🔹
Двигатель:
2,0l на 148HP
🐎
💨
🔹
Коробка:
CVT
🔹
Привод: полный
AWD
🔹
Безопасность ""
завод
""
🔹
Салон кожа
🛋
📜
История автомобиля
👇
JA4ARUAU5PU015819
🔎
1606ГТ2107
расчёт 21.07.2026г.
💵
81"
3171,https://t.me/AutoWorld_Georgia/3171,2026-07-22T02:43:51+00:00,Грузия,,,,LS,33000км,1.4l на 155HP,155.0,,АКПП-6,полный,"""",надежный текстиль,,KL7CJNSM5NB549208,,,,,,21.07.2026,,"🤩
🤩
🤩
🤩
🤩
🤩
до
1⃣
6⃣
🤩
🌟
Chevrolet Trax
07/22г.
🚗
✨
1️⃣
🤩
4️⃣
6️⃣
🔤
🔤
🔤
🔹
комплектация
LS
🔹
Пробег:
33000км
👍
🔹
Двигатель:
1.4l на 155HP
🐎
💨
🔹
Коробка:
АКПП-6
🔹
Привод: полный
AWD
🔹
Безопасность ""
80% завод
""
🔹
Салон надежный текстиль
🛋
📜
История автомобиля
👇
KL7CJNSM5NB549208
🔎
0826АРГ1607
расчёт 21.07.2026г.
💵
81"
3175,https://t.me/AutoWorld_Georgia/3175,2026-07-22T02:44:16+00:00,Грузия,,,,SR,16000км,1.6l на 125HP,125.0,,CVT,передний,"""",надежный текстиль,,3N1CP5DV0PL513261,,,,,,22.07.2026,,"🤩
🤩
🤩
🤩
🤩
🤩
до
1⃣
6⃣
🤩
🌟
Nissan Kicks
02/23г.
🚗
✨
1️⃣
🤩
6️⃣
🔤
🔤
🔤
🔹
комплектация
SR
🔹
Пробег:
16000км
👍
🔹
Двигатель:
1.6l на 125HP
🐎
💨
🔹
Коробка:
CVT
🔹
Привод: передний
FWD
🔹
Безопасность ""
80% завод
""
🔹
Салон надежный текстиль
🛋
📜
История автомобиля
👇
3N1CP5DV0PL513261
🔎
1608АРГ1707
расчёт 22.07.2026г.
💵
81"
3184,https://t.me/AutoWorld_Georgia/3184,2026-07-22T02:44:44+00:00,Грузия,,,,SEL,71000км,2.0l на 147HP,147.0,,CVT,полный,"""",надежный текстиль,,KM8K3CAB2NU912562,,,,,,22.07.2026,,"🤩
🤩
🤩
🤩
🤩
🤩
до
1⃣
6⃣
🤩
🌟
Hyundai Kona
04/22г.
🚗
✨
2️⃣
🤩
🔤
🔤
🔤
🔤
🔹
комплектация
SEL
🔹
Пробег:
71000км
👍
🔹
Двигатель:
2.0l на 147HP
🐎
💨
🔹
Коробка:
CVT
🔹
Привод: полный
AWD
🔹
Безопасность ""
90% завод
""
🔹
Салон надежный текстиль
🛋
📜
История автомобиля
👇
KM8K3CAB2NU912562
🔎
1821АРГ1707
расчёт 22.07.2026г.
💵
81"
3194,https://t.me/AutoWorld_Georgia/3194,2026-07-22T02:45:03+00:00,Грузия,,,,XLE HYBRID,57500км,1.8l на 96HP,96.0,,CVT,передний,"""",надежный текстиль,,JTDKAMFU7N3167968,,,,,,22.07.2026,,"🤩
🤩
🤩
🤩
🤩
🤩
до
1⃣
6⃣
🤩
🌟
TOYOTA Prius
01/22г.
🚗
✨
2️⃣
🤩
2️⃣
6️⃣
🔤
🔤
🔤
🔹
комплектация
XLE HYBRID
🔹
Пробег:
57500км
👍
🔹
Двигатель:
1.8l на 96HP
🐎
💨
🔹
Коробка:
CVT
🔹
Привод: передний
FWD
🔹
Безопасность ""
завод
""
🔹
Салон надежный текстиль
🛋
📜
История автомобиля
👇
JTDKAMFU7N3167968
🔎
1758АРГ1907
расчёт 22.07.2026г.
💵
81"
3201,https://t.me/AutoWorld_Georgia/3201,2026-07-22T03:03:19+00:00,Грузия,,,,SEL,81000км,2.0l на 147HP,147.0,,CVT,передний,"""",надежный текстиль,,5NPLS4AG0PH100025,,,,,,22.07.2026,,"🤩
🤩
🤩
🤩
🤩
🤩
до
1⃣
6⃣
🤩
🌟
Hyundai Elantra
09/22г.
🚗
✨
1️⃣
🤩
8️⃣
9️⃣
🔤
🔤
🔤
🔹
комплектация
SEL
🔹
Пробег:
81000км
👍
🔹
Двигатель:
2.0l на 147HP
🐎
💨
🔹
Коробка:
CVT
🔹
Привод: передний
FWD
🔹
Безопасность ""
завод
""
🔹
Салон надежный текстиль
🛋
, 2 ключа!!!
📜
История автомобиля
👇
5NPLS4AG0PH100025
🔎
1314АРГ2107
расчёт 22.07.2026г.
💵
81"
3210,https://t.me/AutoWorld_Georgia/3210,2026-07-22T07:05:44+00:00,США,KIA,K4,2025,EX,3300ml,"2.0l, на 147HP",147.0,,CVT,передний FWD,"""",надежный текстиль,"""сзади""",3KPFU4DE8SE230603,24.07.2026,,2700000,,55170606,22.07.2026,,"👤
👤
👤
👤
👤
👤
👤
на 24.07
🌟
KIA K4 10/25г.
✨
2️⃣
🤩
4️⃣
7️⃣
🔤
🔤
🔤
*
🔹
комплектация
EX
🔹
Пробег:
3300ml
👍
🔹
Двигатель:
2.0l, на 147HP
🐎
💨
🔹
Коробка
: CVT
🔹
Привод:
передний FWD
🔹
Безопасность: ""
завод
""
🛡
🔹
Салон надежный текстиль
🛋
🔹
Повреждения ""сзади""
📜
История автомобиля
👇
3KPFU4DE8SE230603
⚖️
🛎
Торги 24.07.2026г.
+- 12000
😀
(расчетная ставка)
Цена в России (с ремонтом) под
🔧
+- 2,7 млн. руб.
*
стоимость автомобиля,
с учётом таможенных платежей
в размере
650 тыс.руб.
🔎
👾
55170606
расчёт 22.07.2026г.
💵
81"
3221,https://t.me/AutoWorld_Georgia/3221,2026-07-28T08:18:01+00:00,Грузия,,,,SR Xtronic,45300км,"2,0l на 149HP",149.0,,CVT,передний  FWD,"""восстановлена""",кожа,,3N1AB8DV9PY244266,,,,,,28.07.2026,,"🔥
🔥
⚠️
⚠️
⚠️
⚠️
⚠️
⚠️
🤩
🤩
🤩
🤩
🤩
🤩
до
1⃣
6⃣
🤩
🌟
Nissan Sentra 02/23г.
🚗
✨
1️⃣
🤩
9️⃣
7️⃣
🔤
🔤
🔤
🔹
комплектация SR Xtronic
🔹
Пробег:  45300км
👍
🔹
Двигатель: 2,0l на 149HP
🐎
💨
🔹
Коробка: CVT
🔹
Привод: передний  FWD
🔹
Безопасность ""восстановлена""
🔹
Салон кожа
🛋
, камеры 360, люк, Bi-LED оптика
📜
История автомобиля
👇
3N1AB8DV9PY244266
🔎
САТ
расчёт 28.07.2026г.
💵
81"
3231,https://t.me/AutoWorld_Georgia/3231,2026-07-28T09:04:18+00:00,Грузия,,,,EX,63100км,2.0l на 146HP,146.0,,CVT,полный,"""",кожа,,KNDERCAA2R7546579,,,,,,28.07.2026,,"🤩
🤩
🤩
🤩
🤩
🤩
до
1⃣
6⃣
🤩
🌟
KIA Seltos
08/23г.
🚗
✨
2️⃣
🤩
5️⃣
2️⃣
🔤
🔤
🔤
🔹
комплектация
EX
🔹
Пробег:
63100км
👍
🔹
Двигатель:
2.0l на 146HP
🐎
💨
🔹
Коробка:
CVT
🔹
Привод: полный
AWD
🔹
Безопасность ""
завод
""
🔹
Салон кожа
🛋
📜
История автомобиля
👇
KNDERCAA2R7546579
🔎
1645АИА2707
расчёт 28.07.2026г.
💵
81"
3241,https://t.me/AutoWorld_Georgia/3241,2026-07-28T10:15:35+00:00,США,Range,Rover Velar,2024,Dynamic SE,56400ml,"2.0l, на 247HP",247.0,,АКПП-8,полный AWD,"""",кожа,"""незначительные""",SALYL2EX9SA397418,29.07.2026,,6400000,,55197636,28.07.2026,,"👤
👤
👤
👤
👤
👤
👤
на 29.07
🌟
Range Rover Velar 04/24г.
✨
6️⃣
🤩
1️⃣
9️⃣
🔤
🔤
🔤
*
🔹
комплектация
Dynamic SE
🔹
Пробег:
56400ml
👍
🔹
Двигатель:
2.0l, на 247HP
🐎
💨
🔹
Коробка
: АКПП-8
🔹
Привод:
полный AWD
🔹
Безопасность: ""
завод
""
🛡
🔹
Салон кожа
🛋
🔹
Повреждения ""незначительные""
📜
История автомобиля
👇
SALYL2EX9SA397418
⚖️
🛎
Торги 29.07.2026г.
BUY NOW
♦️
3⃣
3⃣
5⃣
1⃣
1⃣
😀
Цена в России (с ремонтом) под
🔧
+- 6,4 млн. руб.
*
стоимость автомобиля,
с учётом таможенных платежей
в размере
2455 тыс.руб.
🔎
👾
55197636
расчёт 28.07.2026г.
💵
81
https://max.ru/c/-71046904611051/AZ-oPWqaWnU"
3251,https://t.me/AutoWorld_Georgia/3251,2026-07-28T13:21:10+00:00,США,Cadillac,XT5,2025,Luxury,17100ml,"2.0l, на 235HP",235.0,,АКПП-9,передний FWD,"""",кожа,"""незначительные""",1GYKNAR47SZ136396,29.07.2026,,4200000,,45359399,28.07.2026,,"👤
👤
👤
👤
👤
👤
👤
на 29.07
🌟
Cadillac XT5 03/25г.
✨
3️⃣
🤩
8️⃣
2️⃣
🔤
🔤
🔤
*
🔹
комплектация
Luxury
🔹
Пробег:
17100ml
👍
🔹
Двигатель:
2.0l, на 235HP
🐎
💨
🔹
Коробка
: АКПП-9
🔹
Привод:
передний FWD
🔹
Безопасность: ""
завод
""
🛡
🔹
Салон кожа
🛋
🔹
Повреждения ""незначительные""
📜
История автомобиля
👇
1GYKNAR47SZ136396
⚖️
🛎
Торги 29.07.2026г.
BUY NOW
♦️
1⃣
4⃣
7⃣
7⃣
5⃣
😀
Цена
в России (
с ремонтом
) под
🔧
+- 4,2 млн. руб.
*
стоимость автомобиля,
с учётом таможенных платежей
в размере
1720 тыс.руб.
🔎
👹
45359399
расчёт 28.07.2026г.
💵
81"
3262,https://t.me/AutoWorld_Georgia/3262,2026-08-01T09:00:56+00:00,Грузия,,,,Activ,56000км,"1,3l на 155HP",155.0,,CVT,передний,"""",комбинированный,,,,,,,,01.08.2026,https://storage.yandexcloud.net/viiversion-auto-sale-media/cars/autoworld-3262/main-1790168857091-main-1-883acb0d.jpg | https://storage.yandexcloud.net/viiversion-auto-sale-media/cars/autoworld-3262/other-1790168857885-other-2-3305f5bf.jpg | https://storage.yandexcloud.net/viiversion-auto-sale-media/cars/autoworld-3262/other-1790168858654-other-3-9a05b250.jpg | https://storage.yandexcloud.net/viiversion-auto-sale-media/cars/autoworld-3262/other-1790168859320-other-4-0bfdbaba.jpg | https://storage.yandexcloud.net/viiversion-auto-sale-media/cars/autoworld-3262/other-1790168859956-other-5-c7dc7d81.jpg | https://storage.yandexcloud.net/viiversion-auto-sale-media/cars/autoworld-3262/other-1790168860397-other-6-cfb8efb8.jpg | https://storage.yandexcloud.net/viiversion-auto-sale-media/cars/autoworld-3262/other-1790168861200-other-7-8c311f27.jpg | https://storage.yandexcloud.net/viiversion-auto-sale-media/cars/autoworld-3262/other-1790168861962-other-8-ab18b071.jpg | https://storage.yandexcloud.net/viiversion-auto-sale-media/cars/autoworld-3262/other-1790168862394-other-9-195447f2.jpg | https://storage.yandexcloud.net/viiversion-auto-sale-media/cars/autoworld-3262/other-1790168863158-other-10-4353f48d.jpg,"🤩
🤩
🤩
🤩
🤩
🤩
до
1⃣
6⃣
🤩
🌟
Chevrolet Trailblazer
01/23г.
🚗
✨
1️⃣
🤩
9️⃣
2️⃣
🔤
🔤
🔤
🔹
комплектация
Activ
🔹
Пробег:
56000км
👍
🔹
Двигатель:
1,3l на 155HP
🐎
💨
🔹
Коробка:
CVT
🔹
Привод: передний
FWD
🔹
Безопасность ""
завод
""
🔹
Салон комбинированный
🛋
🔎
79МА0068221
расчёт 01.08.2026г.
💵
81"
3272,https://t.me/AutoWorld_Georgia/3272,2026-08-01T09:39:14+00:00,Грузия,,,,LX,103500км,2.0l на 147HP,147.0,,CVT,передний,"""",текстиль,,KNDJ23AUXN7813393,,,,,,01.07.2026,https://storage.yandexcloud.net/viiversion-auto-sale-media/cars/autoworld-3272/main-1790168863913-main-1-a2b4ce98.jpg | https://storage.yandexcloud.net/viiversion-auto-sale-media/cars/autoworld-3272/other-1790168864789-other-2-015524c8.jpg | https://storage.yandexcloud.net/viiversion-auto-sale-media/cars/autoworld-3272/other-1790168865571-other-3-fc88fbd5.jpg | https://storage.yandexcloud.net/viiversion-auto-sale-media/cars/autoworld-3272/other-1790168866370-other-4-c8bb9885.jpg | https://storage.yandexcloud.net/viiversion-auto-sale-media/cars/autoworld-3272/other-1790168867137-other-5-4a2eac23.jpg | https://storage.yandexcloud.net/viiversion-auto-sale-media/cars/autoworld-3272/other-1790168867907-other-6-39fbb39f.jpg | https://storage.yandexcloud.net/viiversion-auto-sale-media/cars/autoworld-3272/other-1790168868529-other-7-f80e9825.jpg | https://storage.yandexcloud.net/viiversion-auto-sale-media/cars/autoworld-3272/other-1790168869174-other-8-6314c4e0.jpg | https://storage.yandexcloud.net/viiversion-auto-sale-media/cars/autoworld-3272/other-1790168869597-other-9-b812ce96.jpg | https://storage.yandexcloud.net/viiversion-auto-sale-media/cars/autoworld-3272/other-1790168870033-other-10-a1936d67.jpg,"🤩
🤩
🤩
🤩
🤩
🤩
до
1⃣
6⃣
🤩
🌟
KIA SOUL
09/21г.
🚗
✨
1️⃣
🤩
6️⃣
7️⃣
🔤
🔤
🔤
🔹
комплектация
LX
🔹
Пробег:
103500км
👍
🔹
Двигатель:
2.0l на 147HP
🐎
💨
🔹
Коробка:
CVT
🔹
Привод: передний
FWD
🔹
Безопасность ""
завод
""
🔹
Салон текстиль
🛋
📜
История автомобиля
👇
KNDJ23AUXN7813393
🔎
23MA2278221
расчёт 01.07.2026г.
💵
81"
3282,https://t.me/AutoWorld_Georgia/3282,2026-08-01T10:19:12+00:00,Грузия,,,,,0 км,1.0l на 120HP,120.0,,CVT,передний,"""",комбинированный,,,,,,,,01.07.2026,https://storage.yandexcloud.net/viiversion-auto-sale-media/cars/autoworld-3282/main-1790168870804-main-1-5578a01d.jpg | https://storage.yandexcloud.net/viiversion-auto-sale-media/cars/autoworld-3282/other-1790168871575-other-2-a4cf71b5.jpg | https://storage.yandexcloud.net/viiversion-auto-sale-media/cars/autoworld-3282/other-1790168872349-other-3-8c628ce8.jpg | https://storage.yandexcloud.net/viiversion-auto-sale-media/cars/autoworld-3282/other-1790168873104-other-4-e4dd248c.jpg | https://storage.yandexcloud.net/viiversion-auto-sale-media/cars/autoworld-3282/other-1790168873880-other-5-8a3745e7.jpg | https://storage.yandexcloud.net/viiversion-auto-sale-media/cars/autoworld-3282/other-1790168874656-other-6-c1f9126d.jpg | https://storage.yandexcloud.net/viiversion-auto-sale-media/cars/autoworld-3282/other-1790168875420-other-7-47f088dc.jpg | https://storage.yandexcloud.net/viiversion-auto-sale-media/cars/autoworld-3282/other-1790168876259-other-8-38f6cb1d.jpg | https://storage.yandexcloud.net/viiversion-auto-sale-media/cars/autoworld-3282/other-1790168876763-other-9-a5394fbe.jpg,"🤩
🤩
🤩
🤩
🤩
🤩
до
1⃣
6⃣
🤩
🌟
Hyundai Venue
03/23г.
🚗
✨
2️⃣
🤩
3️⃣
6️⃣
🔤
🔤
🔤
🔹
Пробег:
0 км
👍
🔹
Двигатель:
1.0l на 120HP
🐎
💨
🔹
Коробка:
CVT
🔹
Привод: передний
FWD
🔹
Безопасность ""
завод
""
🔹
Салон комбинированный
🛋
📜
История автомобиля
👇
🔴
🟠
🔴
🔴
🔴
🔎
53MA1794221
расчёт 01.07.2026г.
💵
81"
3290,https://t.me/AutoWorld_Georgia/3290,2026-08-01T12:08:39+00:00,Грузия,,,,PRIME,0 км,2.0l на 150HP,150.0,,АКПП-6,полный,"""",Кожаный руль,,,,,,,,01.07.2026,https://storage.yandexcloud.net/viiversion-auto-sale-media/cars/autoworld-3290/main-1790168877857-main-1-c93ebf4c.jpg | https://storage.yandexcloud.net/viiversion-auto-sale-media/cars/autoworld-3290/other-1790168878862-other-2-5812d8ba.jpg | https://storage.yandexcloud.net/viiversion-auto-sale-media/cars/autoworld-3290/other-1790168880022-other-3-46e39560.jpg | https://storage.yandexcloud.net/viiversion-auto-sale-media/cars/autoworld-3290/other-1790168880977-other-4-86da0476.jpg | https://storage.yandexcloud.net/viiversion-auto-sale-media/cars/autoworld-3290/other-1790168881781-other-5-78c35fd4.jpg | https://storage.yandexcloud.net/viiversion-auto-sale-media/cars/autoworld-3290/other-1790168882676-other-6-bf951b52.jpg | https://storage.yandexcloud.net/viiversion-auto-sale-media/cars/autoworld-3290/other-1790168883621-other-7-e4917e68.jpg | https://storage.yandexcloud.net/viiversion-auto-sale-media/cars/autoworld-3290/other-1790168884402-other-8-b5ab72f5.jpg | https://storage.yandexcloud.net/viiversion-auto-sale-media/cars/autoworld-3290/other-1790168885163-other-9-1f49a2c1.jpg | https://storage.yandexcloud.net/viiversion-auto-sale-media/cars/autoworld-3290/other-1790168885946-other-10-d6a34ea7.jpg,"🤩
🤩
🤩
🤩
🤩
🤩
до
1⃣
6⃣
🤩
🌟
Hyundai Tucson 2026г
.
🚗
✨
4️⃣
🤩
7️⃣
5️⃣
🔤
🔤
🔤
🔹
Пробег:
0 км
👍
🔹
Двигатель:
2.0l на 150HP
🐎
💨
🔹
Коробка:
АКПП-6
🔹
Привод: полный
AWD
🔹
Безопасность ""
завод
""
🔹
комплектация:
PRIME
- Проекционный дисплей
- Камеры 360
- Система слепых зон зоны
- R19 диски
- Matrix LED фары
- Выбор режима движения (Eco, Normal, Sport)
- Электрические регулируемые зеркала с подогревом
- Датчик дождя и света
- Задний спойлер
- Кожаный салон
- Кожаный руль
- Подогрев руля
- Подогрев передних сидений
- Подогрев задних сидений
- Вентиляция передних сидений
- Электропривод передних сидений
- 12,3 дюймовый сенсорный дисплей с навигацией
- Bluetooth, Android Auto, Apple CarPlay
- Камера заднего вида
- Передние/Задние парктроники
- Трехзонный климат-контроль
- Панорамный крыша
- Дистронник
- Круиз-контроль
- Система Start-Stop
- Бесключевой доступ
- Система удержания в полосе
Сборка ЧЕХИЯ!!!
📜
История автомобиля
👇
🔴
🟠
🔴
🔴
🔴
расчёт 01.07.2026г.
💵
81"
3310,https://t.me/AutoWorld_Georgia/3310,2026-08-01T12:44:53+00:00,Грузия,,,,GT-LINE PREMIUM,0 км,2.0l на 156HP,156.0,,АКПП-8,полный,"""","кожа, алькантара",,,,,,,,01.07.2026,https://storage.yandexcloud.net/viiversion-auto-sale-media/cars/autoworld-3310/main-1790168886747-main-1-c091a40d.jpg | https://storage.yandexcloud.net/viiversion-auto-sale-media/cars/autoworld-3310/other-1790168887195-other-2-ad5960e4.jpg | https://storage.yandexcloud.net/viiversion-auto-sale-media/cars/autoworld-3310/other-1790168887623-other-3-a5f00c67.jpg | https://storage.yandexcloud.net/viiversion-auto-sale-media/cars/autoworld-3310/other-1790168888077-other-4-891248d4.jpg | https://storage.yandexcloud.net/viiversion-auto-sale-media/cars/autoworld-3310/other-1790168888503-other-5-789dca99.jpg | https://storage.yandexcloud.net/viiversion-auto-sale-media/cars/autoworld-3310/other-1790168889280-other-6-e436ad97.jpg | https://storage.yandexcloud.net/viiversion-auto-sale-media/cars/autoworld-3310/other-1790168889755-other-7-66e1cc9a.jpg,"🤩
🤩
🤩
🤩
🤩
🤩
до
1⃣
6⃣
🤩
🌟
KIA Sportage 2026г
.
🚗
✨
5️⃣
🤩
2️⃣
5️⃣
🔤
🔤
🔤
🔹
Пробег:
0 км
👍
🔹
Двигатель:
2.0l на 156HP
🐎
💨
🔹
Коробка:
АКПП-8
🔹
Привод: полный
AWD
🔹
Безопасность ""
завод
""
🔹
комплектация:
GT-LINE PREMIUM
- Круговой обзор 360
- Премиальная аудиосистема HARMAN&KARDON
- Монитор слепых зон
- Система распознавания дорожных знаков
- Память положения сиденья
водителя
- Проекция на лобовом стекле
- Система предотвращения столкновения
- Бесключевой
доступ
- Бесключевая система Start&Stop
- Выбор режима езды: ЭКО, Стандарт, Спорт
- Многофункциональный кожаный руль
- 12.3’’ сенсорный большой дисплей
- Беспроводной CarPlay, AndroidAuto
- Русский язык
- Парктроники
- Диски R19’ с резиной Continental
- Комбинированный салон: кожа, алькантара
- Подогрев передних сидений
- Вентиляция передних сидений
- Подогрев заднего ряда
- Подогрев руля
- Двузонный климат-контроль
- Панорамная крыша
- Круиз-контроль
- Система удержания полосы
- Датчик давления в шинах
- LED фары
- LED дневные ходовые огни
- Подогрев боковых зеркал
- Беспроводная зарядка для телефона
- Электро-ручник с системой AUTO-HOLD
- Электронная приборная панель
Сборка СЛОВАКИЯ!!!
📜
История автомобиля
👇
🔴
🟠
🔴
🔴
🔴
расчёт 01.07.2026г.
💵
81"
3316,https://t.me/AutoWorld_Georgia/3316,2026-08-02T11:30:28+00:00,США,на,,2008,Base 5-Door,9900ml,"2.0l, на 152HP",152.0,,CVT,полный AWD,"""",текстиль,"""кража, стекло""",JF1GUABC8S8250063,04.08.2026,,2300000,,45355003,02.08.2026,https://storage.yandexcloud.net/viiversion-auto-sale-media/cars/autoworld-3316/main-1790168890575-main-1-97847b7c.jpg | https://storage.yandexcloud.net/viiversion-auto-sale-media/cars/autoworld-3316/other-1790168891372-other-2-ab4089cd.jpg | https://storage.yandexcloud.net/viiversion-auto-sale-media/cars/autoworld-3316/other-1790168892156-other-3-a5fb2636.jpg | https://storage.yandexcloud.net/viiversion-auto-sale-media/cars/autoworld-3316/other-1790168892904-other-4-689805e5.jpg | https://storage.yandexcloud.net/viiversion-auto-sale-media/cars/autoworld-3316/other-1790168893560-other-5-fe015c60.jpg | https://storage.yandexcloud.net/viiversion-auto-sale-media/cars/autoworld-3316/other-1790168894268-other-6-984a8f8f.jpg | https://storage.yandexcloud.net/viiversion-auto-sale-media/cars/autoworld-3316/other-1790168895031-other-7-aac80d4d.jpg | https://storage.yandexcloud.net/viiversion-auto-sale-media/cars/autoworld-3316/other-1790168895548-other-8-c69813e9.jpg | https://storage.yandexcloud.net/viiversion-auto-sale-media/cars/autoworld-3316/other-1790168896068-other-9-c52d2274.jpg | https://storage.yandexcloud.net/viiversion-auto-sale-media/cars/autoworld-3316/other-1790168896896-other-10-6d52e696.jpg,"👤
👤
👤
👤
👤
👤
👤
на 04.08
🌟
Subaru Impreza 02/25г.
✨
2️⃣
🤩
2️⃣
2️⃣
🔤
🔤
🔤
*
🔹
комплектация
Base 5-Door
🔹
Пробег:
9900ml
👍
🔹
Двигатель:
2.0l, на 152HP
🐎
💨
🔹
Коробка
: CVT
🔹
Привод:
полный AWD
🔹
Безопасность: ""
завод
""
🛡
🔹
Салон текстиль
🛋
🔹
Повреждения ""кража, стекло""
📜
История автомобиля
👇
JF1GUABC8S8250063
⚖️
🛎
Торги 04.08.2026г.
+- 9500
😀
(расчетная ставка)
Цена в России (с ремонтом) под
🔧
+- 2.3 млн. руб.
*
стоимость автомобиля,
с учётом таможенных платежей
в размере
650 тыс.руб.
🔎
👹
45355003
расчёт 02.08.2026г.
💵
81
https://max.ru/c/-71046904611051/AZ_CP9WCKO4"
3326,https://t.me/AutoWorld_Georgia/3326,2026-08-03T07:14:36+00:00,Грузия,,,,SEL PREMIUM,71200ml,"1,4l на 147HP",147.0,,АКПП-8,передний FWD,"""90% завод""",кожа с подогревом и,,3VWG57BU0KM207784,,,,,,03.08.2026,https://storage.yandexcloud.net/viiversion-auto-sale-media/cars/autoworld-3326/main-1790168898017-main-1-c916d0f8.jpg | https://storage.yandexcloud.net/viiversion-auto-sale-media/cars/autoworld-3326/other-1790168898777-other-2-e86b35c3.jpg | https://storage.yandexcloud.net/viiversion-auto-sale-media/cars/autoworld-3326/other-1790168899537-other-3-d403df24.jpg | https://storage.yandexcloud.net/viiversion-auto-sale-media/cars/autoworld-3326/other-1790168900107-other-4-a6b6c395.jpg | https://storage.yandexcloud.net/viiversion-auto-sale-media/cars/autoworld-3326/other-1790168900853-other-5-23efb984.jpg | https://storage.yandexcloud.net/viiversion-auto-sale-media/cars/autoworld-3326/other-1790168901725-other-6-431229c7.jpg | https://storage.yandexcloud.net/viiversion-auto-sale-media/cars/autoworld-3326/other-1790168902292-other-7-891e9f17.jpg | https://storage.yandexcloud.net/viiversion-auto-sale-media/cars/autoworld-3326/other-1790168903087-other-8-8efda083.jpg | https://storage.yandexcloud.net/viiversion-auto-sale-media/cars/autoworld-3326/other-1790168903840-other-9-751e3364.jpg | https://storage.yandexcloud.net/viiversion-auto-sale-media/cars/autoworld-3326/other-1790168904335-other-10-8fade52b.jpg,"🤩
🤩
🤩
🤩
🤩
🤩
до
1⃣
6⃣
🤩
🌟
Volkswagen Jetta
05/19г.
🚗
✨
1️⃣
🤩
9️⃣
5️⃣
🔤
🔤
🔤
🔹
комплектация
SEL PREMIUM
🔹
Пробег:  71200ml
👍
🔹
Двигатель: 1,4l на 147HP
🐎
💨
🔹
Коробка: АКПП-8
🔹
Привод: передний FWD
🔹
Безопасность ""90% завод""
🔹
Салон кожа с подогревом и
🔤
вентиляцией
🛋
, панорама, эл. панель, акустика Bose, оригинальная led оптика, эл.привод сидений с памятью.
📜
История автомобиля
👇
3VWG57BU0KM207784
🔎
ГТ0108
расчёт 03.08.2026г.
💵
81"
3353,https://t.me/AutoWorld_Georgia/3353,2026-08-04T03:07:34+00:00,Грузия,,,,Premium,68500км,2.0l на 152HP,152.0,,CVT,полный,"""",текстиль,,JF2GTAEC3N8250759,,,,,,04.08.2026,https://storage.yandexcloud.net/viiversion-auto-sale-media/cars/autoworld-3353/main-1790168905224-main-1-a87e5b45.jpg | https://storage.yandexcloud.net/viiversion-auto-sale-media/cars/autoworld-3353/other-1790168905690-other-2-f3dbf99b.jpg | https://storage.yandexcloud.net/viiversion-auto-sale-media/cars/autoworld-3353/other-1790168906452-other-3-72bf300c.jpg | https://storage.yandexcloud.net/viiversion-auto-sale-media/cars/autoworld-3353/other-1790168907226-other-4-c695f81c.jpg | https://storage.yandexcloud.net/viiversion-auto-sale-media/cars/autoworld-3353/other-1790168907723-other-5-dc015e9c.jpg,"🤩
🤩
🤩
🤩
🤩
🤩
до
1⃣
6⃣
🤩
🌟
Subaru Crosstrek
03/22г.
🚗
✨
2️⃣
🤩
🔤
7️⃣
🔤
🔤
🔤
🔹
комплектация
Premium
🔹
Пробег:
68500км
👍
🔹
Двигатель:
2.0l на 152HP
🐎
💨
🔹
Коробка:
CVT
🔹
Привод: полный
AWD
🔹
Безопасность ""
90% завод
""
🔹
Салон текстиль
🛋
📜
История автомобиля
👇
JF2GTAEC3N8250759
🔎
67MA6149221
расчёт 04.08.2026г.
💵
82"
3357,https://t.me/AutoWorld_Georgia/3357,2026-08-04T03:30:36+00:00,Грузия,Opel,Astra,2023,,10000км,1.2l на 130HP,130.0,,CVT,передний,"""",текстиль,,,,,,,,04.08.2026,https://storage.yandexcloud.net/viiversion-auto-sale-media/cars/autoworld-3357/main-1790168908485-main-1-9d8c99bb.jpg | https://storage.yandexcloud.net/viiversion-auto-sale-media/cars/autoworld-3357/other-1790168909249-other-2-03256350.jpg | https://storage.yandexcloud.net/viiversion-auto-sale-media/cars/autoworld-3357/other-1790168910029-other-3-8b81ce2e.jpg | https://storage.yandexcloud.net/viiversion-auto-sale-media/cars/autoworld-3357/other-1790168910614-other-4-b7964fe6.jpg | https://storage.yandexcloud.net/viiversion-auto-sale-media/cars/autoworld-3357/other-1790168911032-other-5-d08d8bca.jpg | https://storage.yandexcloud.net/viiversion-auto-sale-media/cars/autoworld-3357/other-1790168911449-other-6-11380e22.jpg | https://storage.yandexcloud.net/viiversion-auto-sale-media/cars/autoworld-3357/other-1790168911931-other-7-33ae942e.jpg,"🤩
🤩
🤩
🤩
🤩
🤩
до
1⃣
6⃣
🤩
🌟
Opel Astra 06/23г.
🚗
✨
2️⃣
🤩
2️⃣
7️⃣
🔤
🔤
🔤
🔹
Пробег:
10000км
👍
🔹
Двигатель:
1.2l на 130HP
🐎
💨
🔹
Коробка:
CVT
🔹
Привод: передний
FWD
🔹
Безопасность ""
завод
""
🔹
Салон текстиль
🛋
Автомобиль из Европы, полностью в заводском состоянии
🔎
63MA4382221
расчёт 04.08.2026г.
💵
82"
3373,https://t.me/AutoWorld_Georgia/3373,2026-08-04T12:53:31+00:00,Грузия,Chevrolet,TRAX,2023,2RS,109400км,1.2l на 139HP,139.0,,АКПП-6,передний,"""",кожа,й,,,,,,,04.08.2026,https://storage.yandexcloud.net/viiversion-auto-sale-media/cars/autoworld-3373/main-1790168913030-main-1-87e15136.jpg | https://storage.yandexcloud.net/viiversion-auto-sale-media/cars/autoworld-3373/other-1790168913999-other-2-e5080c7b.jpg | https://storage.yandexcloud.net/viiversion-auto-sale-media/cars/autoworld-3373/other-1790168914589-other-3-36738cb7.jpg | https://storage.yandexcloud.net/viiversion-auto-sale-media/cars/autoworld-3373/other-1790168915395-other-4-a3984b81.jpg | https://storage.yandexcloud.net/viiversion-auto-sale-media/cars/autoworld-3373/other-1790168916195-other-5-e3f12a5c.jpg | https://storage.yandexcloud.net/viiversion-auto-sale-media/cars/autoworld-3373/other-1790168916976-other-6-9ae6a56e.jpg | https://storage.yandexcloud.net/viiversion-auto-sale-media/cars/autoworld-3373/other-1790168917455-other-7-ebadee14.jpg,"🤩
🤩
🤩
🤩
🤩
🤩
до
1⃣
6⃣
🤩
🌟
Chevrolet TRAX 05/23г.
🚗
✨
2️⃣
🤩
1️⃣
1️⃣
🔤
🔤
🔤
🔹
комплектация
2RS
🔹
Пробег:
109400км
👍
🔹
Двигатель:
1.2l на 139HP
🐎
💨
🔹
Коробка:
АКПП-6
🔹
Привод: передний
FWD
🔹
Безопасность ""
завод
""
🔹
Салон кожа
🛋
📜
История автомобиля
👇
КОРЕЯ без повреждений
🔺
🔎
ДПА
расчёт 04.08.2026г.
💵
82"
3385,https://t.me/AutoWorld_Georgia/3385,2026-08-12T11:33:08+00:00,США,Mercedes-Benz,GLE,2023,450E,67800ml,"гибрид 2.0l, на 381HP",381.0,4л/100км,АКПП-9,4Matic,"""",кожа,"""незначительные""",4JGFB4GB5RB053650,13.08.2026,,7350000,,57998146,12.08.2026,https://storage.yandexcloud.net/viiversion-auto-sale-media/cars/autoworld-3385/main-1790168918202-main-1-9ae71602.jpg | https://storage.yandexcloud.net/viiversion-auto-sale-media/cars/autoworld-3385/other-1790168919026-other-2-d334b871.jpg | https://storage.yandexcloud.net/viiversion-auto-sale-media/cars/autoworld-3385/other-1790168919822-other-3-d7dfcba4.jpg | https://storage.yandexcloud.net/viiversion-auto-sale-media/cars/autoworld-3385/other-1790168920583-other-4-dacce44b.jpg | https://storage.yandexcloud.net/viiversion-auto-sale-media/cars/autoworld-3385/other-1790168921343-other-5-b2696ca7.jpg | https://storage.yandexcloud.net/viiversion-auto-sale-media/cars/autoworld-3385/other-1790168922094-other-6-629373f4.jpg | https://storage.yandexcloud.net/viiversion-auto-sale-media/cars/autoworld-3385/other-1790168922967-other-7-dacd8b62.jpg | https://storage.yandexcloud.net/viiversion-auto-sale-media/cars/autoworld-3385/other-1790168923743-other-8-bb3d693a.jpg | https://storage.yandexcloud.net/viiversion-auto-sale-media/cars/autoworld-3385/other-1790168924317-other-9-66bec3c9.jpg | https://storage.yandexcloud.net/viiversion-auto-sale-media/cars/autoworld-3385/other-1790168925109-other-10-78a5ad03.jpg,"👤
👤
👤
👤
👤
👤
👤
на 13.08
🌟
Mercedes-Benz GLE 08/23г.
✨
7️⃣
🤩
2️⃣
5️⃣
🔤
🔤
🔤
*
🔹
комплектация
450E
🔹
Пробег:
67800ml
👍
🔹
Двигатель:
гибрид 2.0l, на 381HP
🐎
💨
🔹
Расход
: 4л/100км
🔺
🔹
Коробка
: АКПП-9
🔹
Привод:
4Matic
🔹
Безопасность: ""
завод
""
🛡
🔹
Салон кожа
🛋
🔹
Повреждения ""незначительные""
📜
История автомобиля
👇
4JGFB4GB5RB053650
⚖️
🛎
Торги 13.08.2026г.
BUY NOW
♦️
3⃣
7⃣
1⃣
1⃣
1⃣
😀
Цена
в России (
с ремонтом
) под
🔧
+- 7,35 млн. руб.
*
стоимость автомобиля,
с учётом таможенных платежей
в размере
3170 тыс.руб.
🔎
👾
57998146
расчёт 12.08.2026г.
💵
84
https://max.ru/c/-71046904611051/AZ_1xaJQKN8"
3395,https://t.me/AutoWorld_Georgia/3395,2026-08-12T12:32:35+00:00,США,K1500,,2023,LTZ,48500ml,"diesel 3.0l, на 305HP",305.0,,АКПП-10,полный AWD,"""",кожа,"""механические""",1GCUDGE80RZ204593,13.08.2026,,6500000,,64670046,12.08.2026,https://storage.yandexcloud.net/viiversion-auto-sale-media/cars/autoworld-3395/main-1790168926378-main-1-c31e5f9f.jpg | https://storage.yandexcloud.net/viiversion-auto-sale-media/cars/autoworld-3395/other-1790168927554-other-2-84d63363.jpg | https://storage.yandexcloud.net/viiversion-auto-sale-media/cars/autoworld-3395/other-1790168928699-other-3-6eaa54a3.jpg | https://storage.yandexcloud.net/viiversion-auto-sale-media/cars/autoworld-3395/other-1790168929616-other-4-35262da6.jpg | https://storage.yandexcloud.net/viiversion-auto-sale-media/cars/autoworld-3395/other-1790168930395-other-5-0f5dee3e.jpg | https://storage.yandexcloud.net/viiversion-auto-sale-media/cars/autoworld-3395/other-1790168931189-other-6-00f7c473.jpg | https://storage.yandexcloud.net/viiversion-auto-sale-media/cars/autoworld-3395/other-1790168931854-other-7-894f2d40.jpg | https://storage.yandexcloud.net/viiversion-auto-sale-media/cars/autoworld-3395/other-1790168932626-other-8-41437007.jpg | https://storage.yandexcloud.net/viiversion-auto-sale-media/cars/autoworld-3395/other-1790168933040-other-9-11c5a66a.jpg | https://storage.yandexcloud.net/viiversion-auto-sale-media/cars/autoworld-3395/other-1790168933482-other-10-be219c73.jpg,"👤
👤
👤
👤
👤
👤
👤
на 13.08
🌟
Chevrolet Silverado
,
K1500 11/23г.
✨
6️⃣
🤩
3️⃣
4️⃣
🔤
🔤
🔤
*
🔹
комплектация
LTZ
🔹
Пробег:
48500ml
👍
🔹
Двигатель:
diesel 3.0l, на 305HP
🐎
💨
🔹
Коробка
: АКПП-10
🔹
Привод:
полный AWD
🔹
Безопасность: ""
завод
""
🛡
🔹
Салон кожа
🛋
🔹
Повреждения ""механические""
📜
История автомобиля
👇
1GCUDGE80RZ204593
⚖️
🛎
Торги 13.08.2026г.
BUY NOW
♦️
3⃣
6⃣
5⃣
1⃣
1⃣
😀
Цена
в России (
с ремонтом
) под
🔧
+- 6,5 млн. руб.
*
стоимость автомобиля,
с учётом таможенных платежей
в размере
2200 тыс.руб.
🔎
👾
64670046
расчёт 12.08.2026г.
💵
84
https://max.ru/c/-71046904611051/AZ_1-qetL4M"
3405,https://t.me/AutoWorld_Georgia/3405,2026-08-12T13:13:13+00:00,,https://bid.cars/ru/lot/,,2078,Premium,22300ml,"2.0l, на 152HP",152.0,,CVT,полный AWD,"""",,,JF2GUADC1R8888478,,,,,,,https://storage.yandexcloud.net/viiversion-auto-sale-media/cars/autoworld-3405/main-1790168933959-main-1-7c3c09a1.jpg,"https://bid.cars/ru/lot/1-78554265/2024-Subaru-Crosstrek-JF2GUADC1R8888478
Друзья!
пришел мой аукционный SUBARU Crosstrek 09/24г.
🔹
комплектация
Premium
🔹
Пробег:
22300ml
👍
🔹
Двигатель:
2.0l, на 152HP
🐎
💨
🔹
Коробка
: CVT
🔹
Привод:
полный AWD
🔹
Безопасность: ""
завод
""
🛡
отдам ""под ключ"" с ремонтом
всего
2️⃣
🤩
3️⃣
5️⃣
🔤
🔤
🔤
(могу немного поторговаться)"
3406,https://t.me/AutoWorld_Georgia/3406,2026-08-13T13:26:22+00:00,Грузия,Chevrolet,TRAX,2023,RS,49200км,1.2l на 139HP,139.0,,АКПП-6,передний,"""",текстиль,,KL77LGE28RC068788,,,,,,13.08.2026,,"🤩
🤩
🤩
🤩
🤩
🤩
до
1⃣
6⃣
🤩
🌟
Chevrolet TRAX 06/23г.
🚗
✨
1️⃣
🤩
9️⃣
1️⃣
🔤
🔤
🔤
🔹
комплектация
RS
🔹
Пробег:
49200км
👍
🔹
Двигатель:
1.2l на 139HP
🐎
💨
🔹
Коробка:
АКПП-6
🔹
Привод: передний
FWD
🔹
Безопасность ""
завод
""
🔹
Салон текстиль
🛋
📜
История автомобиля
👇
KL77LGE28RC068788
🔎
28МА2920321
расчёт 13.08.2026г.
💵
84"
3416,https://t.me/AutoWorld_Georgia/3416,2026-08-13T13:52:00+00:00,Грузия,Chevrolet,Trailblazer,2023,ACTIV,73000км,1.3l на 155HP,155.0,,АКПП-9,полный,"""",кожа,,KL79MSSL4PB207923,,,,,,13.08.2026,,"🤩
🤩
🤩
🤩
🤩
🤩
до
1⃣
6⃣
🤩
🌟
Chevrolet Trailblazer 06/23г.
🚗
✨
2️⃣
🤩
🔤
8️⃣
🔤
🔤
🔤
🔹
комплектация
ACTIV
🔹
Пробег:
73000км
👍
🔹
Двигатель:
1.3l на 155HP
🐎
💨
🔹
Коробка:
АКПП-9
🔹
Привод: полный
AWD
🔹
Безопасность ""
восстановлены
шторки
""
🔹
Салон кожа
🛋
📜
История автомобиля
👇
KL79MSSL4PB207923
🔎
61МА2969221
расчёт 13.08.2026г.
💵
84"
3426,https://t.me/AutoWorld_Georgia/3426,2026-08-14T10:16:51+00:00,Грузия,Toyota,Prius,2022,Night Shade,50000км,1.8Hybr на 123HP,123.0,,CVT,передний,"""",текстиль,,JTDKAMFU8N3185122,,,,,,14.08.2026,,"🤩
🤩
🤩
🤩
🤩
🤩
до
1⃣
6⃣
🤩
🌟
Toyota Prius 09/22г.
🚗
✨
2️⃣
🤩
🔤
8️⃣
🔤
🔤
🔤
🔹
комплектация
Night Shade
🔹
Пробег:
50000км
👍
🔹
Двигатель:
1.8Hybr на 123HP
🐎
💨
🔹
Коробка:
CVT
🔹
Привод: передний
FWD
🔹
Безопасность ""
завод
""
🔹
Салон текстиль
🛋
📜
История автомобиля
👇
JTDKAMFU8N3185122
🔎
98МА4006221
расчёт 14.08.2026г.
💵
85"
3435,https://t.me/AutoWorld_Georgia/3435,2026-08-14T10:23:32+00:00,Грузия,,,,PRIME,0 км,2.0l на 156HP,156.0,,АКПП-6,полный,"""",Кожаный руль,,,,,,,,14.08.2026,,"🤩
🤩
🤩
🤩
🤩
🤩
до
1⃣
6⃣
🤩
🌟
Hyundai Tucson  2026г
.
🚗
✨
4️⃣
🤩
7️⃣
5️⃣
🔤
🔤
🔤
🔹
Пробег:
0 км
👍
🔹
Двигатель:
2.0l на 156HP
🐎
💨
🔹
Коробка:
АКПП-6
🔹
Привод: полный
AWD
🔹
Безопасность ""
завод
""
🔹
комплектация:
PRIME
- Проекционный дисплей
- Камеры 360
- Система слепых зон зоны
- R19 диски
- Matrix LED фары
- Выбор режима движения (Eco, Normal, Sport)
- Электрические регулируемые зеркала с подогревом
- Датчик дождя и света
- Задний спойлер
- Кожаный салон
- Кожаный руль
- Подогрев руля
- Подогрев передних сидений
- Подогрев задних сидений
- Вентиляция передних сидений
- Электропривод передних сидений
- 12,3 дюймовый сенсорный дисплей с навигацией
- Bluetooth, Android Auto, Apple CarPlay
- Камера заднего вида
- Передние/Задние парктроники
- Трехзонный климат-контроль
- Панорамный крыша
- Дистронник
- Круиз-контроль
- Система Start-Stop
- Бесключевой доступ
- Система удержания в полосе
Сборка ЧЕХИЯ!!!
📜
История автомобиля
👇
🔴
🟠
🔴
🔴
🔴
расчёт 14.08.2026г.
💵
85"
3446,https://t.me/AutoWorld_Georgia/3446,2026-08-15T11:33:57+00:00,Грузия,Nissan,Rogue,2021,SV,49000км,2.0l на 141HP,141.0,,CVT,передний FWD,"""завод""",текстиль,,JN1BJ1BV4MW322506,,,,,,15.08.2026,,"🤩
🤩
🤩
🤩
🤩
🤩
до
1⃣
6⃣
🤩
🌟
Nissan Rogue 11/21г.
🚗
✨
2️⃣
🤩
🔤
5️⃣
🔤
🔤
🔤
🔹
комплектация SV
🔹
Пробег:  49000км
👍
🔹
Двигатель: 2.0l на 141HP
🐎
💨
🔹
Коробка: CVT
🔹
Привод: передний FWD
🔹
Безопасность ""завод""
🔹
Салон текстиль
🛋
📜
История автомобиля
👇
JN1BJ1BV4MW322506
🔎
1408МПТ
расчёт 15.08.2026г.
💵
85"
3456,https://t.me/AutoWorld_Georgia/3456,2026-08-15T11:43:40+00:00,Грузия,Hyundai,Venue,2021,SЕ,77000км,"1,6l на 121HP",121.0,,CVT,передний FWD,"""90% завод""",текстиль,,KMHRB8A37NU149526,,,,,,15.08.2026,,"🤩
🤩
🤩
🤩
🤩
🤩
до
1⃣
6⃣
🤩
🌟
Hyundai Venue 10/21г.
🚗
✨
1️⃣
🤩
6️⃣
4️⃣
🔤
🔤
🔤
🔹
комплектация SЕ
🔹
Пробег:  77000км
👍
🔹
Двигатель: 1,6l на 121HP
🐎
💨
🔹
Коробка: CVT
🔹
Привод: передний FWD
🔹
Безопасность ""90% завод""
🔹
Салон текстиль
🛋
📜
История автомобиля
👇
KMHRB8A37NU149526
🔎
1408МПТ
расчёт 15.08.2026г.
💵
85"
3464,https://t.me/AutoWorld_Georgia/3464,2026-08-15T11:57:56+00:00,Грузия,Subaru,Crosstrek,2022,Premium,52000км,2.0l на 152HP,152.0,,CVT,полный AWD,""" завод""",комбинированный,,JF2GTAPC7NH287519,,,,,,15.08.2026,,"🤩
🤩
🤩
🤩
🤩
🤩
до
1⃣
6⃣
🤩
🌟
Subaru Crosstrek 06/22г.
🚗
✨
2️⃣
🤩
1️⃣
5️⃣
🔤
🔤
🔤
🔹
комплектация Premium
🔹
Пробег:  52000км
👍
🔹
Двигатель: 2.0l на 152HP
🐎
💨
🔹
Коробка: CVT
🔹
Привод: полный AWD
🔹
Безопасность "" завод""
🔹
Салон комбинированный
🛋
📜
История автомобиля
👇
JF2GTAPC7NH287519
🔎
1408МПТ
расчёт 15.08.2026г.
💵
85"
3474,https://t.me/AutoWorld_Georgia/3474,2026-08-15T13:45:28+00:00,Грузия,,,,GT-LINE Premium,0 км,2.0l на 156HP,156.0,,АКПП-8,полный,"""","кожа, алькантара",,,,,,,,15.08.2026,,"🤩
🤩
🤩
🤩
🤩
🤩
до
1⃣
6⃣
🤩
🌟
KIA Sportage 2026г
.
🚗
✨
5️⃣
🤩
5️⃣
2️⃣
🔤
🔤
🔤
🔹
Пробег:
0 км
👍
🔹
Двигатель:
2.0l на 156HP
🐎
💨
🔹
Коробка:
АКПП-8
🔹
Привод: полный
AWD
🔹
Безопасность ""
завод
""
🔹
комплектация:
GT-LINE Premium
- Круговой обзор 360
- Премиальная аудиосистема HARMAN&KARDON
- Монитор слепых зон
- Система распознавания дорожных знаков
- Память положения сиденья
водителя
- Проекция на лобовом стекле
- Система предотвращения столкновения
- Бесключевой
доступ
- Бесключевая система Start&Stop
- Выбор режима езды: ЭКО, Стандарт, Спорт
- Многофункциональный кожаный руль
- 12.3’’ сенсорный большой дисплей
- Беспроводной CarPlay, AndroidAuto
- Русский язык
- Парктроники
- Диски R19’ с резиной Continental
- Комбинированный салон: кожа, алькантара
- Подогрев передних сидений
- Вентиляция передних сидений
- Подогрев заднего ряда
- Подогрев руля
- Двузонный климат-контроль
- Панорамная крыша
- Круиз-контроль
- Система удержания полосы
- Датчик давления в шинах
- LED фары
- LED дневные ходовые огни
- Подогрев боковых зеркал
- Беспроводная зарядка для телефона
- Электро-ручник с системой AUTO-HOLD
- Электронная приборная панель
Сборка СЛОВАКИЯ!!!
📜
История автомобиля
👇
🔴
🟠
🔴
🔴
🔴
расчёт 15.08.2026г.
💵
85"
3484,https://t.me/AutoWorld_Georgia/3484,2026-08-16T12:08:52+00:00,США,KIA,NIRO,2026,LX,3000ml,"1.6 гибрид , на 141HP",141.0,4.5л/100км,Робот-6,передний FWD,"""",текстиль,"""механическое""",KNDCP3LE1T5360306,17.08.2026,,2300000,,64192376,16.08.2026,,"👤
👤
👤
👤
👤
👤
👤
на 17.08
🌟
KIA NIRO 01/26г.
✨
2️⃣
🤩
1️⃣
5️⃣
🔤
🔤
🔤
*
🔹
комплектация
LX
🔹
Пробег:
3000ml
👍
🔹
Двигатель:
1.6 гибрид , на 141HP
🐎
💨
🔹
Расход
: 4.5л/100км
🔺
🔹
Коробка
: Робот-6
🔹
Привод:
передний FWD
🔹
Безопасность: ""
завод
""
🛡
🔹
Салон текстиль
🛋
🔹
Повреждения ""механическое""
📜
История автомобиля
👇
KNDCP3LE1T5360306
⚖️
🛎
Торги 17.08.2026г.
+- 8000
😀
(расчетная ставка)
Цена в России (с ремонтом) под
🔧
+- 2.3 млн. руб.
*
стоимость автомобиля,
с учётом таможенных платежей
в размере
555 тыс.руб.
🔎
👾
64192376
расчёт 16.08.2026г.
💵
85"
3494,https://t.me/AutoWorld_Georgia/3494,2026-08-16T13:34:17+00:00,США,Hyundai,Elantra,2023,BLUE,21800ml,"1.6 hybrid , на 139HP",139.0,4.5л/100км,Робот-6,передний FWD,"""",текстиль,"""спереди""",KMHLM4DJ6RU094124,17.08.2026,,2300000,,44709265,16.08.2026,,"👤
👤
👤
👤
👤
👤
👤
на 17.08
🌟
Hyundai Elantra 11/23г.
✨
2️⃣
🤩
🔤
8️⃣
🔤
🔤
🔤
*
🔹
комплектация
BLUE
🔹
Пробег:
21800ml
👍
🔹
Двигатель:
1.6 hybrid , на 139HP
🐎
💨
🔹
Расход
: 4.5л/100км
🔺
🔹
Коробка
: Робот-6
🔹
Привод:
передний FWD
🔹
Безопасность: ""
завод
""
🛡
🔹
Салон текстиль
🛋
🔹
Повреждения ""спереди""
📜
История автомобиля
👇
KMHLM4DJ6RU094124
⚖️
🛎
Торги 17.08.2026г.
+- 9000
😀
(расчетная ставка)
Цена в России (с ремонтом) под
🔧
+- 2.3 млн. руб.
*
стоимость автомобиля,
с учётом таможенных платежей
в размере
405 тыс.руб.
🔎
👹
44709265
расчёт 16.08.2026г.
💵
85"
3515,https://t.me/AutoWorld_Georgia/3515,2026-08-26T01:24:13+00:00,Грузия,Nissan,Kicks,2023,Sv Xtronic,59000км,"1,6l на 122HP",122.0,,CVT,передний FWD,""" 90% завод""",текстиль,,3N1CP5CV9PL499300,,,,,,25.08.2026,,"🤩
🤩
🤩
🤩
🤩
🤩
до
1⃣
6⃣
🤩
🌟
Nissan Kicks 01/23г.
🚗
✨
1️⃣
🤩
8️⃣
7️⃣
🔤
🔤
🔤
🔹
комплектация Sv Xtronic
🔹
Пробег:  59000км
👍
🔹
Двигатель: 1,6l на 122HP
🐎
💨
🔹
Коробка: CVT
🔹
Привод: передний FWD
🔹
Безопасность "" 90% завод""
🔹
Салон текстиль
🛋
📜
История автомобиля
👇
3N1CP5CV9PL499300
🔎
2408 Р
расчёт 25.08.2026г.
💵
85"
3533,https://t.me/AutoWorld_Georgia/3533,2026-09-01T07:31:31+00:00,Грузия,Chevrolet,Trax,2023,SP,62000км,"1,2l на 139HP",139.0,,АКПП-6,передний FWD,"""завод""",текстиль,,KL77LFE22RC081143,,,,,,01.09.2026,https://storage.yandexcloud.net/viiversion-auto-sale-media/cars/autoworld-3533/main-1790168935024-main-1-38363ab5.jpg | https://storage.yandexcloud.net/viiversion-auto-sale-media/cars/autoworld-3533/other-1790168935918-other-2-0a58a46a.jpg | https://storage.yandexcloud.net/viiversion-auto-sale-media/cars/autoworld-3533/other-1790168936664-other-3-3ed9f7bb.jpg | https://storage.yandexcloud.net/viiversion-auto-sale-media/cars/autoworld-3533/other-1790168937482-other-4-0d90055f.jpg | https://storage.yandexcloud.net/viiversion-auto-sale-media/cars/autoworld-3533/other-1790168938244-other-5-8bd6046d.jpg | https://storage.yandexcloud.net/viiversion-auto-sale-media/cars/autoworld-3533/other-1790168938669-other-6-892931c5.jpg | https://storage.yandexcloud.net/viiversion-auto-sale-media/cars/autoworld-3533/other-1790168939400-other-7-719371da.jpg | https://storage.yandexcloud.net/viiversion-auto-sale-media/cars/autoworld-3533/other-1790168940190-other-8-8b5885ca.jpg | https://storage.yandexcloud.net/viiversion-auto-sale-media/cars/autoworld-3533/other-1790168940624-other-9-da7fab01.jpg | https://storage.yandexcloud.net/viiversion-auto-sale-media/cars/autoworld-3533/other-1790168941365-other-10-0ba3094e.jpg,"🤩
🤩
🤩
🤩
🤩
🤩
до
1⃣
6⃣
🤩
🌟
Chevrolet Trax 06/23г.
🚗
✨
1️⃣
🤩
7️⃣
9️⃣
🔤
🔤
🔤
🔹
комплектация SP
🔹
Пробег:  62000км
👍
🔹
Двигатель: 1,2l на 139HP
🐎
💨
🔹
Коробка: АКПП-6
🔹
Привод: передний FWD
🔹
Безопасность ""завод""
🔹
Салон текстиль
🛋
📜
История автомобиля
👇
KL77LFE22RC081143
🔎
1908АРГ0844
расчёт 01.09.2026г.
💵
87"
3543,https://t.me/AutoWorld_Georgia/3543,2026-09-01T07:52:00+00:00,Грузия,Honda,HR-V,2022,SPORT,39000км,"1,8l на 141HP",141.0,,CVT,полный AWD,"""завод""",текстиль,,3CZRU6H13NM770526,,,,,,01.09.2026,https://storage.yandexcloud.net/viiversion-auto-sale-media/cars/autoworld-3543/main-1790168942109-main-1-afd3c82e.jpg | https://storage.yandexcloud.net/viiversion-auto-sale-media/cars/autoworld-3543/other-1790168942886-other-2-301e763e.jpg | https://storage.yandexcloud.net/viiversion-auto-sale-media/cars/autoworld-3543/other-1790168943487-other-3-9e2b542e.jpg | https://storage.yandexcloud.net/viiversion-auto-sale-media/cars/autoworld-3543/other-1790168944085-other-4-23a883e2.jpg | https://storage.yandexcloud.net/viiversion-auto-sale-media/cars/autoworld-3543/other-1790168944497-other-5-e572bdb8.jpg | https://storage.yandexcloud.net/viiversion-auto-sale-media/cars/autoworld-3543/other-1790168945115-other-6-45d19f92.jpg | https://storage.yandexcloud.net/viiversion-auto-sale-media/cars/autoworld-3543/other-1790168945866-other-7-65346ca5.jpg | https://storage.yandexcloud.net/viiversion-auto-sale-media/cars/autoworld-3543/other-1790168946809-other-8-734a10e8.jpg | https://storage.yandexcloud.net/viiversion-auto-sale-media/cars/autoworld-3543/other-1790168947761-other-9-db346cc8.jpg | https://storage.yandexcloud.net/viiversion-auto-sale-media/cars/autoworld-3543/other-1790168948517-other-10-1425ef7e.jpg,"🤩
🤩
🤩
🤩
🤩
🤩
до
1⃣
6⃣
🤩
🌟
Honda HR-V 03/22г.
🚗
✨
2️⃣
🤩
2️⃣
5️⃣
🔤
🔤
🔤
🔹
комплектация SPORT
🔹
Пробег:  39000км
👍
🔹
Двигатель: 1,8l на 141HP
🐎
💨
🔹
Коробка: CVT
🔹
Привод: полный AWD
🔹
Безопасность ""завод""
🔹
Салон текстиль
🛋
📜
История автомобиля
👇
3CZRU6H13NM770526
🔎
1908АРГ1534
расчёт 01.09.2026г.
💵
87"
3553,https://t.me/AutoWorld_Georgia/3553,2026-09-01T08:13:01+00:00,Грузия,NISSAN,Rogue Sport (Qashqai),2023,SV,41000км,"2,0l на 141HP",141.0,,CVT,полный AWD,"""завод""",текстиль,,JN1BJ1BW3PW106871,,,,,,01.09.2026,https://storage.yandexcloud.net/viiversion-auto-sale-media/cars/autoworld-3553/main-1790168949294-main-1-038db131.jpg | https://storage.yandexcloud.net/viiversion-auto-sale-media/cars/autoworld-3553/other-1790168950087-other-2-9b649b10.jpg | https://storage.yandexcloud.net/viiversion-auto-sale-media/cars/autoworld-3553/other-1790168950841-other-3-7d597d0c.jpg | https://storage.yandexcloud.net/viiversion-auto-sale-media/cars/autoworld-3553/other-1790168951599-other-4-d07ce8a0.jpg | https://storage.yandexcloud.net/viiversion-auto-sale-media/cars/autoworld-3553/other-1790168952025-other-5-ffde8595.jpg | https://storage.yandexcloud.net/viiversion-auto-sale-media/cars/autoworld-3553/other-1790168952453-other-6-4a52c278.jpg | https://storage.yandexcloud.net/viiversion-auto-sale-media/cars/autoworld-3553/other-1790168953201-other-7-d7fadf08.jpg | https://storage.yandexcloud.net/viiversion-auto-sale-media/cars/autoworld-3553/other-1790168953626-other-8-2b13411d.jpg | https://storage.yandexcloud.net/viiversion-auto-sale-media/cars/autoworld-3553/other-1790168954120-other-9-f06ad2d0.jpg,"🤩
🤩
🤩
🤩
🤩
🤩
до
1⃣
6⃣
🤩
🌟
NISSAN Rogue Sport (Qashqai) 06/23
🚗
✨
2️⃣
🤩
2️⃣
9️⃣
🔤
🔤
🔤
🔹
комплектация SV
🔹
Пробег:  41000км
👍
🔹
Двигатель: 2,0l на 141HP
🐎
💨
🔹
Коробка: CVT
🔹
Привод: полный AWD
🔹
Безопасность ""завод""
🔹
Салон текстиль
🛋
📜
История автомобиля
👇
JN1BJ1BW3PW106871
🔎
2008АРГ0805
расчёт 01.09.2026г.
💵
87"
3561,https://t.me/AutoWorld_Georgia/3561,2026-09-01T08:36:33+00:00,Грузия,,,,LXS,♦️,"2,0l на 147HP",147.0,,CVT,передний FWD,"""завод""",текстиль,,3KPFT4DE8TE274511,,,2720000,,,01.09.2026,https://storage.yandexcloud.net/viiversion-auto-sale-media/cars/autoworld-3561/main-1790168955187-main-1-cb43d9ec.jpg | https://storage.yandexcloud.net/viiversion-auto-sale-media/cars/autoworld-3561/other-1790168956496-other-2-4bff1ea9.jpg | https://storage.yandexcloud.net/viiversion-auto-sale-media/cars/autoworld-3561/other-1790168957691-other-3-bbcc6e1c.jpg | https://storage.yandexcloud.net/viiversion-auto-sale-media/cars/autoworld-3561/other-1790168958445-other-4-cd70e59e.jpg | https://storage.yandexcloud.net/viiversion-auto-sale-media/cars/autoworld-3561/other-1790168959186-other-5-f9694dbd.jpg | https://storage.yandexcloud.net/viiversion-auto-sale-media/cars/autoworld-3561/other-1790168959934-other-6-c647f78f.jpg | https://storage.yandexcloud.net/viiversion-auto-sale-media/cars/autoworld-3561/other-1790168960713-other-7-f0cbe723.jpg | https://storage.yandexcloud.net/viiversion-auto-sale-media/cars/autoworld-3561/other-1790168961474-other-8-f2912890.jpg | https://storage.yandexcloud.net/viiversion-auto-sale-media/cars/autoworld-3561/other-1790168961948-other-9-9e7cac0c.jpg,"🤩
🤩
🤩
🤩
🤩
🤩
до
1⃣
6⃣
🤩
*
🌟
KIA K4 01/26г.
🚗
✨
2️⃣
🤩
5️⃣
5️⃣
🔤
🔤
🔤
**
🔹
комплектация LXS
🔹
Пробег:
♦️
3000км
👍
🔹
Двигатель: 2,0l на 147HP
🐎
💨
🔹
Коробка: CVT
🔹
Привод: передний FWD
🔹
Безопасность ""завод""
🔹
Салон текстиль
🛋
📜
История автомобиля
👇
3KPFT4DE8TE274511
🔎
2008АРГ2306
расчёт 01.09.2026г.
💵
87
* автомобиль аукционный без ремонта!
** стоимость автомобиля под ключ с ремонтом 2,72 млн.руб."
3569,https://t.me/AutoWorld_Georgia/3569,2026-09-01T08:57:30+00:00,Грузия,Chevrolet,Trailblazer,2023,ACTIVE,72000км,"1,3l на 155HP",155.0,,АКПП-9,полный AWD,"""завод""",кожа,,KL79MSSL4PB207923,,,,,,01.09.2026,https://storage.yandexcloud.net/viiversion-auto-sale-media/cars/autoworld-3569/main-1790168962684-main-1-b1dd45a8.jpg | https://storage.yandexcloud.net/viiversion-auto-sale-media/cars/autoworld-3569/other-1790168963102-other-2-c8501c69.jpg | https://storage.yandexcloud.net/viiversion-auto-sale-media/cars/autoworld-3569/other-1790168963522-other-3-303335d0.jpg | https://storage.yandexcloud.net/viiversion-auto-sale-media/cars/autoworld-3569/other-1790168964288-other-4-658953b6.jpg | https://storage.yandexcloud.net/viiversion-auto-sale-media/cars/autoworld-3569/other-1790168965033-other-5-1c86f1b4.jpg | https://storage.yandexcloud.net/viiversion-auto-sale-media/cars/autoworld-3569/other-1790168965775-other-6-3e8585d3.jpg | https://storage.yandexcloud.net/viiversion-auto-sale-media/cars/autoworld-3569/other-1790168966530-other-7-99683a3f.jpg | https://storage.yandexcloud.net/viiversion-auto-sale-media/cars/autoworld-3569/other-1790168966963-other-8-d045115b.jpg | https://storage.yandexcloud.net/viiversion-auto-sale-media/cars/autoworld-3569/other-1790168967444-other-9-237d86e8.jpg,"🤩
🤩
🤩
🤩
🤩
🤩
до
1⃣
6⃣
🤩
🌟
Chevrolet Trailblazer 06/23г.
🚗
✨
2️⃣
🤩
1️⃣
6️⃣
🔤
🔤
🔤
🔹
комплектация ACTIVE
🔹
Пробег:  72000км
👍
🔹
Двигатель: 1,3l на 155HP
🐎
💨
🔹
Коробка: АКПП-9
🔹
Привод: полный AWD
🔹
Безопасность ""завод""
🔹
Салон кожа
🛋
📜
История автомобиля
👇
KL79MSSL4PB207923
🔎
2208АРГ2249
расчёт 01.09.2026г.
💵
87"
3577,https://t.me/AutoWorld_Georgia/3577,2026-09-01T09:30:42+00:00,Грузия,HYUNDAI,ELANTRA,2022,LIMITED,70000км,2.0l на 147HP,147.0,,CVT,передний FWD,"""90% завод""",кожа,,KMHLP4AG7NU333089,,,,,,01.09.2026,https://storage.yandexcloud.net/viiversion-auto-sale-media/cars/autoworld-3577/main-1790168968187-main-1-cf3f53bb.jpg | https://storage.yandexcloud.net/viiversion-auto-sale-media/cars/autoworld-3577/other-1790168968938-other-2-5135d6c1.jpg | https://storage.yandexcloud.net/viiversion-auto-sale-media/cars/autoworld-3577/other-1790168969687-other-3-f338186e.jpg | https://storage.yandexcloud.net/viiversion-auto-sale-media/cars/autoworld-3577/other-1790168970456-other-4-6cf7f3aa.jpg | https://storage.yandexcloud.net/viiversion-auto-sale-media/cars/autoworld-3577/other-1790168971213-other-5-e289e98c.jpg | https://storage.yandexcloud.net/viiversion-auto-sale-media/cars/autoworld-3577/other-1790168971815-other-6-a1bd3011.jpg | https://storage.yandexcloud.net/viiversion-auto-sale-media/cars/autoworld-3577/other-1790168972577-other-7-e3c8d50b.jpg | https://storage.yandexcloud.net/viiversion-auto-sale-media/cars/autoworld-3577/other-1790168973343-other-8-42cb7bf8.jpg | https://storage.yandexcloud.net/viiversion-auto-sale-media/cars/autoworld-3577/other-1790168974124-other-9-4f116802.jpg | https://storage.yandexcloud.net/viiversion-auto-sale-media/cars/autoworld-3577/other-1790168974596-other-10-e88860d7.jpg,"🤩
🤩
🤩
🤩
🤩
🤩
до
1⃣
6⃣
🤩
🌟
HYUNDAI ELANTRA 02/22г.
🚗
✨
2️⃣
🤩
1️⃣
🔤
🔤
🔤
🔹
комплектация LIMITED
🔹
Пробег:  70000км
👍
🔹
Двигатель: 2.0l на 147HP
🐎
💨
🔹
Коробка: CVT
🔹
Привод:  передний FWD
🔹
Безопасность ""90% завод""
🔹
Салон кожа
🛋
📜
История автомобиля
👇
KMHLP4AG7NU333089
🔎
2808АРГ1442
расчёт 01.09.2026г.
💵
87"
3586,https://t.me/AutoWorld_Georgia/3586,2026-09-01T09:55:13+00:00,Грузия,Buick,Envista,2023,Preferred,53500км,"1,2l на 139HP",139.0,,АКПП-6,передний FWD,"""завод""",комбинированный,,KL47LAE2XRB021326,,,,,,01.09.2026,https://storage.yandexcloud.net/viiversion-auto-sale-media/cars/autoworld-3586/main-1790168975341-main-1-96db7088.jpg | https://storage.yandexcloud.net/viiversion-auto-sale-media/cars/autoworld-3586/other-1790168976091-other-2-c8eb64e8.jpg | https://storage.yandexcloud.net/viiversion-auto-sale-media/cars/autoworld-3586/other-1790168976840-other-3-4c24786d.jpg | https://storage.yandexcloud.net/viiversion-auto-sale-media/cars/autoworld-3586/other-1790168977460-other-4-69370ac5.jpg | https://storage.yandexcloud.net/viiversion-auto-sale-media/cars/autoworld-3586/other-1790168977881-other-5-e51955b9.jpg | https://storage.yandexcloud.net/viiversion-auto-sale-media/cars/autoworld-3586/other-1790168978486-other-6-dfb91e7e.jpg | https://storage.yandexcloud.net/viiversion-auto-sale-media/cars/autoworld-3586/other-1790168979228-other-7-10259db5.jpg | https://storage.yandexcloud.net/viiversion-auto-sale-media/cars/autoworld-3586/other-1790168979721-other-8-ef9dabd5.jpg | https://storage.yandexcloud.net/viiversion-auto-sale-media/cars/autoworld-3586/other-1790168980244-other-9-6a54646d.jpg | https://storage.yandexcloud.net/viiversion-auto-sale-media/cars/autoworld-3586/other-1790168981002-other-10-47571022.jpg,"🤩
🤩
🤩
🤩
🤩
🤩
до
1⃣
6⃣
🤩
🌟
Buick Envista 06/23г.
🚗
✨
2️⃣
🤩
1️⃣
5️⃣
🔤
🔤
🔤
🔹
комплектация Preferred
🔹
Пробег:  53500км
👍
🔹
Двигатель: 1,2l на 139HP
🐎
💨
🔹
Коробка: АКПП-6
🔹
Привод: передний FWD
🔹
Безопасность ""завод""
🔹
Салон комбинированный
🛋
📜
История автомобиля
👇
KL47LAE2XRB021326
🔎
0109АРГ1207
расчёт 01.09.2026г.
💵
87"
3597,https://t.me/AutoWorld_Georgia/3597,2026-09-02T09:31:12+00:00,США,на,,2009,LT,7800ml,1.3l на 155HP,155.0,,АКПП -9,полный AWD,,текстиль,"""сзади слева""",KL79MRSL9TB118139,03.09.2026,,2600000,,45556849,02.09.2026,https://storage.yandexcloud.net/viiversion-auto-sale-media/cars/autoworld-3597/main-1790168981488-main-1-26840524.jpg | https://storage.yandexcloud.net/viiversion-auto-sale-media/cars/autoworld-3597/other-1790168981993-other-2-765596ef.jpg | https://storage.yandexcloud.net/viiversion-auto-sale-media/cars/autoworld-3597/other-1790168982493-other-3-0291138f.jpg | https://storage.yandexcloud.net/viiversion-auto-sale-media/cars/autoworld-3597/other-1790168982952-other-4-cf095905.jpg | https://storage.yandexcloud.net/viiversion-auto-sale-media/cars/autoworld-3597/other-1790168983464-other-5-1883e24b.jpg | https://storage.yandexcloud.net/viiversion-auto-sale-media/cars/autoworld-3597/other-1790168983952-other-6-d52c10dd.jpg | https://storage.yandexcloud.net/viiversion-auto-sale-media/cars/autoworld-3597/other-1790168984972-other-7-aee8d41e.jpg | https://storage.yandexcloud.net/viiversion-auto-sale-media/cars/autoworld-3597/other-1790168986129-other-8-7a4518ee.jpg | https://storage.yandexcloud.net/viiversion-auto-sale-media/cars/autoworld-3597/other-1790168987284-other-9-50be0325.jpg | https://storage.yandexcloud.net/viiversion-auto-sale-media/cars/autoworld-3597/other-1790168988136-other-10-31b86394.jpg,"👤
👤
👤
👤
👤
👤
👤
на 03.09
🌟
Chevrolet Trailblazer 11/25г.
✨
2️⃣
🤩
4️⃣
4️⃣
🔤
🔤
🔤
*
🔹
комплектация
LT
🔹
Пробег:
7800ml
👍
🔹
Двигатель:
1.3l на 155HP
🐎
💨
🔹
Коробка
: АКПП -9
🔹
Привод:
полный AWD
🔹
Салон текстиль
🛋
🔹
Повреждения ""сзади слева""
📜
История автомобиля
👇
KL79MRSL9TB118139
⚖️
🛎
Торги 03.09.2026г.
+- 10000
😀
(расчетная ставка)
Цена в России (с ремонтом) под
🔧
+- 2.6 млн. руб.
*
стоимость автомобиля,
с учётом таможенных платежей
в размере
600 тыс.руб.
🔎
👹
45556849
расчёт 02.09.2026г.
💵
87"
3607,https://t.me/AutoWorld_Georgia/3607,2026-09-02T10:31:27+00:00,США,на,,2009,BLUE,🔺,"1.6 hybrid , на 139HP",139.0,4.0л/100км,Робот-6,передний FWD,"""",текстиль,"""сзади справа""",KMHLM4DJ3TU200424,03.09.2026,,2800000,,64558766,02.09.2026,https://storage.yandexcloud.net/viiversion-auto-sale-media/cars/autoworld-3607/main-1790168989558-main-1-c876e14a.jpg | https://storage.yandexcloud.net/viiversion-auto-sale-media/cars/autoworld-3607/other-1790168990480-other-2-183410d3.jpg | https://storage.yandexcloud.net/viiversion-auto-sale-media/cars/autoworld-3607/other-1790168991274-other-3-ec4b766f.jpg | https://storage.yandexcloud.net/viiversion-auto-sale-media/cars/autoworld-3607/other-1790168992026-other-4-7eb833a6.jpg | https://storage.yandexcloud.net/viiversion-auto-sale-media/cars/autoworld-3607/other-1790168992764-other-5-88e336f9.jpg | https://storage.yandexcloud.net/viiversion-auto-sale-media/cars/autoworld-3607/other-1790168993523-other-6-6e07c804.jpg | https://storage.yandexcloud.net/viiversion-auto-sale-media/cars/autoworld-3607/other-1790168993941-other-7-29a8bd20.jpg | https://storage.yandexcloud.net/viiversion-auto-sale-media/cars/autoworld-3607/other-1790168994543-other-8-cc9ad162.jpg | https://storage.yandexcloud.net/viiversion-auto-sale-media/cars/autoworld-3607/other-1790168994974-other-9-0470eca3.jpg | https://storage.yandexcloud.net/viiversion-auto-sale-media/cars/autoworld-3607/other-1790168995730-other-10-949cffe5.jpg,"👤
👤
👤
👤
👤
👤
👤
на 03.09
🌟
Hyundai Elantra 01/26г.
✨
2️⃣
🤩
6️⃣
3️⃣
🔤
🔤
🔤
*
🔹
комплектация
BLUE
🔹
Пробег:
🔺
1500ml
👍
🔹
Двигатель:
1.6 hybrid , на 139HP
🐎
💨
🔹
Расход
: 4.0л/100км
🔺
🔹
Коробка
: Робот-6
🔹
Привод:
передний FWD
🔹
Безопасность: ""
завод
""
🛡
🔹
Салон текстиль
🛋
🔹
Повреждения ""сзади справа""
📜
История автомобиля
👇
KMHLM4DJ3TU200424
⚖️
🛎
Торги 03.09.2026г.
+- 11000
😀
(расчетная ставка)
Цена в России (с ремонтом) под
🔧
+- 2.8 млн. руб.
*
стоимость автомобиля,
с учётом таможенных платежей
в размере
715 тыс.руб.
🔎
👾
64558766
расчёт 02.09.2026г.
💵
87"
3617,https://t.me/AutoWorld_Georgia/3617,2026-09-03T07:08:37+00:00,Грузия,HYUNDAI,ELANTRA,2021,LIMITED,86600ml,"1.6 hybrid, на 139HP",139.0,4.0л/100км,Робот-6,передний FWD,"""завод""",кожа,,KMHLN4AJ2NU017438,,,,,,03.09.2026,https://storage.yandexcloud.net/viiversion-auto-sale-media/cars/autoworld-3617/main-1790168996150-main-1-41ec3f12.jpg | https://storage.yandexcloud.net/viiversion-auto-sale-media/cars/autoworld-3617/other-1790168996879-other-2-9a17f839.jpg | https://storage.yandexcloud.net/viiversion-auto-sale-media/cars/autoworld-3617/other-1790168997638-other-3-346cb66c.jpg | https://storage.yandexcloud.net/viiversion-auto-sale-media/cars/autoworld-3617/other-1790168998382-other-4-d1ef0ae1.jpg | https://storage.yandexcloud.net/viiversion-auto-sale-media/cars/autoworld-3617/other-1790168999130-other-5-ee72f886.jpg | https://storage.yandexcloud.net/viiversion-auto-sale-media/cars/autoworld-3617/other-1790168999884-other-6-c830bfc0.jpg | https://storage.yandexcloud.net/viiversion-auto-sale-media/cars/autoworld-3617/other-1790169000692-other-7-cfcdda8b.jpg | https://storage.yandexcloud.net/viiversion-auto-sale-media/cars/autoworld-3617/other-1790169001474-other-8-44c9d244.jpg | https://storage.yandexcloud.net/viiversion-auto-sale-media/cars/autoworld-3617/other-1790169002324-other-9-53870760.jpg | https://storage.yandexcloud.net/viiversion-auto-sale-media/cars/autoworld-3617/other-1790169002748-other-10-429752c5.jpg,"🤩
🤩
🤩
🤩
🤩
🤩
до
1⃣
6⃣
🤩
🌟
HYUNDAI ELANTRA 10/21г.
🚗
✨
2️⃣
🤩
1️⃣
2️⃣
🔤
🔤
🔤
🔹
комплектация
LIMITED
🔹
Пробег:
86600ml
👍
🔹
Двигатель:
1.6 hybrid, на 139HP
🐎
🐎
💨
🔹
Расход:
4.0л/100км
❗️
🔹
Коробка:
Робот-6
🔹
Привод:  передний FWD
🔹
Безопасность ""завод""
🔹
Салон кожа
🛋
, цифровая приборка, электропривод и вентиляция сидений, люк
📜
История автомобиля
👇
KMHLN4AJ2NU017438
🔎
11МА7722321
расчёт 03.09.2026г.
💵
88"
3628,https://t.me/AutoWorld_Georgia/3628,2026-09-05T19:31:38+00:00,США,на,,2009,Premium,🔺,2.0L на 152HP,152.0,,CVT,полный AWD,"""",текстиль,"""сзади""",JF2GUADC6R8221695,10.09.2026,,2300000,,63490526,05.09.2026,https://storage.yandexcloud.net/viiversion-auto-sale-media/cars/autoworld-3628/main-1790169003511-main-1-5a778636.jpg | https://storage.yandexcloud.net/viiversion-auto-sale-media/cars/autoworld-3628/other-1790169003942-other-2-e7c16a82.jpg | https://storage.yandexcloud.net/viiversion-auto-sale-media/cars/autoworld-3628/other-1790169004694-other-3-cdae4846.jpg | https://storage.yandexcloud.net/viiversion-auto-sale-media/cars/autoworld-3628/other-1790169005473-other-4-457292aa.jpg | https://storage.yandexcloud.net/viiversion-auto-sale-media/cars/autoworld-3628/other-1790169006302-other-5-5cc49b4e.jpg | https://storage.yandexcloud.net/viiversion-auto-sale-media/cars/autoworld-3628/other-1790169007086-other-6-cd3caa60.jpg | https://storage.yandexcloud.net/viiversion-auto-sale-media/cars/autoworld-3628/other-1790169007836-other-7-86a92dc2.jpg | https://storage.yandexcloud.net/viiversion-auto-sale-media/cars/autoworld-3628/other-1790169008251-other-8-786395a6.jpg | https://storage.yandexcloud.net/viiversion-auto-sale-media/cars/autoworld-3628/other-1790169009033-other-9-abbc9871.jpg | https://storage.yandexcloud.net/viiversion-auto-sale-media/cars/autoworld-3628/other-1790169009520-other-10-fe85081e.jpg,"👤
👤
👤
👤
👤
👤
👤
на 10.09
🌟
Subaru Crosstrek (рест) 04/23г.
✨
2️⃣
🤩
1️⃣
5️⃣
🔤
🔤
🔤
*
🔹
комплектация
Premium
🔹
Пробег:
🔺
21400ml
👍
🔹
Двигатель:
2.0L на 152HP
🐎
💨
🔹
Коробка
: CVT
🔹
Привод:
полный AWD
🔹
Безопасность: ""
завод
""
🛡
🔹
Салон текстиль
🛋
🔹
Повреждения ""сзади""
📜
История автомобиля
👇
JF2GUADC6R8221695
⚖️
🛎
Торги 10.09.2026г.
+- 9000
😀
(расчетная ставка)
Цена
в России (
с ремонтом
) под
🔧
+- 2.3 млн. руб.
*
стоимость автомобиля,
с учётом таможенных платежей
в размере
555 тыс.руб.
🔎
👾
63490526
расчёт 05.09.2026г.
💵
87"
3637,https://t.me/AutoWorld_Georgia/3637,2026-09-05T20:43:16+00:00,США,на,,2009,Limited,🔺,"HYBRID 1,6L на 139HP",139.0,4.5л/100км,Робот-6,передний FWD,"""",кожа,"""спереди""",KMHLN4DJ3RU097382,08.09.2026,,2150000,,60085896,05.09.2026,https://storage.yandexcloud.net/viiversion-auto-sale-media/cars/autoworld-3637/main-1790169010594-main-1-bee7d34e.jpg | https://storage.yandexcloud.net/viiversion-auto-sale-media/cars/autoworld-3637/other-1790169011506-other-2-c3542b01.jpg | https://storage.yandexcloud.net/viiversion-auto-sale-media/cars/autoworld-3637/other-1790169012265-other-3-9018abfe.jpg | https://storage.yandexcloud.net/viiversion-auto-sale-media/cars/autoworld-3637/other-1790169013011-other-4-b49df64d.jpg | https://storage.yandexcloud.net/viiversion-auto-sale-media/cars/autoworld-3637/other-1790169013612-other-5-c59c681c.jpg | https://storage.yandexcloud.net/viiversion-auto-sale-media/cars/autoworld-3637/other-1790168490212-other-6-b29000e9.jpg | https://storage.yandexcloud.net/viiversion-auto-sale-media/cars/autoworld-3637/other-1790169014539-other-7-b63747e0.jpg | https://storage.yandexcloud.net/viiversion-auto-sale-media/cars/autoworld-3637/other-1790169015360-other-8-2a6dcb1c.jpg | https://storage.yandexcloud.net/viiversion-auto-sale-media/cars/autoworld-3637/other-1790169015969-other-9-0ea35999.jpg | https://storage.yandexcloud.net/viiversion-auto-sale-media/cars/autoworld-3637/other-1790169016754-other-10-a893b769.jpg,"👤
👤
👤
👤
👤
👤
👤
на 08.09
🌟
Hyundai Elantra 12/23г.
✨
1️⃣
🤩
9️⃣
7️⃣
🔤
🔤
🔤
*
🔹
комплектация
Limited
🔹
Пробег:
🔺
42400ml
👍
🔹
Двигатель:
HYBRID 1,6L на 139HP
🐎
💨
🔹
Расход:
4.5л/100км
❗️
🔹
Коробка
: Робот-6
🔹
Привод:
передний FWD
🔹
Безопасность: ""
завод
""
🛡
🔹
Салон кожа
🛋
🔹
Повреждения ""спереди""
📜
История автомобиля
👇
KMHLN4DJ3RU097382
⚖️
🛎
Торги 08.09.2026г.
+- 8000
😀
(расчетная ставка)
Цена
в России (
с ремонтом
) под
🔧
+- 2.15 млн. руб.
*
стоимость автомобиля,
с учётом таможенных платежей
в размере
415 тыс.руб.
🔎
👾
60085896
расчёт 05.09.2026г.
💵
87"
3647,https://t.me/AutoWorld_Georgia/3647,2026-09-06T09:40:29+00:00,США,на,,2009,Tradesman,🔺,"ДИЗЕЛЬ 6,7L на 430HP",430.0,,АКПП,полный АWD,"""",текстиль,"""механическое""",3C63R5CL0TG208568,08.09.2026,,6800000,,64820586,06.09.2026,https://storage.yandexcloud.net/viiversion-auto-sale-media/cars/autoworld-3647/main-1790169017526-main-1-3b9ea23a.jpg | https://storage.yandexcloud.net/viiversion-auto-sale-media/cars/autoworld-3647/other-1790169018283-other-2-b53c884c.jpg | https://storage.yandexcloud.net/viiversion-auto-sale-media/cars/autoworld-3647/other-1790169019041-other-3-7eb9f464.jpg | https://storage.yandexcloud.net/viiversion-auto-sale-media/cars/autoworld-3647/other-1790169019824-other-4-4ea19852.jpg | https://storage.yandexcloud.net/viiversion-auto-sale-media/cars/autoworld-3647/other-1790169020606-other-5-7bcd7cce.jpg | https://storage.yandexcloud.net/viiversion-auto-sale-media/cars/autoworld-3647/other-1790169021258-other-6-0efa646b.jpg | https://storage.yandexcloud.net/viiversion-auto-sale-media/cars/autoworld-3647/other-1790169021939-other-7-d23e39a2.jpg | https://storage.yandexcloud.net/viiversion-auto-sale-media/cars/autoworld-3647/other-1790169022556-other-8-6e74a204.jpg | https://storage.yandexcloud.net/viiversion-auto-sale-media/cars/autoworld-3647/other-1790169022983-other-9-f2bb3176.jpg | https://storage.yandexcloud.net/viiversion-auto-sale-media/cars/autoworld-3647/other-1790169023790-other-10-edc15222.jpg,"👤
👤
👤
👤
👤
👤
👤
на 08.09
🌟
RAM 2500 09/25г.
✨
6️⃣
🤩
5️⃣
7️⃣
🔤
🔤
🔤
*
🔹
комплектация
Tradesman
🔹
Пробег:
🔺
23300ml
👍
🔹
Двигатель:
ДИЗЕЛЬ 6,7L на 430HP
🐎
💨
🔹
Коробка
: АКПП
🔹
Привод:
полный АWD
🔹
Безопасность: ""
завод
""
🛡
🔹
Салон текстиль
🛋
🔹
Повреждения ""механическое""
📜
История автомобиля
👇
3C63R5CL0TG208568
⚖️
🛎
Торги 08.09.2026г.
+- 35000
😀
(расчетная ставка)
Цена
в России (
с ремонтом
) под
🔧
+- 6.8 млн. руб.
*
стоимость автомобиля,
с учётом таможенных платежей
в размере
2170 тыс.руб.
🔎
👾
64820586
расчёт 06.09.2026г.
💵
87"
3657,https://t.me/AutoWorld_Georgia/3657,2026-09-06T10:12:26+00:00,США,на,,2009,DENALI,🔺,ДИЗЕЛЬ 3.0L на 305HP,305.0,,АКПП-10,полный АWD,"""",кожа,"""сзади""",3GTUUGE81TG323695,08.09.2026,,7400000,,45639929,06.09.2026,https://storage.yandexcloud.net/viiversion-auto-sale-media/cars/autoworld-3657/main-1790169024361-main-1-4c7e7d90.jpg | https://storage.yandexcloud.net/viiversion-auto-sale-media/cars/autoworld-3657/other-1790169024861-other-2-a9ae4335.jpg | https://storage.yandexcloud.net/viiversion-auto-sale-media/cars/autoworld-3657/other-1790169025681-other-3-00edb9bc.jpg | https://storage.yandexcloud.net/viiversion-auto-sale-media/cars/autoworld-3657/other-1790169026177-other-4-b5fff33a.jpg | https://storage.yandexcloud.net/viiversion-auto-sale-media/cars/autoworld-3657/other-1790169027033-other-5-0fd4512d.jpg | https://storage.yandexcloud.net/viiversion-auto-sale-media/cars/autoworld-3657/other-1790169027685-other-6-5b1672ba.jpg | https://storage.yandexcloud.net/viiversion-auto-sale-media/cars/autoworld-3657/other-1790169028521-other-7-78cd8497.jpg | https://storage.yandexcloud.net/viiversion-auto-sale-media/cars/autoworld-3657/other-1790169029690-other-8-1098cec1.jpg | https://storage.yandexcloud.net/viiversion-auto-sale-media/cars/autoworld-3657/other-1790169030533-other-9-ed672588.jpg | https://storage.yandexcloud.net/viiversion-auto-sale-media/cars/autoworld-3657/other-1790169031253-other-10-b6705fd1.jpg,"👤
👤
👤
👤
👤
👤
👤
на 08.09
🌟
GMC Sierra 1500 03/26г.
✨
7️⃣
🤩
1️⃣
7️⃣
🔤
🔤
🔤
*
🔹
комплектация
DENALI
🔹
Пробег:
🔺
303ml
👍
🔹
Двигатель:
ДИЗЕЛЬ 3.0L на 305HP
🐎
💨
🔹
Коробка
: АКПП-10
🔹
Привод:
полный АWD
🔹
Безопасность: ""
завод
""
🛡
🔹
Салон кожа
🛋
🔹
Повреждения ""сзади""
📜
История автомобиля
👇
3GTUUGE81TG323695
⚖️
🛎
Торги 08.09.2026г.
+- 40000
😀
(расчетная ставка)
Цена
в России (
с ремонтом
) под
🔧
+- 7.4 млн. руб.
*
стоимость автомобиля,
с учётом таможенных платежей
в размере
2350 тыс.руб.
🔎
👹
45639929
расчёт 06.09.2026г.
💵
87"
3667,https://t.me/AutoWorld_Georgia/3667,2026-09-07T01:48:41+00:00,Грузия,Kia,Forte,2021,FE,37000ml,"2,0l на 147HP",147.0,,CVT,передний,"""завод""",текстиль,,3KPF24AD0NE445365,,,,,,06.09.2026,https://storage.yandexcloud.net/viiversion-auto-sale-media/cars/autoworld-3667/main-1790169032554-main-1-e531432c.jpg | https://storage.yandexcloud.net/viiversion-auto-sale-media/cars/autoworld-3667/other-1790169033466-other-2-9b60d7fe.jpg | https://storage.yandexcloud.net/viiversion-auto-sale-media/cars/autoworld-3667/other-1790169034232-other-3-af9aa12f.jpg | https://storage.yandexcloud.net/viiversion-auto-sale-media/cars/autoworld-3667/other-1790169035032-other-4-12b9168c.jpg | https://storage.yandexcloud.net/viiversion-auto-sale-media/cars/autoworld-3667/other-1790169035621-other-5-22208893.jpg | https://storage.yandexcloud.net/viiversion-auto-sale-media/cars/autoworld-3667/other-1790169036202-other-6-0336c341.jpg | https://storage.yandexcloud.net/viiversion-auto-sale-media/cars/autoworld-3667/other-1790169036777-other-7-e1e4a0d9.jpg | https://storage.yandexcloud.net/viiversion-auto-sale-media/cars/autoworld-3667/other-1790169037572-other-8-4eb82eff.jpg | https://storage.yandexcloud.net/viiversion-auto-sale-media/cars/autoworld-3667/other-1790169038320-other-9-196bf3aa.jpg | https://storage.yandexcloud.net/viiversion-auto-sale-media/cars/autoworld-3667/other-1790169038778-other-10-49ee40a0.jpg,"🤩
🤩
🤩
🤩
🤩
🤩
до
1⃣
6⃣
🤩
🌟
Kia Forte 12/2021г.
🚗
✨
2️⃣
🤩
1️⃣
3️⃣
🔤
🔤
🔤
🔹
комплектация
FE
🔹
Пробег:
37000ml
👍
🔹
Двигатель:
2,0l на 147HP
🐎
🐎
💨
🔹
Коробка:
CVT
🔹
Привод:  передний
FWD
🔹
Безопасность ""завод""
🔹
Салон текстиль
🛋
📜
История автомобиля
👇
3KPF24AD0NE445365
🔎
0409АРГ1759
расчёт 06.09.2026г.
💵
87"
3677,https://t.me/AutoWorld_Georgia/3677,2026-09-07T01:52:22+00:00,Грузия,TOYOTA,Prius,2022,XLE,39400ml,HYBRID 1.8l на 148HP,148.0,4.5л/100км,CVT,передний,"""завод""",кожа,,JTDKAMFU7N3190201,,,,,,06.09.2026,https://storage.yandexcloud.net/viiversion-auto-sale-media/cars/autoworld-3677/main-1790169039342-main-1-fa52afb7.jpg | https://storage.yandexcloud.net/viiversion-auto-sale-media/cars/autoworld-3677/other-1790169040084-other-2-7941ac95.jpg | https://storage.yandexcloud.net/viiversion-auto-sale-media/cars/autoworld-3677/other-1790169040521-other-3-17e96898.jpg | https://storage.yandexcloud.net/viiversion-auto-sale-media/cars/autoworld-3677/other-1790169040956-other-4-4a43bd59.jpg | https://storage.yandexcloud.net/viiversion-auto-sale-media/cars/autoworld-3677/other-1790169041692-other-5-a7a4aa1f.jpg | https://storage.yandexcloud.net/viiversion-auto-sale-media/cars/autoworld-3677/other-1790169042449-other-6-b53b1073.jpg | https://storage.yandexcloud.net/viiversion-auto-sale-media/cars/autoworld-3677/other-1790169043196-other-7-88c5d282.jpg | https://storage.yandexcloud.net/viiversion-auto-sale-media/cars/autoworld-3677/other-1790169043975-other-8-6ecac04a.jpg | https://storage.yandexcloud.net/viiversion-auto-sale-media/cars/autoworld-3677/other-1790169044520-other-9-c2f1aab3.jpg,"🤩
🤩
🤩
🤩
🤩
🤩
до
1⃣
6⃣
🤩
🌟
TOYOTA Prius 11/2022г.
🚗
✨
2️⃣
🤩
4️⃣
6️⃣
🔤
🔤
🔤
🔹
комплектация
XLE
🔹
Пробег:
39400ml
👍
🔹
Двигатель:
HYBRID 1.8l на 148HP
🐎
💨
🔹
Расход: 4.5л/100км
❗️
🔹
Коробка:
CVT
🔹
Привод:  передний
FWD
🔹
Безопасность ""завод""
🔹
Салон кожа
🛋
, подогрев сидений, руля и зеркал. Дистроник, BSM, мертвые зоны, удержание в полосе.
Круиз контроль адаптивный.
Подсветка салона и дверей.
Все фары и туманки оригинал.
Стекла все оригинальные родные.
Беспроводная зарядка.
Паркинги спереди и сзади.
Авто парковка.
Автоматический свет.
Предупреждение столкновений спереди и сзади с автоматическим торможением.
📜
История автомобиля
👇
JTDKAMFU7N3190201
🔎
0309АРГ2145
расчёт 06.09.2026г.
💵
87"
3685,https://t.me/AutoWorld_Georgia/3685,2026-09-07T01:55:19+00:00,Грузия,Hyundai,Kona,2022,SEL,26000ml,"2,0l на 147HP",147.0,,CVT,полный,"""завод""",текстиль,,KM8K3CAB0NU898919,,,,,,06.09.2026,https://storage.yandexcloud.net/viiversion-auto-sale-media/cars/autoworld-3685/main-1790169045316-main-1-8b27f3b6.jpg | https://storage.yandexcloud.net/viiversion-auto-sale-media/cars/autoworld-3685/other-1790169046211-other-2-e25c745b.jpg | https://storage.yandexcloud.net/viiversion-auto-sale-media/cars/autoworld-3685/other-1790169047067-other-3-c9374871.jpg | https://storage.yandexcloud.net/viiversion-auto-sale-media/cars/autoworld-3685/other-1790169047908-other-4-09f33d9c.jpg | https://storage.yandexcloud.net/viiversion-auto-sale-media/cars/autoworld-3685/other-1790169048495-other-5-9165ac6b.jpg | https://storage.yandexcloud.net/viiversion-auto-sale-media/cars/autoworld-3685/other-1790169049251-other-6-b8abab60.jpg | https://storage.yandexcloud.net/viiversion-auto-sale-media/cars/autoworld-3685/other-1790169049703-other-7-00b71dc5.jpg | https://storage.yandexcloud.net/viiversion-auto-sale-media/cars/autoworld-3685/other-1790169050114-other-8-35791bf9.jpg | https://storage.yandexcloud.net/viiversion-auto-sale-media/cars/autoworld-3685/other-1790169050884-other-9-9a7e82fc.jpg | https://storage.yandexcloud.net/viiversion-auto-sale-media/cars/autoworld-3685/other-1790169051643-other-10-6bbf9311.jpg,"🤩
🤩
🤩
🤩
🤩
🤩
до
1⃣
6⃣
🤩
🌟
Hyundai Kona 03/2022г.
🚗
✨
2️⃣
🤩
🔤
8️⃣
🔤
🔤
🔤
🔹
комплектация
SEL
🔹
Пробег:
26000ml
👍
🔹
Двигатель:
2,0l на 147HP
🐎
💨
🔹
Коробка:
CVT
🔹
Привод:  полный
AWD
🔹
Безопасность ""завод""
🔹
Салон текстиль
🛋
📜
История автомобиля
👇
KM8K3CAB0NU898919
🔎
97MA1201321
расчёт 06.09.2026г.
💵
87"
3695,https://t.me/AutoWorld_Georgia/3695,2026-09-07T01:56:36+00:00,Грузия,HYUNDAI,Venue,2023,SEL,20000ml,1.6l на 122HP,122.0,,CVT,передний,"""80% завод""",текстиль,,KMHRC8A3XPU265027,,,,,,06.09.2026,https://storage.yandexcloud.net/viiversion-auto-sale-media/cars/autoworld-3695/main-1790169052075-main-1-b655c4d6.jpg | https://storage.yandexcloud.net/viiversion-auto-sale-media/cars/autoworld-3695/other-1790169052536-other-2-fd475987.jpg | https://storage.yandexcloud.net/viiversion-auto-sale-media/cars/autoworld-3695/other-1790169053108-other-3-3f01ef47.jpg | https://storage.yandexcloud.net/viiversion-auto-sale-media/cars/autoworld-3695/other-1790169053509-other-4-22456ec5.jpg | https://storage.yandexcloud.net/viiversion-auto-sale-media/cars/autoworld-3695/other-1790169054074-other-5-d69b8f3b.jpg | https://storage.yandexcloud.net/viiversion-auto-sale-media/cars/autoworld-3695/other-1790169054834-other-6-74eaffe4.jpg | https://storage.yandexcloud.net/viiversion-auto-sale-media/cars/autoworld-3695/other-1790169055260-other-7-0b47a89c.jpg | https://storage.yandexcloud.net/viiversion-auto-sale-media/cars/autoworld-3695/other-1790169056034-other-8-f1788927.jpg | https://storage.yandexcloud.net/viiversion-auto-sale-media/cars/autoworld-3695/other-1790169056533-other-9-3a381f0b.jpg,"🤩
🤩
🤩
🤩
🤩
🤩
до
1⃣
6⃣
🤩
🌟
HYUNDAI Venue 05/2023г.
🚗
✨
1️⃣
🤩
9️⃣
5️⃣
🔤
🔤
🔤
🔹
комплектация
SEL
🔹
Пробег:
20000ml
👍
🔹
Двигатель:
1.6l на 122HP
🐎
💨
🔹
Коробка:
CVT
🔹
Привод:  передний
FWD
🔹
Безопасность ""80% завод""
🔹
Салон текстиль
🛋
, цифровая приборка, Подогревы передних сидений и руля.
BSM, мертвые зоны, удержание в полосе, круиз контроль, предупреждение столкновений при движении спереди и сзади с автоматическим торможением.
Бесключевой доступ. Старт-стоп.
📜
История автомобиля
👇
KMHRC8A3XPU265027
🔎
0209АРГ2304
расчёт 06.09.2026г.
💵
87"
3703,https://t.me/AutoWorld_Georgia/3703,2026-09-08T08:54:11+00:00,США,на,,2009,EX,🔺,2.0L на 147HP,147.0,6 / 7 / 8л,IVT,передний FWD,"""",кожа,"""спереди""",3KPFU4DE6TE311780,09.09.2026,,2970000,,45547100,08.09.2026,https://storage.yandexcloud.net/viiversion-auto-sale-media/cars/autoworld-3703/main-1790169057257-main-1-c67f95e7.jpg | https://storage.yandexcloud.net/viiversion-auto-sale-media/cars/autoworld-3703/other-1790169058018-other-2-04f04f8b.jpg | https://storage.yandexcloud.net/viiversion-auto-sale-media/cars/autoworld-3703/other-1790169058746-other-3-aaa6b04f.jpg | https://storage.yandexcloud.net/viiversion-auto-sale-media/cars/autoworld-3703/other-1790169059221-other-4-73e192c4.jpg | https://storage.yandexcloud.net/viiversion-auto-sale-media/cars/autoworld-3703/other-1790169059713-other-5-a872d72d.jpg | https://storage.yandexcloud.net/viiversion-auto-sale-media/cars/autoworld-3703/other-1790169060213-other-6-a01f160a.jpg | https://storage.yandexcloud.net/viiversion-auto-sale-media/cars/autoworld-3703/other-1790169061021-other-7-0aeabebc.jpg | https://storage.yandexcloud.net/viiversion-auto-sale-media/cars/autoworld-3703/other-1790169061756-other-8-5f2dc33c.jpg | https://storage.yandexcloud.net/viiversion-auto-sale-media/cars/autoworld-3703/other-1790169062569-other-9-a7f84fce.jpg | https://storage.yandexcloud.net/viiversion-auto-sale-media/cars/autoworld-3703/other-1790169063397-other-10-7b25f10d.jpg,"👤
👤
👤
👤
👤
👤
👤
на 09.09
🌟
KIA K4 03/26г.
✨
2️⃣
🤩
7️⃣
7️⃣
🔤
🔤
🔤
*
🔹
комплектация
EX
🔹
Пробег:
🔺
393ml
👍
🔹
Двигатель:
2.0L на 147HP
🐎
💨
🔹
Расход:
6 / 7 / 8л
❗️
🔹
Коробка
: IVT
🔹
Привод:
передний FWD
🔹
Безопасность: ""
завод
""
🛡
🔹
Салон кожа
🛋
🔹
Повреждения ""спереди""
📜
История автомобиля
👇
3KPFU4DE6TE311780
⚖️
🛎
Торги 09.09.2026г.
+- 12000
😀
(расчетная ставка)
Цена
в России (
с ремонтом
) под
🔧
+- 2.97 млн. руб.
*
стоимость автомобиля,
с учётом таможенных платежей
в размере
720 тыс.руб.
🔎
👹
45547100
расчёт 08.09.2026г.
💵
87"
3713,https://t.me/AutoWorld_Georgia/3713,2026-09-08T10:42:48+00:00,США,на,,2009,GRAN COUPE,🔺,2.0L на 241HP,241.0,,АКПП-8,передний FWD,"""",кожа,"""незначительные""",WBA83GG09T7U55530,08.09.2026,,4300000,,45925489,08.09.2026,https://storage.yandexcloud.net/viiversion-auto-sale-media/cars/autoworld-3713/main-1790169064037-main-1-96e76095.jpg | https://storage.yandexcloud.net/viiversion-auto-sale-media/cars/autoworld-3713/other-1790169064862-other-2-5393188d.jpg | https://storage.yandexcloud.net/viiversion-auto-sale-media/cars/autoworld-3713/other-1790169065361-other-3-5d792112.jpg | https://storage.yandexcloud.net/viiversion-auto-sale-media/cars/autoworld-3713/other-1790169066006-other-4-d769d130.jpg | https://storage.yandexcloud.net/viiversion-auto-sale-media/cars/autoworld-3713/other-1790169066497-other-5-4aa118e4.jpg | https://storage.yandexcloud.net/viiversion-auto-sale-media/cars/autoworld-3713/other-1790169066985-other-6-051ee7e0.jpg | https://storage.yandexcloud.net/viiversion-auto-sale-media/cars/autoworld-3713/other-1790169067833-other-7-ac3a8be2.jpg | https://storage.yandexcloud.net/viiversion-auto-sale-media/cars/autoworld-3713/other-1790169068953-other-8-6ddd3cee.jpg | https://storage.yandexcloud.net/viiversion-auto-sale-media/cars/autoworld-3713/other-1790169070105-other-9-a5a1d839.jpg | https://storage.yandexcloud.net/viiversion-auto-sale-media/cars/autoworld-3713/other-1790169070937-other-10-55ba8002.jpg,"👤
👤
👤
👤
👤
👤
👤
на 08.09
🌟
BMW 228 10/25г.
✨
4️⃣
🤩
1️⃣
3️⃣
🔤
🔤
🔤
*
🔹
комплектация
GRAN COUPE
🔹
Пробег:
🔺
15500ml
👍
🔹
Двигатель:
2.0L на 241HP
🐎
💨
🔹
Коробка
: АКПП-8
🔹
Привод:
передний FWD
🔹
Безопасность: ""
завод
""
🛡
🔹
Салон кожа
🛋
🔹
Повреждения ""незначительные""
📜
История автомобиля
👇
WBA83GG09T7U55530
⚖️
🛎
Торги 08.09.2026г.
+- 15000
😀
(расчетная ставка)
Цена
в России (
с ремонтом
) под
🔧
+- 4.3 млн. руб.
*
стоимость автомобиля,
с учётом таможенных платежей
в размере
1810 тыс.руб.
🔎
👹
45925489
расчёт 08.09.2026г.
💵
87"
3723,https://t.me/AutoWorld_Georgia/3723,2026-09-10T01:30:42+00:00,Грузия,,,,R-Line,32000km,"1,0l на 110HP",110.0,,DSG,передний,"""завод""",текстиль,,,,,,,,10.09.2026,https://storage.yandexcloud.net/viiversion-auto-sale-media/cars/autoworld-3723/main-1790169072180-main-1-16aa3848.jpg | https://storage.yandexcloud.net/viiversion-auto-sale-media/cars/autoworld-3723/other-1790169073090-other-2-0ec6a477.jpg | https://storage.yandexcloud.net/viiversion-auto-sale-media/cars/autoworld-3723/other-1790169073836-other-3-828a59d7.jpg | https://storage.yandexcloud.net/viiversion-auto-sale-media/cars/autoworld-3723/other-1790169074377-other-4-4cb2d52a.jpg | https://storage.yandexcloud.net/viiversion-auto-sale-media/cars/autoworld-3723/other-1790169074777-other-5-c08b8fef.jpg | https://storage.yandexcloud.net/viiversion-auto-sale-media/cars/autoworld-3723/other-1790169075569-other-6-8d185f0d.jpg | https://storage.yandexcloud.net/viiversion-auto-sale-media/cars/autoworld-3723/other-1790169076342-other-7-1c313d86.jpg | https://storage.yandexcloud.net/viiversion-auto-sale-media/cars/autoworld-3723/other-1790169076877-other-8-b73598f2.jpg | https://storage.yandexcloud.net/viiversion-auto-sale-media/cars/autoworld-3723/other-1790169077397-other-9-1105497f.jpg | https://storage.yandexcloud.net/viiversion-auto-sale-media/cars/autoworld-3723/other-1790169078149-other-10-80b43551.jpg,"🤩
🤩
🤩
🤩
🤩
🤩
до
1⃣
6⃣
🤩
🌟
Volkswagen T-Cross 2022г.
🚗
✨
1️⃣
🤩
9️⃣
3️⃣
🔤
🔤
🔤
🔹
комплектация
R-Line
🔹
Пробег:
32000km
👍
🔹
Двигатель:
1,0l на 110HP
🐎
💨
🔹
Коробка:
DSG
🔹
Привод:  передний
FWD
🔹
Безопасность ""завод""
🔹
Салон текстиль
🛋
расчёт 10.09.2026г.
💵
86"
3733,https://t.me/AutoWorld_Georgia/3733,2026-09-10T01:47:43+00:00,США,на,,2009,Limited,🔺,"HYBRID 1,6L на 139HP",139.0,4.5л/100км,Робот-6,передний FWD,"""завод""",…,,,,,,,,,https://storage.yandexcloud.net/viiversion-auto-sale-media/cars/autoworld-3733/main-1790169078617-main-1-ddd751e5.jpg,"👤
👤
👤
👤
👤
👤
👤
на 08.09
🌟
Hyundai Elantra 12/23г.
✨
1️⃣
🤩
9️⃣
7️⃣
🔤
🔤
🔤
*
🔹
комплектация Limited
🔹
Пробег:
🔺
42400ml
👍
🔹
Двигатель: HYBRID 1,6L на 139HP
🐎
💨
🔹
Расход: 4.5л/100км
❗️
🔹
Коробка: Робот-6
🔹
Привод: передний FWD
🔹
Безопасность: ""завод""
🛡
🔹
Салон…"
3734,https://t.me/AutoWorld_Georgia/3734,2026-09-10T01:55:54+00:00,США,на,,2009,Tradesman,🔺,"ДИЗЕЛЬ 6,7L на 430HP",430.0,,АКПП,полный АWD,"""завод""",текстиль,"""механическое""…",,,,,,,,https://storage.yandexcloud.net/viiversion-auto-sale-media/cars/autoworld-3734/main-1790169079109-main-1-2cc08585.jpg,"👤
👤
👤
👤
👤
👤
👤
на 08.09
🌟
RAM 2500 09/25г.
✨
6️⃣
🤩
5️⃣
7️⃣
🔤
🔤
🔤
*
🔹
комплектация Tradesman
🔹
Пробег:
🔺
23300ml
👍
🔹
Двигатель: ДИЗЕЛЬ 6,7L на 430HP
🐎
💨
🔹
Коробка: АКПП
🔹
Привод: полный АWD
🔹
Безопасность: ""завод""
🛡
🔹
Салон текстиль
🛋
🔹
Повреждения ""механическое""…"
3735,https://t.me/AutoWorld_Georgia/3735,2026-09-10T02:00:07+00:00,США,на,,2009,EX,🔺,2.0L на 147HP,147.0,6 / 7 / 8л,IVT,передний FWD,"""завод""",кожа,"""спереди""…",,,,,,,,https://storage.yandexcloud.net/viiversion-auto-sale-media/cars/autoworld-3735/main-1790169079601-main-1-c2a53934.jpg,"👤
👤
👤
👤
👤
👤
👤
на 09.09
🌟
KIA K4 03/26г.
✨
2️⃣
🤩
7️⃣
7️⃣
🔤
🔤
🔤
*
🔹
комплектация EX
🔹
Пробег:
🔺
393ml
👍
🔹
Двигатель: 2.0L на 147HP
🐎
💨
🔹
Расход:  6 / 7 / 8л
❗️
🔹
Коробка: IVT
🔹
Привод: передний FWD
🔹
Безопасность: ""завод""
🛡
🔹
Салон кожа
🛋
🔹
Повреждения ""спереди""…"
3736,https://t.me/AutoWorld_Georgia/3736,2026-09-10T02:11:01+00:00,США,на,,2009,GRAN COUPE,🔺,2.0L на 241HP,241.0,,АКПП-8,передний FWD,"""завод""",кожа,"""незначительные""…",,,,,,,,https://storage.yandexcloud.net/viiversion-auto-sale-media/cars/autoworld-3736/main-1790169080081-main-1-b093f575.jpg,"👤
👤
👤
👤
👤
👤
👤
на 08.09
🌟
BMW 228 10/25г.
✨
4️⃣
🤩
1️⃣
3️⃣
🔤
🔤
🔤
*
🔹
комплектация GRAN COUPE
🔹
Пробег:
🔺
15500ml
👍
🔹
Двигатель: 2.0L на 241HP
🐎
💨
🔹
Коробка: АКПП-8
🔹
Привод: передний FWD
🔹
Безопасность: ""завод""
🛡
🔹
Салон кожа
🛋
🔹
Повреждения ""незначительные""…"
3737,https://t.me/AutoWorld_Georgia/3737,2026-09-10T02:23:40+00:00,Грузия,KIA,Seltos,2022,S,44100ml,"2,0l на 147HP",147.0,,CVT,передний,"""восстановлена""",комбинированный,,KNDEU2AA8P7432432,,,,,,10.09.2026,https://storage.yandexcloud.net/viiversion-auto-sale-media/cars/autoworld-3737/main-1790169081209-main-1-cc3571ed.jpg | https://storage.yandexcloud.net/viiversion-auto-sale-media/cars/autoworld-3737/other-1790169082283-other-2-bd940f3d.jpg | https://storage.yandexcloud.net/viiversion-auto-sale-media/cars/autoworld-3737/other-1790169083047-other-3-df9625ce.jpg | https://storage.yandexcloud.net/viiversion-auto-sale-media/cars/autoworld-3737/other-1790169083810-other-4-e3883eb5.jpg | https://storage.yandexcloud.net/viiversion-auto-sale-media/cars/autoworld-3737/other-1790169084558-other-5-e9b8560b.jpg | https://storage.yandexcloud.net/viiversion-auto-sale-media/cars/autoworld-3737/other-1790169085350-other-6-c864f604.jpg | https://storage.yandexcloud.net/viiversion-auto-sale-media/cars/autoworld-3737/other-1790169086123-other-7-875edf18.jpg | https://storage.yandexcloud.net/viiversion-auto-sale-media/cars/autoworld-3737/other-1790169086588-other-8-36cf1d4a.jpg | https://storage.yandexcloud.net/viiversion-auto-sale-media/cars/autoworld-3737/other-1790169087357-other-9-f47d4b57.jpg | https://storage.yandexcloud.net/viiversion-auto-sale-media/cars/autoworld-3737/other-1790169088117-other-10-cbde6ffc.jpg,"🤩
🤩
🤩
🤩
🤩
🤩
до
1⃣
6⃣
🤩
🌟
KIA Seltos 12/2022г.
🚗
✨
2️⃣
🤩
1️⃣
6️⃣
🔤
🔤
🔤
🔹
комплектация
S
🔹
Пробег:
44100ml
👍
🔹
Двигатель:
2,0l на 147HP
🐎
💨
🔹
Коробка:
CVT
🔹
Привод:  передний
FWD
🔹
Безопасность ""восстановлена""
🔹
Салон комбинированный
🛋
📜
История автомобиля
👇
KNDEU2AA8P7432432
🔎
0909ГТ
расчёт 10.09.2026г.
💵
86"
3747,https://t.me/AutoWorld_Georgia/3747,2026-09-10T02:37:46+00:00,Грузия,,,,GT-Line,75000ml,"2,0l на 147HP",147.0,,CVT,передний,"""90% завод""",кожа,,KNDJ53AU2P7840145,,,,,,10.09.2026,https://storage.yandexcloud.net/viiversion-auto-sale-media/cars/autoworld-3747/main-1790169088904-main-1-b0191f0d.jpg | https://storage.yandexcloud.net/viiversion-auto-sale-media/cars/autoworld-3747/other-1790169089645-other-2-5ba45cf1.jpg | https://storage.yandexcloud.net/viiversion-auto-sale-media/cars/autoworld-3747/other-1790169090417-other-3-da1775f9.jpg | https://storage.yandexcloud.net/viiversion-auto-sale-media/cars/autoworld-3747/other-1790169090866-other-4-d8c65641.jpg | https://storage.yandexcloud.net/viiversion-auto-sale-media/cars/autoworld-3747/other-1790169091688-other-5-86156f82.jpg | https://storage.yandexcloud.net/viiversion-auto-sale-media/cars/autoworld-3747/other-1790169092693-other-6-51125763.jpg,"🤩
🤩
🤩
🤩
🤩
🤩
до
1⃣
6⃣
🤩
🌟
KIA Sou
l
05/2022г.
🚗
✨
2️⃣
🤩
🔤
7️⃣
🔤
🔤
🔤
🔹
комплектация
GT-Line
🔹
Пробег:
75000ml
👍
🔹
Двигатель:
2,0l на 147HP
🐎
💨
🔹
Коробка:
CVT
🔹
Привод:  передний
FWD
🔹
Безопасность ""90% завод""
🔹
Салон кожа
🛋
📜
История автомобиля
👇
KNDJ53AU2P7840145
🔎
0909АРГ0049
расчёт 10.09.2026г.
💵
86"
3752,https://t.me/AutoWorld_Georgia/3752,2026-09-10T02:59:50+00:00,Грузия,,,,EX,21300ml,"2,0l на 147HP",147.0,,CVT,передний,"""90% завод""",текстиль,,KNDJ23AU3P7894711,,,,,,10.09.2026,https://storage.yandexcloud.net/viiversion-auto-sale-media/cars/autoworld-3752/main-1790169094100-main-1-3807ce51.jpg | https://storage.yandexcloud.net/viiversion-auto-sale-media/cars/autoworld-3752/other-1790169095341-other-2-0600e907.jpg | https://storage.yandexcloud.net/viiversion-auto-sale-media/cars/autoworld-3752/other-1790169096240-other-3-041ac362.jpg | https://storage.yandexcloud.net/viiversion-auto-sale-media/cars/autoworld-3752/other-1790169096985-other-4-e84b31c5.jpg | https://storage.yandexcloud.net/viiversion-auto-sale-media/cars/autoworld-3752/other-1790169097586-other-5-be62acd8.jpg | https://storage.yandexcloud.net/viiversion-auto-sale-media/cars/autoworld-3752/other-1790169098137-other-6-3f218b8f.jpg,"🤩
🤩
🤩
🤩
🤩
🤩
до
1⃣
6⃣
🤩
🌟
KIA Sou
l
06/2023г.
🚗
✨
2️⃣
🤩
1️⃣
1️⃣
🔤
🔤
🔤
🔹
комплектация
EX
🔹
Пробег:
21300ml
👍
🔹
Двигатель:
2,0l на 147HP
🐎
💨
🔹
Коробка:
CVT
🔹
Привод:  передний
FWD
🔹
Безопасность ""90% завод""
🔹
Салон текстиль
🛋
📜
История автомобиля
👇
KNDJ23AU3P7894711
🔎
0909АРГ1326
расчёт 10.09.2026г.
💵
86"
3758,https://t.me/AutoWorld_Georgia/3758,2026-09-13T09:09:58+00:00,Грузия,,,,,3400km,"2,0l на 150HP",150.0,,АКПП-6,передний,"""завод""",кожа,,JTHB31B1802112446,,,,,,13.09.2026,https://storage.yandexcloud.net/viiversion-auto-sale-media/cars/autoworld-3758/main-1790352685592-main-1-d653b792.jpg | https://storage.yandexcloud.net/viiversion-auto-sale-media/cars/autoworld-3758/other-1790352686693-other-2-af1a9e0d.jpg | https://storage.yandexcloud.net/viiversion-auto-sale-media/cars/autoworld-3758/other-1790352687389-other-3-10a79b4d.jpg | https://storage.yandexcloud.net/viiversion-auto-sale-media/cars/autoworld-3758/other-1790352687988-other-4-e36a7e7f.jpg | https://storage.yandexcloud.net/viiversion-auto-sale-media/cars/autoworld-3758/other-1790352688568-other-5-b7f248c0.jpg | https://storage.yandexcloud.net/viiversion-auto-sale-media/cars/autoworld-3758/other-1790352689020-other-6-d2a9c932.jpg | https://storage.yandexcloud.net/viiversion-auto-sale-media/cars/autoworld-3758/other-1790352689480-other-7-6e2a0290.jpg | https://storage.yandexcloud.net/viiversion-auto-sale-media/cars/autoworld-3758/other-1790352690041-other-8-ea1fc177.jpg | https://storage.yandexcloud.net/viiversion-auto-sale-media/cars/autoworld-3758/other-1790352690399-other-9-74c8673e.jpg | https://storage.yandexcloud.net/viiversion-auto-sale-media/cars/autoworld-3758/other-1790352690815-other-10-d8fc6387.jpg,"🤩
🤩
🤩
🤩
🤩
🤩
до
1⃣
6⃣
🤩
🌟
Lexus ES-200 2022г.
🚗
✨
4️⃣
🤩
8️⃣
6️⃣
🔤
🔤
🔤
🔹
Пробег:
3400km
👍
🔹
Двигатель:
2,0l на 150HP
🐎
💨
🔹
Коробка:
АКПП-6
🔹
Привод:  передний
FWD
🔹
Безопасность ""завод""
🔹
Салон кожа
🛋
Электропривод сидений и руля, Лепестки переключения передач, Двухзонный климат-контроль, Подогрев сидений, Бесключевой доступ, Датчик слепых зон, Функция удержания полосы и много других вспомогательных функций!
📜
История автомобиля
👇
JTHB31B1802112446
💗
💗
💗
💗
💗
💗
💗
💗
💗
🔎
1309ИТГ1305
расчёт 13.09.2026г.
💵
86"
3767,https://t.me/AutoWorld_Georgia/3767,2026-09-13T09:20:53+00:00,Грузия,KIA,Forte,2022,LX,38300ml,"2,0l на 147HP",147.0,,CVT,передний,"""завод""",текстиль,,3KPF24AD6PE546879,,,,,,13.09.2026,https://storage.yandexcloud.net/viiversion-auto-sale-media/cars/autoworld-3767/main-1790352691405-main-1-9893d1de.jpg | https://storage.yandexcloud.net/viiversion-auto-sale-media/cars/autoworld-3767/other-1790352692066-other-2-02554380.jpg,"🤩
🤩
🤩
🤩
🤩
🤩
до
1⃣
6⃣
🤩
🌟
KIA Forte 09/2022г.
🚗
✨
1️⃣
🤩
8️⃣
4️⃣
🔤
🔤
🔤
🔹
комплектация
LX
🔹
Пробег:
38300ml
👍
🔹
Двигатель:
2,0l на 147HP
🐎
💨
🔹
Коробка:
CVT
🔹
Привод:  передний
FWD
🔹
Безопасность ""завод""
🔹
Салон текстиль
🛋
📜
История автомобиля
👇
3KPF24AD6PE546879
🔎
1309АРГ1036
расчёт 13.09.2026г.
💵
86"
3768,https://t.me/AutoWorld_Georgia/3768,2026-09-13T09:29:32+00:00,Грузия,Honda,HR-V,2022,Sport,39200ml,"1,8l на 141HP",141.0,,CVT,полный,"""90% завод""",текстиль,,3CZRU6H15NM765294,,,,,,13.09.2026,https://storage.yandexcloud.net/viiversion-auto-sale-media/cars/autoworld-3768/main-1790352692823-main-1-e7bf6255.jpg | https://storage.yandexcloud.net/viiversion-auto-sale-media/cars/autoworld-3768/other-1790352693215-other-2-31bad7b6.jpg,"🤩
🤩
🤩
🤩
🤩
🤩
до
1⃣
6⃣
🤩
🌟
Honda HR-V 03/2022г.
🚗
✨
1️⃣
🤩
9️⃣
1️⃣
🔤
🔤
🔤
🔹
комплектация
Sport
🔹
Пробег:
39200ml
👍
🔹
Двигатель:
1,8l на 141HP
🐎
💨
🔹
Коробка:
CVT
🔹
Привод:  полный
AWD
🔹
Безопасность ""90% завод""
🔹
Салон текстиль
🛋
📜
История автомобиля
👇
3CZRU6H15NM765294
🔎
1309АРГ1037
расчёт 13.09.2026г.
💵
86"
3769,https://t.me/AutoWorld_Georgia/3769,2026-09-13T09:40:23+00:00,Грузия,Volkswagen,Jetta,2021,S,42900ml,"1,4l на 147HP",147.0,,АКПП-8,передний,"""завод""",текстиль,,3VWC57BU7MM034458,,,,,,13.09.2026,https://storage.yandexcloud.net/viiversion-auto-sale-media/cars/autoworld-3769/main-1790352693863-main-1-8f00fa60.jpg | https://storage.yandexcloud.net/viiversion-auto-sale-media/cars/autoworld-3769/other-1790352694262-other-2-60ef37c6.jpg,"🤩
🤩
🤩
🤩
🤩
🤩
до
1⃣
6⃣
🤩
🌟
Volkswagen Jetta 01/2021г.
🚗
✨
1️⃣
🤩
7️⃣
9️⃣
🔤
🔤
🔤
🔹
комплектация
S
🔹
Пробег:
42900ml
👍
🔹
Двигатель:
1,4l на 147HP
🐎
💨
🔹
Коробка:
АКПП-8
🔹
Привод:  передний
FWD
🔹
Безопасность ""завод""
🔹
Салон текстиль
🛋
📜
История автомобиля
👇
3VWC57BU7MM034458
🔎
1309АРГ1037
расчёт 13.09.2026г.
💵
86"
3770,https://t.me/AutoWorld_Georgia/3770,2026-09-13T11:07:13+00:00,США,,,2023,CROSS SPORT SEL R-LINE,🔺,2.0L на 269HP,269.0,,АКПП-8,полный AWD,"""",кожа,"""незначительные""",1V2AE2CA3RC214769,14.09.2026,,4800000,,59816556,13.09.2026,https://storage.yandexcloud.net/viiversion-auto-sale-media/cars/autoworld-3770/main-1790352694968-main-1-5cbc7d9b.jpg | https://storage.yandexcloud.net/viiversion-auto-sale-media/cars/autoworld-3770/other-1790352695585-other-2-4cb86d5b.jpg | https://storage.yandexcloud.net/viiversion-auto-sale-media/cars/autoworld-3770/other-1790352696113-other-3-30fd4592.jpg | https://storage.yandexcloud.net/viiversion-auto-sale-media/cars/autoworld-3770/other-1790352696695-other-4-6d4f7c6f.jpg | https://storage.yandexcloud.net/viiversion-auto-sale-media/cars/autoworld-3770/other-1790352697400-other-5-167c4d23.jpg | https://storage.yandexcloud.net/viiversion-auto-sale-media/cars/autoworld-3770/other-1790352697944-other-6-f45a5f78.jpg | https://storage.yandexcloud.net/viiversion-auto-sale-media/cars/autoworld-3770/other-1790352698415-other-7-311f7e69.jpg | https://storage.yandexcloud.net/viiversion-auto-sale-media/cars/autoworld-3770/other-1790352698919-other-8-00dc3ff6.jpg | https://storage.yandexcloud.net/viiversion-auto-sale-media/cars/autoworld-3770/other-1790352699273-other-9-60eee015.jpg | https://storage.yandexcloud.net/viiversion-auto-sale-media/cars/autoworld-3770/other-1790352699768-other-10-ed8560af.jpg,"👤
👤
👤
👤
👤
👤
👤
на 14.09
🌟
VOLKSWAGEN ATLAS
10/23г.
✨
4️⃣
🤩
6️⃣
5️⃣
🔤
🔤
🔤
*
🔹
комплектация
CROSS SPORT SEL R-LINE
🔹
Пробег:
🔺
53200ml
👍
🔹
Двигатель:
2.0L на 269HP
🐎
💨
🔹
Коробка
: АКПП-8
🔹
Привод:
полный AWD
🔹
Безопасность: ""
завод
""
🛡
🔹
Салон кожа
🛋
🔹
Повреждения ""незначительные""
📜
История автомобиля
👇
1V2AE2CA3RC214769
⚖️
🛎
Торги 14.09.2026г.
+- 16000
😀
(расчетная ставка)
Цена
в России (
с ремонтом
) под
🔧
+- 4.8 млн. руб.
*
стоимость автомобиля,
с учётом таможенных платежей
в размере
2380 тыс.руб.
🔎
👾
59816556
расчёт 13.09.2026г.
💵
86"
3780,https://t.me/AutoWorld_Georgia/3780,2026-09-13T11:32:32+00:00,США,KIA,Sportage,2025,EX,🔺,Hybrid 1.6L на 199HP,199.0,"6,6л/100km",АКПП-6,полный AWD,"""",кожа,"""сзади""",KNDPVDDG5T7348113,14.09.2026,,4000000,,61436426,13.09.2026,https://storage.yandexcloud.net/viiversion-auto-sale-media/cars/autoworld-3780/main-1790352700319-main-1-6ee69b3b.jpg | https://storage.yandexcloud.net/viiversion-auto-sale-media/cars/autoworld-3780/other-1790352700824-other-2-f4e8e36a.jpg | https://storage.yandexcloud.net/viiversion-auto-sale-media/cars/autoworld-3780/other-1790352701407-other-3-a08a13b8.jpg | https://storage.yandexcloud.net/viiversion-auto-sale-media/cars/autoworld-3780/other-1790352702039-other-4-67285b2b.jpg | https://storage.yandexcloud.net/viiversion-auto-sale-media/cars/autoworld-3780/other-1790352702638-other-5-5111280c.jpg | https://storage.yandexcloud.net/viiversion-auto-sale-media/cars/autoworld-3780/other-1790352703194-other-6-7e5f3686.jpg | https://storage.yandexcloud.net/viiversion-auto-sale-media/cars/autoworld-3780/other-1790352703748-other-8-787e3fdc.jpg | https://storage.yandexcloud.net/viiversion-auto-sale-media/cars/autoworld-3780/other-1790352704200-other-9-fdc25c5e.jpg | https://storage.yandexcloud.net/viiversion-auto-sale-media/cars/autoworld-3780/other-1790352704675-other-10-786871e0.jpg,"👤
👤
👤
👤
👤
👤
👤
на 14.09
🌟
KIA Sportage 12/25г.
✨
3️⃣
🤩
7️⃣
5️⃣
🔤
🔤
🔤
*
🔹
комплектация
EX
🔹
Пробег:
🔺
23800ml
👍
🔹
Двигатель:
Hybrid 1.6L на 199HP
🐎
💨
🔹
Коробка
: АКПП-6
🔹
Расход:
6,6л/100km
❗️
🔹
Привод:
полный AWD
🔹
Безопасность: ""
завод
""
🛡
🔹
Салон кожа
🛋
🔹
Повреждения ""сзади""
📜
История автомобиля
👇
KNDPVDDG5T7348113
⚖️
🛎
Торги 14.09.2026г.
+- 13000
😀
(расчетная ставка)
Цена
в России (
с ремонтом
) под
🔧
+- 4.0 млн. руб.
*
стоимость автомобиля,
с учётом таможенных платежей
в размере
1660 тыс.руб.
🔎
👾
61436426
расчёт 13.09.2026г.
💵
86"
3790,https://t.me/AutoWorld_Georgia/3790,2026-09-13T12:19:52+00:00,США,Mercedes-Benz,GLA,2025,GLA 250,🔺,2.0L на 221HP,221.0,,РКПП-8,передний FWD,"""",кожа,"""незначительные""",W1N4N4GB0SJ730904,14.09.2026,,4300000,,45929203,13.09.2026,https://storage.yandexcloud.net/viiversion-auto-sale-media/cars/autoworld-3790/main-1790352705042-main-1-d7fc67f6.jpg | https://storage.yandexcloud.net/viiversion-auto-sale-media/cars/autoworld-3790/other-1790352705443-other-2-4fc53225.jpg | https://storage.yandexcloud.net/viiversion-auto-sale-media/cars/autoworld-3790/other-1790352705947-other-3-486e90f5.jpg | https://storage.yandexcloud.net/viiversion-auto-sale-media/cars/autoworld-3790/other-1790352706351-other-4-6144cd4f.jpg | https://storage.yandexcloud.net/viiversion-auto-sale-media/cars/autoworld-3790/other-1790352706951-other-5-d68bd5aa.jpg | https://storage.yandexcloud.net/viiversion-auto-sale-media/cars/autoworld-3790/other-1790352707659-other-7-81506ef0.jpg | https://storage.yandexcloud.net/viiversion-auto-sale-media/cars/autoworld-3790/other-1790352708305-other-8-69b07d2a.jpg | https://storage.yandexcloud.net/viiversion-auto-sale-media/cars/autoworld-3790/other-1790352708927-other-9-bd35958f.jpg | https://storage.yandexcloud.net/viiversion-auto-sale-media/cars/autoworld-3790/other-1790352709502-other-10-dff26100.jpg,"👤
👤
👤
👤
👤
👤
👤
на 14.09
🌟
Mercedes-Benz GLA 01/25г.
✨
4️⃣
🤩
🔤
8️⃣
🔤
🔤
🔤
*
🔹
комплектация
GLA 250
🔹
Пробег:
🔺
12000ml
👍
🔹
Двигатель:
2.0L на 221HP
🐎
💨
🔹
Коробка
: РКПП-8
🔹
Привод:
передний FWD
🔹
Безопасность: ""
завод
""
🛡
🔹
Салон кожа
🛋
🔹
Повреждения ""незначительные""
📜
История автомобиля
👇
W1N4N4GB0SJ730904
⚖️
🛎
Торги 14.09.2026г.
+- 15000
😀
(расчетная ставка)
Цена
в России (
с ремонтом
) под
🔧
+- 4.3 млн. руб.
*
стоимость автомобиля,
с учётом таможенных платежей
в размере
1800 тыс.руб.
🔎
👹
45929203
расчёт 13.09.2026г.
💵
86"
3800,https://t.me/AutoWorld_Georgia/3800,2026-09-13T13:36:20+00:00,США,,,2025,T,🔺,2.0L на 261HP,261.0,,РКПП-7,полный AWD,"""",кожа,"""незначительные""",WP1AA2A56SLB09277,14.09.2026,,6700000,,45825111,13.09.2026,https://storage.yandexcloud.net/viiversion-auto-sale-media/cars/autoworld-3800/main-1790352710175-main-1-47a37177.jpg | https://storage.yandexcloud.net/viiversion-auto-sale-media/cars/autoworld-3800/other-1790352710794-other-2-887fbb7e.jpg | https://storage.yandexcloud.net/viiversion-auto-sale-media/cars/autoworld-3800/other-1790352711391-other-3-2b0976d5.jpg | https://storage.yandexcloud.net/viiversion-auto-sale-media/cars/autoworld-3800/other-1790352711964-other-4-64487aa6.jpg | https://storage.yandexcloud.net/viiversion-auto-sale-media/cars/autoworld-3800/other-1790352712492-other-5-573e1aa9.jpg | https://storage.yandexcloud.net/viiversion-auto-sale-media/cars/autoworld-3800/other-1790352713024-other-6-8a047f7c.jpg | https://storage.yandexcloud.net/viiversion-auto-sale-media/cars/autoworld-3800/other-1790352713639-other-7-5a45f1a8.jpg | https://storage.yandexcloud.net/viiversion-auto-sale-media/cars/autoworld-3800/other-1790352714251-other-8-2678dabe.jpg | https://storage.yandexcloud.net/viiversion-auto-sale-media/cars/autoworld-3800/other-1790352714967-other-9-1a839cea.jpg | https://storage.yandexcloud.net/viiversion-auto-sale-media/cars/autoworld-3800/other-1790352715572-other-10-6db82972.jpg,"👤
👤
👤
👤
👤
👤
👤
на 14.09
🌟
Porsche Macan
02/25г.
✨
6️⃣
🤩
5️⃣
2️⃣
🔤
🔤
🔤
*
🔹
комплектация
T
🔹
Пробег:
🔺
9600ml
👍
🔹
Двигатель:
2.0L на 261HP
🐎
💨
🔹
Коробка
: РКПП-7
🔹
Привод:
полный AWD
🔹
Безопасность: ""
завод
""
🛡
🔹
Салон кожа
🛋
🔹
Повреждения ""незначительные""
📜
История автомобиля
👇
WP1AA2A56SLB09277
⚖️
🛎
Торги 14.09.2026г.
+- 32000
😀
(расчетная ставка)
Цена
в России (
с ремонтом
) под
🔧
+- 6.7 млн. руб.
*
стоимость автомобиля,
с учётом таможенных платежей
в размере
2660 тыс.руб.
🔎
👹
45825111
расчёт 13.09.2026г.
💵
86"
3810,https://t.me/AutoWorld_Georgia/3810,2026-09-14T04:30:58+00:00,Грузия,Mazda,CX-30,2023,,30700km,"2,0l на 155HP",155.0,,АКПП-6,полный,"""завод""",текстиль,,3MVDMBB70PM571571,,,,,,13.09.2026,https://storage.yandexcloud.net/viiversion-auto-sale-media/cars/autoworld-3810/main-1790352716166-main-1-0f1b0d62.jpg | https://storage.yandexcloud.net/viiversion-auto-sale-media/cars/autoworld-3810/other-1790352716743-other-2-49fee7cb.jpg | https://storage.yandexcloud.net/viiversion-auto-sale-media/cars/autoworld-3810/other-1790352717272-other-3-14f094d3.jpg | https://storage.yandexcloud.net/viiversion-auto-sale-media/cars/autoworld-3810/other-1790352717896-other-4-cff1963b.jpg | https://storage.yandexcloud.net/viiversion-auto-sale-media/cars/autoworld-3810/other-1790352718507-other-5-bc4639d6.jpg | https://storage.yandexcloud.net/viiversion-auto-sale-media/cars/autoworld-3810/other-1790352719229-other-6-80b2aef0.jpg | https://storage.yandexcloud.net/viiversion-auto-sale-media/cars/autoworld-3810/other-1790352719802-other-7-4f58d3b7.jpg | https://storage.yandexcloud.net/viiversion-auto-sale-media/cars/autoworld-3810/other-1790352720774-other-8-ff99da96.jpg | https://storage.yandexcloud.net/viiversion-auto-sale-media/cars/autoworld-3810/other-1790352721179-other-9-b8c0756d.jpg,"🤩
🤩
🤩
🤩
🤩
🤩
до
1⃣
6⃣
🤩
🌟
Mazda CX-30 07/23г.
🚗
✨
2️⃣
🤩
5️⃣
7️⃣
🔤
🔤
🔤
🔹
Пробег:
30700km
👍
🔹
Двигатель:
2,0l на 155HP
🐎
💨
🔹
Коробка:
АКПП-6
🔹
Привод:  полный
АWD
🔹
Безопасность ""завод""
🔹
Салон текстиль
🛋
Бесключевой доступ, BSM, мертвые зоны, Удержание в полосе, круиз контроль, автоматический свет (дальний/ближний), датчик дождя.
📜
История автомобиля
👇
3MVDMBB70PM571571
🔎
1309АРГ1037
расчёт 13.09.2026г.
💵
86"
3818,https://t.me/AutoWorld_Georgia/3818,2026-09-15T13:07:35+00:00,Грузия,Buick,Encore,2022,Preferred,31200ml,"1,4l на 155HP",155.0,,АКПП-6,полный,"""90% завод""",кожа,,KL4CJASMXNB525640,,,,,,15.09.2026,https://storage.yandexcloud.net/viiversion-auto-sale-media/cars/autoworld-3818/main-1790352722289-main-1-fb3d697f.jpg | https://storage.yandexcloud.net/viiversion-auto-sale-media/cars/autoworld-3818/other-1790352723414-other-2-b15fda96.jpg | https://storage.yandexcloud.net/viiversion-auto-sale-media/cars/autoworld-3818/other-1790352724228-other-3-0374319f.jpg | https://storage.yandexcloud.net/viiversion-auto-sale-media/cars/autoworld-3818/other-1790352724946-other-4-22fabf70.jpg | https://storage.yandexcloud.net/viiversion-auto-sale-media/cars/autoworld-3818/other-1790352725677-other-5-8fe0f440.jpg | https://storage.yandexcloud.net/viiversion-auto-sale-media/cars/autoworld-3818/other-1790352726352-other-6-6a4168ad.jpg | https://storage.yandexcloud.net/viiversion-auto-sale-media/cars/autoworld-3818/other-1790352726976-other-7-68b77722.jpg | https://storage.yandexcloud.net/viiversion-auto-sale-media/cars/autoworld-3818/other-1790352727555-other-8-7e49255b.jpg | https://storage.yandexcloud.net/viiversion-auto-sale-media/cars/autoworld-3818/other-1790352728254-other-9-72f46d16.jpg | https://storage.yandexcloud.net/viiversion-auto-sale-media/cars/autoworld-3818/other-1790352728830-other-10-614d0e1a.jpg,"🤩
🤩
🤩
🤩
🤩
🤩
до
1⃣
6⃣
🤩
🌟
Buick Encore 02/2022г.
🚗
✨
1️⃣
🤩
5️⃣
5️⃣
🔤
🔤
🔤
🔹
комплектация
Preferred
🔹
Пробег:
31200ml
👍
🔹
Двигатель:
1,4l на 155HP
🐎
💨
🔹
Коробка:
АКПП-6
🔹
Привод:  полный
AWD
🔹
Безопасность ""90% завод""
🔹
Салон кожа
🛋
📜
История автомобиля
👇
KL4CJASMXNB525640
🔎
1309МРГ2054
расчёт 15.09.2026г.
💵
86"
3828,https://t.me/AutoWorld_Georgia/3828,2026-09-15T13:23:32+00:00,США,на,,2009,GRAN COUPE,🔺,2.0L на 241HP,241.0,,АКПП-8,передний FWD,"""завод""",кожа,"""незначительные""…",,,,,,,,https://storage.yandexcloud.net/viiversion-auto-sale-media/cars/autoworld-3828/main-1790169098637-main-1-ad8b2cf9.jpg,"👤
👤
👤
👤
👤
👤
👤
на 08.09
🌟
BMW 228 10/25г.
✨
4️⃣
🤩
1️⃣
3️⃣
🔤
🔤
🔤
*
🔹
комплектация GRAN COUPE
🔹
Пробег:
🔺
15500ml
👍
🔹
Двигатель: 2.0L на 241HP
🐎
💨
🔹
Коробка: АКПП-8
🔹
Привод: передний FWD
🔹
Безопасность: ""завод""
🛡
🔹
Салон кожа
🛋
🔹
Повреждения ""незначительные""…"
3829,https://t.me/AutoWorld_Georgia/3829,2026-09-15T13:26:52+00:00,США,Porsche,Macan,2025,T,🔺,2.0L на 261HP,261.0,,РКПП-7,полный AWD,"""завод""",кожа,"""незначительные"" …",,,,,,,,https://storage.yandexcloud.net/viiversion-auto-sale-media/cars/autoworld-3829/main-1790352729268-main-1-a8a0dba5.jpg,"👤
👤
👤
👤
👤
👤
👤
на 14.09
🌟
Porsche Macan 02/25г.
✨
6️⃣
🤩
5️⃣
2️⃣
🔤
🔤
🔤
*
🔹
комплектация T
🔹
Пробег:
🔺
9600ml
👍
🔹
Двигатель: 2.0L на 261HP
🐎
💨
🔹
Коробка: РКПП-7
🔹
Привод: полный AWD
🔹
Безопасность: ""завод""
🛡
🔹
Салон кожа
🛋
🔹
Повреждения ""незначительные"" …"
3830,https://t.me/AutoWorld_Georgia/3830,2026-09-15T13:28:25+00:00,США,Mercedes-Benz,GLA,2025,GLA 250,🔺,2.0L на 221HP,221.0,,РКПП-8,передний FWD,"""завод""",кожа,"""незначительные""…",,,,,,,,https://storage.yandexcloud.net/viiversion-auto-sale-media/cars/autoworld-3830/main-1790352729671-main-1-edc6e53e.jpg,"👤
👤
👤
👤
👤
👤
👤
на 14.09
🌟
Mercedes-Benz GLA 01/25г.
✨
4️⃣
🤩
🔤
8️⃣
🔤
🔤
🔤
*
🔹
комплектация GLA 250
🔹
Пробег:
🔺
12000ml
👍
🔹
Двигатель: 2.0L на 221HP
🐎
💨
🔹
Коробка: РКПП-8
🔹
Привод: передний FWD
🔹
Безопасность: ""завод""
🛡
🔹
Салон кожа
🛋
🔹
Повреждения ""незначительные""…"
3831,https://t.me/AutoWorld_Georgia/3831,2026-09-15T13:30:02+00:00,США,VOLKSWAGEN,ATLAS,2023,CROSS SPORT SEL R-LINE,🔺,2.0L на 269HP,269.0,,АКПП-8,полный AWD,"""завод""",кожа,…,,,,,,,,https://storage.yandexcloud.net/viiversion-auto-sale-media/cars/autoworld-3831/main-1790352730055-main-1-8228be8a.jpg,"👤
👤
👤
👤
👤
👤
👤
на 14.09
🌟
VOLKSWAGEN ATLAS 10/23г.
✨
4️⃣
🤩
6️⃣
5️⃣
🔤
🔤
🔤
*
🔹
комплектация CROSS SPORT SEL R-LINE
🔹
Пробег:
🔺
53200ml
👍
🔹
Двигатель: 2.0L на 269HP
🐎
💨
🔹
Коробка: АКПП-8
🔹
Привод: полный AWD
🔹
Безопасность: ""завод""
🛡
🔹
Салон кожа
🛋
🔹
Повреждения…"
3834,https://t.me/AutoWorld_Georgia/3834,2026-09-17T11:52:00+00:00,США,,,2024,T,🔺,2.0L на 261HP,261.0,,РКПП-7,полный AWD,"""",кожа,"""незначительные""",WP1AA2A5XRLB12922,21.09.2026,,6100000,,45388733,13.09.2026,https://storage.yandexcloud.net/viiversion-auto-sale-media/cars/autoworld-3834/main-1790352730888-main-1-62f7d991.jpg | https://storage.yandexcloud.net/viiversion-auto-sale-media/cars/autoworld-3834/other-1790352731644-other-2-0a402ae5.jpg | https://storage.yandexcloud.net/viiversion-auto-sale-media/cars/autoworld-3834/other-1790352732292-other-3-5411b110.jpg | https://storage.yandexcloud.net/viiversion-auto-sale-media/cars/autoworld-3834/other-1790352732935-other-4-231bd301.jpg | https://storage.yandexcloud.net/viiversion-auto-sale-media/cars/autoworld-3834/other-1790352733552-other-5-2e20a550.jpg | https://storage.yandexcloud.net/viiversion-auto-sale-media/cars/autoworld-3834/other-1790352734148-other-6-4e245013.jpg | https://storage.yandexcloud.net/viiversion-auto-sale-media/cars/autoworld-3834/other-1790352734680-other-7-f3a70deb.jpg | https://storage.yandexcloud.net/viiversion-auto-sale-media/cars/autoworld-3834/other-1790352735268-other-8-6a6f09a3.jpg | https://storage.yandexcloud.net/viiversion-auto-sale-media/cars/autoworld-3834/other-1790352735876-other-9-c509fd88.jpg | https://storage.yandexcloud.net/viiversion-auto-sale-media/cars/autoworld-3834/other-1790352736520-other-10-5d07dc10.jpg,"👤
👤
👤
👤
👤
👤
👤
на 21.09
🌟
Porsche Macan
01/24г.
✨
5️⃣
🤩
7️⃣
9️⃣
🔤
🔤
🔤
*
🔹
комплектация
T
🔹
Пробег:
🔺
8600ml
👍
🔹
Двигатель:
2.0L на 261HP
🐎
💨
🔹
Коробка
: РКПП-7
🔹
Привод:
полный AWD
🔹
Безопасность: ""
завод
""
🛡
🔹
Салон кожа
🛋
🔹
Повреждения ""незначительные""
📜
История автомобиля
👇
WP1AA2A5XRLB12922
⚖️
🛎
Торги 21.09.2026г.
+- 28250
😀
♦️
💥
💥
💥
💥
💥
💥
♦️
Цена
в России (
с ремонтом
) под
🔧
+- 6.1 млн. руб.
*
стоимость автомобиля,
с учётом таможенных платежей
в размере
2380 тыс.руб.
🔎
👹
45388733
расчёт 13.09.2026г.
💵
86"
3844,https://t.me/AutoWorld_Georgia/3844,2026-09-20T02:46:49+00:00,США,Mercedes-Benz,GLE,2024,350 4Matic,🔺,2.0L на 255HP,255.0,,AКПП-9,полный AWD,"""",кожа,"""сзади""",4JGFB4FB0RB267012,21.09.2026,,6500000,,66803196,20.09.2026,https://storage.yandexcloud.net/viiversion-auto-sale-media/cars/autoworld-3844/main-1790352737274-main-1-1c905234.jpg | https://storage.yandexcloud.net/viiversion-auto-sale-media/cars/autoworld-3844/other-1790352737840-other-2-32c63a87.jpg | https://storage.yandexcloud.net/viiversion-auto-sale-media/cars/autoworld-3844/other-1790352738397-other-3-b19758ef.jpg | https://storage.yandexcloud.net/viiversion-auto-sale-media/cars/autoworld-3844/other-1790352738960-other-4-4e89eb16.jpg | https://storage.yandexcloud.net/viiversion-auto-sale-media/cars/autoworld-3844/other-1790352739574-other-5-089ad3f8.jpg | https://storage.yandexcloud.net/viiversion-auto-sale-media/cars/autoworld-3844/other-1790352740048-other-6-ac987a5d.jpg | https://storage.yandexcloud.net/viiversion-auto-sale-media/cars/autoworld-3844/other-1790352740372-other-7-287d9f82.jpg | https://storage.yandexcloud.net/viiversion-auto-sale-media/cars/autoworld-3844/other-1790352741001-other-8-5f9cc123.jpg | https://storage.yandexcloud.net/viiversion-auto-sale-media/cars/autoworld-3844/other-1790352741480-other-9-7fd5b924.jpg | https://storage.yandexcloud.net/viiversion-auto-sale-media/cars/autoworld-3844/other-1790352742099-other-10-5c9b68a3.jpg,"👤
👤
👤
👤
👤
👤
👤
на 21.09
🌟
Mercedes-Benz GLE 07/24г.
✨
6️⃣
🤩
2️⃣
8️⃣
🔤
🔤
🔤
*
🔹
комплектация
350 4Matic
🔹
Пробег:
🔺
23500ml
👍
🔹
Двигатель:
2.0L на 255HP
🐎
💨
🔹
Коробка
: AКПП-9
🔹
Привод:
полный AWD
🔹
Безопасность: ""
завод
""
🛡
🔹
Салон кожа
🛋
🔹
Повреждения ""сзади""
📜
История автомобиля
👇
4JGFB4FB0RB267012
⚖️
🛎
Торги 21.09.2026г.
+- 30000
😀
♦️
💥
💥
💥
💥
💥
💥
♦️
Цена
в России (
с ремонтом
) под
🔧
+- 6.5 млн. руб.
*
стоимость автомобиля,
с учётом таможенных платежей
в размере
2580 тыс.руб.
🔎
👾
66803196
расчёт 20.09.2026г.
💵
86"
3854,https://t.me/AutoWorld_Georgia/3854,2026-09-20T03:03:30+00:00,Грузия,Ford,EcoSport,2021,SE,38000km,"1,0l на 123HP",123.0,,АКПП-6,передний FWD,"""завод""",текстиль,,,,,,,,20.09.2026,https://storage.yandexcloud.net/viiversion-auto-sale-media/cars/autoworld-3854/main-1790352742520-main-1-a56a6541.jpg | https://storage.yandexcloud.net/viiversion-auto-sale-media/cars/autoworld-3854/other-1790352743124-other-2-b31c549d.jpg | https://storage.yandexcloud.net/viiversion-auto-sale-media/cars/autoworld-3854/other-1790352743656-other-3-d8fc724f.jpg | https://storage.yandexcloud.net/viiversion-auto-sale-media/cars/autoworld-3854/other-1790352744245-other-4-5868811f.jpg | https://storage.yandexcloud.net/viiversion-auto-sale-media/cars/autoworld-3854/other-1790352744764-other-5-3a1957ce.jpg | https://storage.yandexcloud.net/viiversion-auto-sale-media/cars/autoworld-3854/other-1790352745343-other-6-21901844.jpg | https://storage.yandexcloud.net/viiversion-auto-sale-media/cars/autoworld-3854/other-1790352745877-other-7-bdd03283.jpg | https://storage.yandexcloud.net/viiversion-auto-sale-media/cars/autoworld-3854/other-1790352746272-other-8-24581d1c.jpg,"🤩
🤩
🤩
🤩
🤩
🤩
до
1⃣
6⃣
🤩
🌟
Ford EcoSport 12/2021г.
🚗
✨
1️⃣
🤩
3️⃣
8️⃣
🔤
🔤
🔤
*
🔹
комплектация SE
🔹
Пробег:  38000km
👍
🔹
Двигатель: 1,0l на 123HP
🐎
💨
🔹
Коробка: АКПП-6
🔹
Привод:  передний FWD
🔹
Безопасность ""завод""
🔹
Салон текстиль
🛋
🔎
1709AF1402
расчёт 20.09.2026г.
💵
86"
3864,https://t.me/AutoWorld_Georgia/3864,2026-09-20T03:49:10+00:00,США,Hyundai,Elantra,2023,Sel,🔺,2.0L на 147HP,147.0,,CVT,передний FWD,"""",текстиль,"""слева сзади""",KMHLS4DG3RU675655,21.09.2026,,2000000,,65889076,20.09.2026,https://storage.yandexcloud.net/viiversion-auto-sale-media/cars/autoworld-3864/main-1790352747025-main-1-2e3d7dcb.jpg | https://storage.yandexcloud.net/viiversion-auto-sale-media/cars/autoworld-3864/other-1790352747593-other-2-83afcffa.jpg | https://storage.yandexcloud.net/viiversion-auto-sale-media/cars/autoworld-3864/other-1790352748224-other-3-66c10e44.jpg | https://storage.yandexcloud.net/viiversion-auto-sale-media/cars/autoworld-3864/other-1790352748788-other-4-272a9a05.jpg | https://storage.yandexcloud.net/viiversion-auto-sale-media/cars/autoworld-3864/other-1790352749350-other-5-14e8df8b.jpg | https://storage.yandexcloud.net/viiversion-auto-sale-media/cars/autoworld-3864/other-1790352749924-other-6-ce243314.jpg | https://storage.yandexcloud.net/viiversion-auto-sale-media/cars/autoworld-3864/other-1790352750382-other-7-a020638d.jpg | https://storage.yandexcloud.net/viiversion-auto-sale-media/cars/autoworld-3864/other-1790352750856-other-8-2899b885.jpg | https://storage.yandexcloud.net/viiversion-auto-sale-media/cars/autoworld-3864/other-1790352751331-other-9-be45dffb.jpg | https://storage.yandexcloud.net/viiversion-auto-sale-media/cars/autoworld-3864/other-1790352751665-other-10-7ede7c0e.jpg,"👤
👤
👤
👤
👤
👤
👤
на 21.09
🌟
Hyundai Elantra 10/23г.
✨
1️⃣
🤩
8️⃣
8️⃣
🔤
🔤
🔤
*
🔹
комплектация
Sel
🔹
Пробег:
🔺
23600ml
👍
🔹
Двигатель:
2.0L на 147HP
🐎
💨
🔹
Коробка
: CVT
🔹
Привод:
передний FWD
🔹
Безопасность: ""
завод
""
🛡
🔹
Салон текстиль
🛋
🔹
Повреждения ""слева сзади""
📜
История автомобиля
👇
KMHLS4DG3RU675655
⚖️
🛎
Торги 21.09.2026г.
+- 6000
😀
(расчетная ставка)
Цена
в России (
с ремонтом
) под
🔧
+- 2.0 млн. руб.
*
стоимость автомобиля,
с учётом таможенных платежей
в размере
550 тыс.руб.
🔎
👾
65889076
расчёт 20.09.2026г.
💵
86"
3874,https://t.me/AutoWorld_Georgia/3874,2026-09-20T05:59:54+00:00,США,KIA,Niro,2025,EX,🔺,Hybrid 1.6L на 139HP,139.0,4л/100км,РКПП-6,передний FWD,"""",комбинированный,"""незначительные""",KNDCR3LE8T5318628,23.09.2026,,2750000,,45383899,20.09.2026,https://storage.yandexcloud.net/viiversion-auto-sale-media/cars/autoworld-3874/main-1790352751988-main-1-a1b8cb2f.jpg | https://storage.yandexcloud.net/viiversion-auto-sale-media/cars/autoworld-3874/other-1790352752385-other-2-17113685.jpg | https://storage.yandexcloud.net/viiversion-auto-sale-media/cars/autoworld-3874/other-1790352752784-other-3-596b89e3.jpg | https://storage.yandexcloud.net/viiversion-auto-sale-media/cars/autoworld-3874/other-1790352753311-other-4-939cc9d2.jpg | https://storage.yandexcloud.net/viiversion-auto-sale-media/cars/autoworld-3874/other-1790352753704-other-5-cf0c221d.jpg | https://storage.yandexcloud.net/viiversion-auto-sale-media/cars/autoworld-3874/other-1790352754113-other-6-1ed5a46e.jpg | https://storage.yandexcloud.net/viiversion-auto-sale-media/cars/autoworld-3874/other-1790352754712-other-7-af102f52.jpg | https://storage.yandexcloud.net/viiversion-auto-sale-media/cars/autoworld-3874/other-1790352755301-other-8-d85cc4f6.jpg | https://storage.yandexcloud.net/viiversion-auto-sale-media/cars/autoworld-3874/other-1790352755845-other-9-cd27d2a7.jpg | https://storage.yandexcloud.net/viiversion-auto-sale-media/cars/autoworld-3874/other-1790352756236-other-10-36e0bdeb.jpg,"👤
👤
👤
👤
👤
👤
👤
на 23.09
🌟
KIA Niro 07/25г.
✨
2️⃣
🤩
6️⃣
6️⃣
🔤
🔤
🔤
*
🔹
комплектация
EX
🔹
Пробег:
🔺
15300ml
👍
🔹
Двигатель:
Hybrid 1.6L на 139HP
🐎
💨
🔹
Расход: 4л/100км
❗️
🔹
Коробка
: РКПП-6
🔹
Привод:
передний FWD
🔹
Безопасность: ""
завод
""
🛡
🔹
Салон комбинированный
🛋
🔹
Повреждения ""незначительные""
📜
История автомобиля
👇
KNDCR3LE8T5318628
⚖️
🛎
Торги 23.09.2026г.
+- 11500
😀
(расчетная ставка)
Цена
в России (
с ремонтом
) под
🔧
+- 2.75 млн. руб.
*
стоимость автомобиля,
с учётом таможенных платежей
в размере
650 тыс.руб.
🔎
👹
45383899
расчёт 20.09.2026г.
💵
86"
3893,https://t.me/AutoWorld_Georgia/3893,2026-09-24T02:32:40+00:00,Грузия,Toyota,Prius 2020–2021,2021,,,,,,,,,,,,,,,,,24.09.2026,https://storage.yandexcloud.net/viiversion-auto-sale-media/cars/autoworld-3893/main-1790272359290-main-1-ba0269b7.jpg | https://storage.yandexcloud.net/viiversion-auto-sale-media/cars/autoworld-3893/other-1790272361134-other-3-d3427fad.jpg | https://storage.yandexcloud.net/viiversion-auto-sale-media/cars/autoworld-3893/other-1790272362888-other-4-43414487.jpg | https://storage.yandexcloud.net/viiversion-auto-sale-media/cars/autoworld-3893/other-1790272364802-other-5-8806a5f1.jpg | https://storage.yandexcloud.net/viiversion-auto-sale-media/cars/autoworld-3893/other-1790272366610-other-6-7e8e03de.jpg | https://storage.yandexcloud.net/viiversion-auto-sale-media/cars/autoworld-3893/other-1790272368338-other-7-d6def45c.jpg | https://storage.yandexcloud.net/viiversion-auto-sale-media/cars/autoworld-3893/other-1790272369950-other-8-1668cd75.jpg | https://storage.yandexcloud.net/viiversion-auto-sale-media/cars/autoworld-3893/other-1790272370432-other-9-771f01c4.jpg,"🤩
🤩
🤩
🤩
🤩
🤩
до
1⃣
6⃣
🤩
🌟
Toyota Prius 20 - 21г.
🚗
✨
2️⃣
🤩
1️⃣
🔤
🔤
🔤
📜
История автомобиля
👇
JTDKAMFUXN3160058
JTDKARFU8L3123522
JTDL9MFU3M3027380
🔎
2209WAGG1703
расчёт 24.09.2026г.
💵
86"
3902,https://t.me/AutoWorld_Georgia/3902,2026-09-24T03:00:14+00:00,США,Nissan,Kicks,2024,SR,🔺,2.0L на 141HP,141.0,,CVT,полный AWD,"""",комбинированный,"""сзади""",3N8AP6DB4SL320575,24.09.2026,,2700000,,67145726,24.09.2026,https://storage.yandexcloud.net/viiversion-auto-sale-media/cars/autoworld-3902/main-1790272158806-main-1-ed24aba3.jpg | https://storage.yandexcloud.net/viiversion-auto-sale-media/cars/autoworld-3902/other-1790272159633-other-2-552f2725.jpg | https://storage.yandexcloud.net/viiversion-auto-sale-media/cars/autoworld-3902/other-1790272160396-other-3-dee3184c.jpg | https://storage.yandexcloud.net/viiversion-auto-sale-media/cars/autoworld-3902/other-1790272161079-other-4-d7bf8840.jpg | https://storage.yandexcloud.net/viiversion-auto-sale-media/cars/autoworld-3902/other-1790272161755-other-5-74b7a86d.jpg | https://storage.yandexcloud.net/viiversion-auto-sale-media/cars/autoworld-3902/other-1790272162426-other-6-685856f6.jpg | https://storage.yandexcloud.net/viiversion-auto-sale-media/cars/autoworld-3902/other-1790272163043-other-7-b9ea8998.jpg | https://storage.yandexcloud.net/viiversion-auto-sale-media/cars/autoworld-3902/other-1790272163687-other-8-a38a3ece.jpg | https://storage.yandexcloud.net/viiversion-auto-sale-media/cars/autoworld-3902/other-1790272164249-other-9-8523ebf7.jpg | https://storage.yandexcloud.net/viiversion-auto-sale-media/cars/autoworld-3902/other-1790272164878-other-10-019faf0d.jpg,"👤
👤
👤
👤
👤
👤
👤
на 24.09
🌟
Nissan Kicks 09/24г.
✨
2️⃣
🤩
4️⃣
9️⃣
🔤
🔤
🔤
*
🔹
комплектация
SR
🔹
Пробег:
🔺
12200ml
👍
🔹
Двигатель:
2.0L на 141HP
🐎
💨
🔹
Коробка
: CVT
🔹
Привод:
полный AWD
🔹
Безопасность: ""
завод
""
🛡
🔹
Салон комбинированный
🛋
🔹
Повреждения ""сзади""
📜
История автомобиля
👇
3N8AP6DB4SL320575
⚖️
🛎
Торги 24.09.2026г.
+- 9500
😀
(расчетная ставка)
Цена
в России (
с ремонтом
) под
🔧
+- 2.7 млн. руб.
*
стоимость автомобиля,
с учётом таможенных платежей
в размере
690 тыс.руб.
🔎
👾
67145726
расчёт 24.09.2026г.
💵
86"
3912,https://t.me/AutoWorld_Georgia/3912,2026-09-24T03:37:01+00:00,США,Nissan,Kicks,2024,SV,🔺,2.0L на 141HP,141.0,,CVT,передний FWD,"""",текстиль,"""сзади""",3N8AP6CA7SL344619,29.09.2026,,2550000,,65655946,24.09.2026,https://storage.yandexcloud.net/viiversion-auto-sale-media/cars/autoworld-3912/main-1790272165539-main-1-e42258a2.jpg | https://storage.yandexcloud.net/viiversion-auto-sale-media/cars/autoworld-3912/other-1790272166195-other-2-c9935c9d.jpg | https://storage.yandexcloud.net/viiversion-auto-sale-media/cars/autoworld-3912/other-1790272166847-other-3-1f61a1f2.jpg | https://storage.yandexcloud.net/viiversion-auto-sale-media/cars/autoworld-3912/other-1790272167495-other-4-5f2bc8a2.jpg | https://storage.yandexcloud.net/viiversion-auto-sale-media/cars/autoworld-3912/other-1790272168021-other-5-61392545.jpg | https://storage.yandexcloud.net/viiversion-auto-sale-media/cars/autoworld-3912/other-1790272168623-other-6-30c827ee.jpg | https://storage.yandexcloud.net/viiversion-auto-sale-media/cars/autoworld-3912/other-1790272169253-other-7-9cb52947.jpg | https://storage.yandexcloud.net/viiversion-auto-sale-media/cars/autoworld-3912/other-1790272169832-other-8-46675bf3.jpg | https://storage.yandexcloud.net/viiversion-auto-sale-media/cars/autoworld-3912/other-1790272170455-other-9-b49cb630.jpg | https://storage.yandexcloud.net/viiversion-auto-sale-media/cars/autoworld-3912/other-1790272170965-other-10-2de4f33c.jpg,"👤
👤
👤
👤
👤
👤
👤
на 29.09
🌟
Nissan Kicks 11/24г.
✨
2️⃣
🤩
3️⃣
8️⃣
🔤
🔤
🔤
*
🔹
комплектация
SV
🔹
Пробег:
🔺
21900ml
👍
🔹
Двигатель:
2.0L на 141HP
🐎
💨
🔹
Коробка
: CVT
🔹
Привод:
передний FWD
🔹
Безопасность: ""
завод
""
🛡
🔹
Салон текстиль
🛋
🔹
Повреждения ""сзади""
📜
История автомобиля
👇
3N8AP6CA7SL344619
⚖️
🛎
Торги 29.09.2026г.
+- 9000
😀
(расчетная ставка)
Цена
в России (
с ремонтом
) под
🔧
+- 2.55 млн. руб.
*
стоимость автомобиля,
с учётом таможенных платежей
в размере
690 тыс.руб.
🔎
👾
65655946
расчёт 24.09.2026г.
💵
86"
3922,https://t.me/AutoWorld_Georgia/3922,2026-09-24T03:58:05+00:00,США,Nissan,Kicks,2025,SV,🔺,2.0L на 141HP,141.0,,CVT,полный AWD,"""",текстиль,"""справа""",3N8AP6CB4TL314651,30.09.2026,,2900000,,45438903,24.09.2026,https://storage.yandexcloud.net/viiversion-auto-sale-media/cars/autoworld-3922/main-1790272138113-main-1-422480ae.jpg | https://storage.yandexcloud.net/viiversion-auto-sale-media/cars/autoworld-3922/other-1790272138901-other-2-6fda1aba.jpg | https://storage.yandexcloud.net/viiversion-auto-sale-media/cars/autoworld-3922/other-1790272139585-other-3-ea6851f6.jpg | https://storage.yandexcloud.net/viiversion-auto-sale-media/cars/autoworld-3922/other-1790272140301-other-4-d5b45c84.jpg | https://storage.yandexcloud.net/viiversion-auto-sale-media/cars/autoworld-3922/other-1790272140837-other-5-2bcfc7a5.jpg | https://storage.yandexcloud.net/viiversion-auto-sale-media/cars/autoworld-3922/other-1790272141357-other-6-1a5b688c.jpg | https://storage.yandexcloud.net/viiversion-auto-sale-media/cars/autoworld-3922/other-1790272142045-other-7-c116fc44.jpg | https://storage.yandexcloud.net/viiversion-auto-sale-media/cars/autoworld-3922/other-1790272142789-other-8-4e99ddd6.jpg | https://storage.yandexcloud.net/viiversion-auto-sale-media/cars/autoworld-3922/other-1790272143457-other-9-8ea4d0d3.jpg | https://storage.yandexcloud.net/viiversion-auto-sale-media/cars/autoworld-3922/other-1790272143868-other-10-bdaf6a16.jpg,"👤
👤
👤
👤
👤
👤
👤
на 30.09
🌟
Nissan Kicks 08/25г.
✨
2️⃣
🤩
6️⃣
9️⃣
🔤
🔤
🔤
*
🔹
комплектация
SV
🔹
Пробег:
🔺
4100ml
👍
🔹
Двигатель:
2.0L на 141HP
🐎
💨
🔹
Коробка
: CVT
🔹
Привод:
полный AWD
🔹
Безопасность: ""
завод
""
🛡
🔹
Салон текстиль
🛋
🔹
Повреждения ""справа""
📜
История автомобиля
👇
3N8AP6CB4TL314651
⚖️
🛎
Торги 30.09.2026г.
+- 12500
😀
(расчетная ставка)
Цена
в России (
с ремонтом
) под
🔧
+- 2.9 млн. руб.
*
стоимость автомобиля,
с учётом таможенных платежей
в размере
690 тыс.руб.
🔎
👹
45438903
расчёт 24.09.2026г.
💵
86"
3931,https://t.me/AutoWorld_Georgia/3931,2026-09-24T04:21:29+00:00,США,Mercedes-Benz,GLC,2025,AMG 43 Coupe,🔺,2.0L на 416HP,416.0,,9G-TRONIC,полный 4Matic,"""",кожа,"""сзади""",W1NKJ8HB4SF376011,24.09.2026,,8850000,,66121476,24.09.2026,https://storage.yandexcloud.net/viiversion-auto-sale-media/cars/autoworld-3931/main-1790272144792-main-1-e17ffa75.jpg | https://storage.yandexcloud.net/viiversion-auto-sale-media/cars/autoworld-3931/other-1790272145616-other-2-4561c6cd.jpg | https://storage.yandexcloud.net/viiversion-auto-sale-media/cars/autoworld-3931/other-1790272146224-other-3-d3bfdce7.jpg | https://storage.yandexcloud.net/viiversion-auto-sale-media/cars/autoworld-3931/other-1790272146898-other-4-8a410808.jpg | https://storage.yandexcloud.net/viiversion-auto-sale-media/cars/autoworld-3931/other-1790272147545-other-5-b3356bc5.jpg | https://storage.yandexcloud.net/viiversion-auto-sale-media/cars/autoworld-3931/other-1790272148177-other-6-6163ddc4.jpg | https://storage.yandexcloud.net/viiversion-auto-sale-media/cars/autoworld-3931/other-1790272148727-other-7-9600df2e.jpg | https://storage.yandexcloud.net/viiversion-auto-sale-media/cars/autoworld-3931/other-1790272149377-other-8-5995ac8c.jpg | https://storage.yandexcloud.net/viiversion-auto-sale-media/cars/autoworld-3931/other-1790272149766-other-9-52e5f81f.jpg | https://storage.yandexcloud.net/viiversion-auto-sale-media/cars/autoworld-3931/other-1790272150401-other-10-2083e036.jpg,"👤
👤
👤
👤
👤
👤
👤
на 24.09
🌟
Mercedes-Benz GLC 03/25г.
✨
8️⃣
🤩
6️⃣
1️⃣
🔤
🔤
🔤
*
🔹
комплектация
AMG 43 Coupe
🔹
Пробег:
🔺
7800ml
👍
🔹
Двигатель:
2.0L на 416HP
🐎
💨
🔹
Коробка
: 9G-TRONIC
🔹
Привод:
полный 4Matic
🔹
Безопасность: ""
завод
""
🛡
🔹
Салон кожа
🛋
🔹
Повреждения ""сзади""
📜
История автомобиля
👇
W1NKJ8HB4SF376011
⚖️
🛎
Торги 24.09.2026г.
+- 40000
😀
(расчетная ставка)
Цена
в России (
с ремонтом
) под
🔧
~ 8.85 млн. руб.
*
стоимость автомобиля,
с учётом таможенных платежей
в размере
4000 тыс.руб.
🔎
👾
66121476
расчёт 24.09.2026г.
💵
86"
3941,https://t.me/AutoWorld_Georgia/3941,2026-09-24T04:58:42+00:00,Грузия,Chevrolet,Trax,2023,1RS,15500ml,"1,2l на 139HP",139.0,,АКПП-6,передний,"""85% завод""",текстиль,,KL77LGE22RC117273,,,,,,24.09.2026,https://storage.yandexcloud.net/viiversion-auto-sale-media/cars/autoworld-3941/main-1790272151168-main-1-c79d40b9.jpg | https://storage.yandexcloud.net/viiversion-auto-sale-media/cars/autoworld-3941/other-1790272151900-other-2-ab1bfab0.jpg | https://storage.yandexcloud.net/viiversion-auto-sale-media/cars/autoworld-3941/other-1790272152640-other-3-2d4232ea.jpg | https://storage.yandexcloud.net/viiversion-auto-sale-media/cars/autoworld-3941/other-1790272153393-other-4-7bcde111.jpg | https://storage.yandexcloud.net/viiversion-auto-sale-media/cars/autoworld-3941/other-1790272154081-other-5-d49dbd63.jpg | https://storage.yandexcloud.net/viiversion-auto-sale-media/cars/autoworld-3941/other-1790272154932-other-6-c3111f64.jpg | https://storage.yandexcloud.net/viiversion-auto-sale-media/cars/autoworld-3941/other-1790272155625-other-7-5a95f69f.jpg | https://storage.yandexcloud.net/viiversion-auto-sale-media/cars/autoworld-3941/other-1790272156304-other-8-a3d4c850.jpg | https://storage.yandexcloud.net/viiversion-auto-sale-media/cars/autoworld-3941/other-1790272156931-other-9-2f6f6878.jpg | https://storage.yandexcloud.net/viiversion-auto-sale-media/cars/autoworld-3941/other-1790272157336-other-10-e7583a80.jpg,"🤩
🤩
🤩
🤩
🤩
🤩
до
1⃣
6⃣
🤩
🌟
Chevrolet Trax 08/2023г.
🚗
✨
2️⃣
🤩
🔤
6️⃣
🔤
🔤
🔤
🔹
комплектация
1RS
🔹
Пробег:
15500ml
👍
🔹
Двигатель:
1,2l на 139HP
🐎
💨
🔹
Коробка:
АКПП-6
🔹
Привод:  передний
FWD
🔹
Безопасность ""85% завод""
🔹
Салон текстиль
🛋
📜
История автомобиля
👇
KL77LGE22RC117273
🔎
2109АМГ0956
расчёт 24.09.2026г.
💵
86"
3950,https://t.me/AutoWorld_Georgia/3950,2026-09-24T05:11:38+00:00,Грузия,Chevrolet,Trax,2023,LS,37800ml,"1,2l на 139HP",139.0,,АКПП-6,передний,"""85% завод""",текстиль,,KL77LFE24RC062593,,,,,,24.09.2026,https://storage.yandexcloud.net/viiversion-auto-sale-media/cars/autoworld-3950/main-1790272122448-main-1-29c859dd.jpg | https://storage.yandexcloud.net/viiversion-auto-sale-media/cars/autoworld-3950/other-1790272123708-other-2-249d23a4.jpg | https://storage.yandexcloud.net/viiversion-auto-sale-media/cars/autoworld-3950/other-1790272124583-other-3-757964b3.jpg | https://storage.yandexcloud.net/viiversion-auto-sale-media/cars/autoworld-3950/other-1790272125267-other-4-f85d8946.jpg | https://storage.yandexcloud.net/viiversion-auto-sale-media/cars/autoworld-3950/other-1790272125934-other-5-54c6784b.jpg | https://storage.yandexcloud.net/viiversion-auto-sale-media/cars/autoworld-3950/other-1790272126666-other-6-3041b698.jpg | https://storage.yandexcloud.net/viiversion-auto-sale-media/cars/autoworld-3950/other-1790272127289-other-7-bdd449a8.jpg | https://storage.yandexcloud.net/viiversion-auto-sale-media/cars/autoworld-3950/other-1790272128004-other-8-be00362f.jpg | https://storage.yandexcloud.net/viiversion-auto-sale-media/cars/autoworld-3950/other-1790272128665-other-9-162e53e9.jpg | https://storage.yandexcloud.net/viiversion-auto-sale-media/cars/autoworld-3950/other-1790272129331-other-10-b62543c7.jpg,"🤩
🤩
🤩
🤩
🤩
🤩
до
1⃣
6⃣
🤩
🌟
Chevrolet Trax 06/2023г.
🚗
✨
1️⃣
🤩
8️⃣
8️⃣
🔤
🔤
🔤
🔹
комплектация
LS
🔹
Пробег:
37800ml
👍
🔹
Двигатель:
1,2l на 139HP
🐎
💨
🔹
Коробка:
АКПП-6
🔹
Привод:  передний
FWD
🔹
Безопасность ""85% завод""
🔹
Салон текстиль
🛋
📜
История автомобиля
👇
KL77LFE24RC062593
🔎
2109АМГ0958
расчёт 24.09.2026г.
💵
86"
3960,https://t.me/AutoWorld_Georgia/3960,2026-09-24T05:38:32+00:00,Грузия,Chevrolet,Trailblazer,2023,LT,39000ml,"1,3l на 155HP",155.0,,CVT,передний,"""завод""",текстиль,,KL79MPS29PB187916,,,,,,24.09.2026,https://storage.yandexcloud.net/viiversion-auto-sale-media/cars/autoworld-3960/main-1790272130009-main-1-e5cf77b8.jpg | https://storage.yandexcloud.net/viiversion-auto-sale-media/cars/autoworld-3960/other-1790272130705-other-2-2935a5f5.jpg | https://storage.yandexcloud.net/viiversion-auto-sale-media/cars/autoworld-3960/other-1790272131388-other-3-56d80075.jpg | https://storage.yandexcloud.net/viiversion-auto-sale-media/cars/autoworld-3960/other-1790272132082-other-4-0335c52f.jpg | https://storage.yandexcloud.net/viiversion-auto-sale-media/cars/autoworld-3960/other-1790272132694-other-5-05dc65f1.jpg | https://storage.yandexcloud.net/viiversion-auto-sale-media/cars/autoworld-3960/other-1790272133359-other-6-d615b2d9.jpg | https://storage.yandexcloud.net/viiversion-auto-sale-media/cars/autoworld-3960/other-1790272133984-other-7-05908297.jpg | https://storage.yandexcloud.net/viiversion-auto-sale-media/cars/autoworld-3960/other-1790272134552-other-8-e618dcb6.jpg | https://storage.yandexcloud.net/viiversion-auto-sale-media/cars/autoworld-3960/other-1790272135233-other-9-19ea584e.jpg | https://storage.yandexcloud.net/viiversion-auto-sale-media/cars/autoworld-3960/other-1790272136716-other-10-44b8d899.jpg,"🤩
🤩
🤩
🤩
🤩
🤩
до
1⃣
6⃣
🤩
🌟
Chevrolet Trailblazer 05/23г.
🚗
✨
1️⃣
🤩
7️⃣
7️⃣
🔤
🔤
🔤
🔹
комплектация
LT
🔹
Пробег:
39000ml
👍
🔹
Двигатель:
1,3l на 155HP
🐎
💨
🔹
Коробка:
CVT
🔹
Привод:  передний
FWD
🔹
Безопасность ""завод""
🔹
Салон текстиль
🛋
📜
История автомобиля
👇
KL79MPS29PB187916
🔎
2309АМГ1547
расчёт 24.09.2026г.
💵
86"
3969,https://t.me/AutoWorld_Georgia/3969,2026-09-24T11:33:07+00:00,США,на,,2010,BASE,🔺,2.0L на 152HP,152.0,,CVT,полный AWD,"""",текстиль,"""сзади справа""",JF2GUABC1S8228692,01.10.2026,,2550000,,62884096,24.09.2026,https://storage.yandexcloud.net/viiversion-auto-sale-media/cars/autoworld-3969/main-1790271791614-main-1-0ecd666d.jpg | https://storage.yandexcloud.net/viiversion-auto-sale-media/cars/autoworld-3969/other-1790271793264-other-2-e33b2da7.jpg | https://storage.yandexcloud.net/viiversion-auto-sale-media/cars/autoworld-3969/other-1790271794250-other-3-3fbd595d.jpg | https://storage.yandexcloud.net/viiversion-auto-sale-media/cars/autoworld-3969/other-1790271795114-other-4-73e9a892.jpg | https://storage.yandexcloud.net/viiversion-auto-sale-media/cars/autoworld-3969/other-1790271796179-other-5-ffe0e3a9.jpg | https://storage.yandexcloud.net/viiversion-auto-sale-media/cars/autoworld-3969/other-1790271797159-other-6-fff46878.jpg | https://storage.yandexcloud.net/viiversion-auto-sale-media/cars/autoworld-3969/other-1790271797950-other-7-c04dde81.jpg | https://storage.yandexcloud.net/viiversion-auto-sale-media/cars/autoworld-3969/other-1790271798771-other-8-10e1af45.jpg | https://storage.yandexcloud.net/viiversion-auto-sale-media/cars/autoworld-3969/other-1790271799266-other-9-15171dc2.jpg | https://storage.yandexcloud.net/viiversion-auto-sale-media/cars/autoworld-3969/other-1790271799906-other-10-b1c86cb3.jpg,"👤
👤
👤
👤
👤
👤
👤
на 01.10
🌟
Subaru Crosstrek 12/24г.
✨
2️⃣
🤩
3️⃣
7️⃣
🔤
🔤
🔤
*
🔹
комплектация
BASE
🔹
Пробег:
🔺
19100ml
👍
🔹
Двигатель:
2.0L на 152HP
🐎
💨
🔹
Коробка
: CVT
🔹
Привод:
полный AWD
🔹
Безопасность: ""
завод
""
🛡
🔹
Салон текстиль
🛋
🔹
Повреждения ""сзади справа""
📜
История автомобиля
👇
JF2GUABC1S8228692
⚖️
🛎
Торги 01.10.2026г.
+- 9000
💵
(расчетная ставка)
Цена
в России (
с ремонтом
) под
🔧
~ 2.55 млн. руб.
*
стоимость автомобиля,
с учётом таможенных платежей
в размере
690 тыс.руб.
🔎
👾
62884096
расчёт 24.09.2026г.
💵
86"
3980,https://t.me/AutoWorld_Georgia/3980,2026-09-25T12:43:54+00:00,Грузия,Buick,Encore,2022,Preferred,31200ml,"1,4l на 155HP",155.0,,АКПП-6,полный,"""90% завод""",кожа,,KL4CJASMXNB525640,,,1550000,,,25.09.2026,https://storage.yandexcloud.net/viiversion-auto-sale-media/cars/autoworld-3980/main-1790352756888-main-1-29675255.jpg | https://storage.yandexcloud.net/viiversion-auto-sale-media/cars/autoworld-3980/other-1790352757431-other-2-07c5b397.jpg | https://storage.yandexcloud.net/viiversion-auto-sale-media/cars/autoworld-3980/other-1790352757946-other-3-c8d5a912.jpg | https://storage.yandexcloud.net/viiversion-auto-sale-media/cars/autoworld-3980/other-1790352758451-other-4-26ae16ac.jpg | https://storage.yandexcloud.net/viiversion-auto-sale-media/cars/autoworld-3980/other-1790352758789-other-5-e0ea0bdd.jpg | https://storage.yandexcloud.net/viiversion-auto-sale-media/cars/autoworld-3980/other-1790352759230-other-6-1529df9b.jpg | https://storage.yandexcloud.net/viiversion-auto-sale-media/cars/autoworld-3980/other-1790352759573-other-7-83d230e7.jpg | https://storage.yandexcloud.net/viiversion-auto-sale-media/cars/autoworld-3980/other-1790352760155-other-8-28abdd43.jpg | https://storage.yandexcloud.net/viiversion-auto-sale-media/cars/autoworld-3980/other-1790352760678-other-9-153b96c1.jpg | https://storage.yandexcloud.net/viiversion-auto-sale-media/cars/autoworld-3980/other-1790352761018-other-10-08e3d39d.jpg,"🤩
🤩
🤩
🤩
🤩
🤩
до
1⃣
6⃣
🤩
🌟
Buick Encore 02/2022г.
🚗
✨
❗️
1,55 МЛН.РУБ
1️⃣
🤩
4️⃣
8️⃣
🔤
🔤
🔤
🔹
комплектация
Preferred
🔹
Пробег:
31200ml
👍
🔹
Двигатель:
1,4l на 155HP
🐎
💨
🔹
Коробка:
АКПП-6
🔹
Привод:  полный
AWD
🔹
Безопасность ""90% завод""
🔹
Салон кожа
🛋
📜
История автомобиля
👇
KL4CJASMXNB525640
🔎
1309МРГ2054
расчёт 25.09.2026г.
💵
86"
3990,https://t.me/AutoWorld_Georgia/3990,2026-09-25T12:58:26+00:00,Грузия,Nissan,Kicks,2023,Sv Xtronic,59000км,"1,6l на 122HP",122.0,,CVT,передний FWD,""" 90% завод""",текстиль,,3N1CP5CV9PL499300,,,1870000,,,25.09.2026,,"🤩
🤩
🤩
🤩
🤩
🤩
до
1⃣
6⃣
🤩
🌟
Nissan Kicks 01/23г.
🚗
✨
❗️
1,87 МЛН.РУБ
1️⃣
🤩
7️⃣
2️⃣
🔤
🔤
🔤
🔹
комплектация Sv Xtronic
🔹
Пробег:  59000км
👍
🔹
Двигатель: 1,6l на 122HP
🐎
💨
🔹
Коробка: CVT
🔹
Привод: передний FWD
🔹
Безопасность "" 90% завод""
🔹
Салон текстиль
🛋
📜
История автомобиля
👇
3N1CP5CV9PL499300
🔎
2408МРГ2054
расчёт 25.09.2026г.
💵
86"
4000,https://t.me/AutoWorld_Georgia/4000,2026-09-25T13:11:07+00:00,Грузия,Chevrolet,Trax,2023,1RS,44500ml,"1,2l на 139HP",139.0,,АКПП-6,передний,"""завод""",текстиль,,KL77LGE22RC035835,,,1970000,,,25.09.2026,,"🤩
🤩
🤩
🤩
🤩
🤩
до
1⃣
6⃣
🤩
🌟
Chevrolet Trax 03/2023г.
🚗
✨
❗️
1,97 МЛН.РУБ
1️⃣
🤩
9️⃣
1️⃣
🔤
🔤
🔤
🔹
комплектация
1RS
🔹
Пробег:
44500ml
👍
🔹
Двигатель:
1,2l на 139HP
🐎
💨
🔹
Коробка:
АКПП-6
🔹
Привод:  передний
FWD
🔹
Безопасность ""завод""
🔹
Салон текстиль
🛋
📜
История автомобиля
👇
KL77LGE22RC035835
🔎
2509МРГ0854
расчёт 25.09.2026г.
💵
86"
